,Perek (ref),Daf,Line,Comment,Text
0,האשה,61,5,1,ואם ניסת לא תצא - דיעבד אין לכתחלה לא ובפרק האשה שנתארמלה פרכינן מכדי תרי ותרי נינהו הבא עליה באשם תלוי קאי ומשני אמר רב ששת כגון שניסת לאחד מעדיה ותו פרכינן היא גופה באשם תלוי קיימא ומשני באומרת ברי לי שמת בעלי:
1,האשה,61,5,1,ואם ניסת לא תצא - דיעבד אין לכתחלה לא ובפרק האשה שנתארמלה פרכינן מכדי תרי ותרי נינהו הבא עליה באשם תלוי קאי ומשני אמר רב ששת כגון שניסת לאחד מעדיה ותו פרכינן היא גופה באשם תלוי קיימא ומשני באומרת ברי לי שמת בעלי:
2,האשה שנתארמלה,61,5,1,ואם ניסת לא תצא - דיעבד אין לכתחלה לא ובפרק האשה שנתארמלה פרכינן מכדי תרי ותרי נינהו הבא עליה באשם תלוי קאי ומשני אמר רב ששת כגון שניסת לאחד מעדיה ותו פרכינן היא גופה באשם תלוי קיימא ומשני באומרת ברי לי שמת בעלי:
3,האשה,61,5,1,ואם ניסת לא תצא - דיעבד אין לכתחלה לא ובפרק האשה שנתארמלה פרכינן מכדי תרי ותרי נינהו הבא עליה באשם תלוי קאי ומשני אמר רב ששת כגון שניסת לאחד מעדיה ותו פרכינן היא גופה באשם תלוי קיימא ומשני באומרת ברי לי שמת בעלי:
4,מי שמת,64,2,0,"אמר ליה - אביי הא דחשבת בדעתך דאי בעינא טענינא לקוחה היא בידי כיון דידיעא מילתא דבמשכנתא איתנחית בה לא מצית למיטען לקוחה היא בידי דהא איכא קלא ועדות דארעא דיתמי היא דהשתא שלימו שני משכונתא וכיון דידעת דאית קלא עלך דארעא דא משכנתא היא גבך ולא לקוחה אין לך מחאה גדולה מזו והיה לך להזהר בשטרך הלכך זיל הדר ארעא ליתמי השתא וכי גדלי יתמי שיהו בני מיעבד מצוה דהיינו מבן שלש עשרה שנה ואילך דהוי חייב במצות אשתעי דינא בהדייהו על שטר חובך שיש לך על אביהם תשבע ותיטול כדין הבא ליפרע מנכסי היתומים דכל זמן שהם קטנים אין יורדין לנכסיהם לגבות מהן כדאמרינן בערכין בפרק שום היתומים (ערכין דף כב.) אין נזקקין לנכסי יתומים אא""כ רבית אוכלת בהן וכדפסיק התם רבא הלכתא אין נזקקין לנכסי יתומים ואם אמר תנו נותנין הלכך ממתינין להם עד דגדלי דהיינו מבן י""ג שנים ואילך כדמוכח התם והא דאמרינן בפ' מי שמת (לקמן בבא בתרא דף קנו.) ולמכור בנכסי אביו עד שיהא בן כ' ה""מ שמוכר לצורך הוצאתו אבל לפרוע חוב אביו בית דין מוכרים מבן י""ג ואילך ואי נמי מלוה על פה היא כי גדלי לישתעי דינא בהדייהו וישבע ויטול כדאמר רב פפא בשמעתא בתרייתא דמכילתין הלכתא מלוה על פה גובה מן היורשין והני מילי שיש עדים שהלוהו וישבע שלא פרעו ויטול:"
5,שום היתומים,64,2,0,"אמר ליה - אביי הא דחשבת בדעתך דאי בעינא טענינא לקוחה היא בידי כיון דידיעא מילתא דבמשכנתא איתנחית בה לא מצית למיטען לקוחה היא בידי דהא איכא קלא ועדות דארעא דיתמי היא דהשתא שלימו שני משכונתא וכיון דידעת דאית קלא עלך דארעא דא משכנתא היא גבך ולא לקוחה אין לך מחאה גדולה מזו והיה לך להזהר בשטרך הלכך זיל הדר ארעא ליתמי השתא וכי גדלי יתמי שיהו בני מיעבד מצוה דהיינו מבן שלש עשרה שנה ואילך דהוי חייב במצות אשתעי דינא בהדייהו על שטר חובך שיש לך על אביהם תשבע ותיטול כדין הבא ליפרע מנכסי היתומים דכל זמן שהם קטנים אין יורדין לנכסיהם לגבות מהן כדאמרינן בערכין בפרק שום היתומים (ערכין דף כב.) אין נזקקין לנכסי יתומים אא""כ רבית אוכלת בהן וכדפסיק התם רבא הלכתא אין נזקקין לנכסי יתומים ואם אמר תנו נותנין הלכך ממתינין להם עד דגדלי דהיינו מבן י""ג שנים ואילך כדמוכח התם והא דאמרינן בפ' מי שמת (לקמן בבא בתרא דף קנו.) ולמכור בנכסי אביו עד שיהא בן כ' ה""מ שמוכר לצורך הוצאתו אבל לפרוע חוב אביו בית דין מוכרים מבן י""ג ואילך ואי נמי מלוה על פה היא כי גדלי לישתעי דינא בהדייהו וישבע ויטול כדאמר רב פפא בשמעתא בתרייתא דמכילתין הלכתא מלוה על פה גובה מן היורשין והני מילי שיש עדים שהלוהו וישבע שלא פרעו ויטול:"
6,כל הנשבעין,66,3,0,"אלא אי דמיא לנסכא דרבי אבא לחד סהדא ולתרתין שנין ולפירי - כגון ראובן דתבעיה לשמעון וא""ל גזלתה לארעאי ואכלת פירותיה שנתים וא""ל שמעון זבנתה ניהלי ולית לשמעון עדי חזקה דדינא הוא לאהדורי ארעא למרה מכיון דלית ליה עדי חזקה ולפירי משתבע דבזביניה אכלתינון דקי""ל הפה שאסר הוא שהתיר ואע""ג דמהדר לה לארעא פירי לא מהדר דהא ליכא סהדי דאכיל הפירות ומיגו דיכול למימר לא אכלי כלל יכול למימר נמי אכלי בזביני ולית ליה עלה אלא שבועה אבל אי איכא סהדי דאכל פירי תרתין שנין מחייבין ליה להדורי אפי' פירי כרב נחמן דאמר הדרא ארעא והדרי פירי ואייתי ראובן חד סהדא דאכל פירי תרתין שנין וכגון שמעיד שלא אכל כי אם ב' שנים דלאו לסיועי לשמעון קאתי אמר שמעון אין אכלי ודידי אכלי שקניתי הקרקע והפירות אפס לא נזהרתי בשטרי הא הוא דאיכא לדמויי לדרבי אבא דאמרינן היכי לידיינו דייני להאי דינא ניחייביה להדורי פירי ליכא תרי סהדי דאכלינהו ואי משום דאודי הא טעין ואמר דידי אכלי וכה""ג ליכא הודאה לחיוביה ניפטריה במיגו הא איכא חד סהדא דאמר דאכלינהו לפירי תרתין שנין ואינו יכול לכפור בדברי העד לישבע לשקר ניחייביה שבועה בעד אחד דאי הוו תרוייהו מחייבי ליה ממונא וכ""מ ששנים מחייבין אותו ממון אחד מחייב אותו שבועה כי אמרי' עד אחד לשבועה אתי היכא דקא כפר במאי דמסהיד סהדא חד הוא דמשתבע דלא היו דברים מעולם אבל הכא הא קא מודי דאכל אלא טוען דידי אכלי הו""ל מחויב שבועה ואינו יכול לישבע ומשלם. כך נראה שיטה זו בעיני ושוב מצאתיה כן בפי' ר""ח ויש לשונות אחרים ואין בהם ממש וקי""ל בהא כרבי אבא מדיליף אביי מינה ואף על גב דפליגי עליה רב ושמואל בפרק כל הנשבעין (שבועות דף מז.) דאמרי חזרה שבועה לסיני והמוציא מחבירו עליו הראיה ותנן נמי התם וכן היתומים מן היתומים לא יפרעו אלא בשבועה ורב ושמואל דאמרי תרוייהו לא שנו אלא שמת מלוה בחיי הלוה אבל מת לוה בחיי מלוה כבר נתחייב מלוה לבני לוה שבועה ואין אדם מוריש שבועה לבניו ממון שהוא מחויב עליו שבועה אלמא הואיל ומחויב שבועה שלא התקבלתי חוב זה ויתומין אין יכולין לישבע כן אלא שלא פקדנו אבא ואין זו שבועה המוטלת על אביהם וגם יתומים של לוה אין יכולין לישבע שפרעו אביהם קא אמרי רב ושמואל שלא יפרע אלמא המחויב שבועה ואינו יכול לישבע לא זה ולא זה סבירא לרב ושמואל חזרה שבועה לסיני ואין כאן לא שבועה ולא פרעון ור""א פליג עלייהו ואמר יורשין נשבעין שבועת יורשים ונוטלין דלא ס""ל לדרב ושמואל ואמרי' התם האי דיינא דעבד כר""א עבד דעבד כרב ושמואל עבד אפ""ה הלכתא כר' אבא ולא כרב ושמואל דאמרינן התם הבו דלא להוסיף עלה עשו תקנה שלא להוסיף על דברי רב ושמואל ללמוד מדין זה דיתומים מן היתומים לשאר דינין ולומר חזרה שבועה לסיני דבדין זה לבדו דיתומים מן היתומים הוא דקי""ל כרב ושמואל בדיעבד משום תקנת יתומים בני לוה דחסינן עלייהו שלא לפרע מהן בלא שבועה מעלייתא אבל בשאר דינין קי""ל כר' אבא דהמחויב שבועה ואינו יכול לישבע משלם וגם ר""ח פסק דהלכתא כרבי אבא:"
7,מי שהיה,69,0,0,"אי דמר לא דמר - לא היתה הקרקע של אידך מעולם וי""מ האי ומאי שנא מהמחליף כו' דאדשמואל פריך דקאמר שודא והכא חזינן יחלוקו ואינה שיטת הגמרא דהא בכתובות בפרק מי שהיה נשוי איתא עיקר מילתייהו דרב ושמואל ופריך התם פירכי אחריני ומהכא לא פריך כל שכן הכא דלמרמי אדרב נחמן נקט לה הכא למילתייהו:"
8,מי שהיה נשוי,69,0,0,"אי דמר לא דמר - לא היתה הקרקע של אידך מעולם וי""מ האי ומאי שנא מהמחליף כו' דאדשמואל פריך דקאמר שודא והכא חזינן יחלוקו ואינה שיטת הגמרא דהא בכתובות בפרק מי שהיה נשוי איתא עיקר מילתייהו דרב ושמואל ופריך התם פירכי אחריני ומהכא לא פריך כל שכן הכא דלמרמי אדרב נחמן נקט לה הכא למילתייהו:"
9,האומר,78,0,1,"ואין צריך לומר כתובו - שטר מודעא כללא דמילתא כל מידי דזכות הוא לו אין העדים צריכין ליטול הימנו רשות והא דלא כייל ותני להו ולימא מחאה ומודעא וקנין בפני ב' ואין צריך לומר כתובו היינו משום דרבא קאמר להו משמיה דר""נ ולאו בחד יומא שמעינהו אלא כל מילתא שמעה באפי נפשיה והדר חברינהו רבא כחדא כסדר כמו ששמען והיינו דכתבינן ביטול מודעי בשטרי מכירה ומתנה דמעתה לא תועיל המודעא כדמוכח בערכין בפרק האומר בסופו (דף כא:) גבי גט דמהני ביטול המודעות והוא הדין לכל השטרות:"
10,האומר,78,0,1,"ואין צריך לומר כתובו - שטר מודעא כללא דמילתא כל מידי דזכות הוא לו אין העדים צריכין ליטול הימנו רשות והא דלא כייל ותני להו ולימא מחאה ומודעא וקנין בפני ב' ואין צריך לומר כתובו היינו משום דרבא קאמר להו משמיה דר""נ ולאו בחד יומא שמעינהו אלא כל מילתא שמעה באפי נפשיה והדר חברינהו רבא כחדא כסדר כמו ששמען והיינו דכתבינן ביטול מודעי בשטרי מכירה ומתנה דמעתה לא תועיל המודעא כדמוכח בערכין בפרק האומר בסופו (דף כא:) גבי גט דמהני ביטול המודעות והוא הדין לכל השטרות:"
11,האומר,79,1,1,"גלוי מילתא בעלמא היא - כלומר הרבה בני אדם יוכלו לידע אונסו דכיון דאינו מקבל ממון במתנה ובגט זה שנותן אם איתא דניחא ליה ליתנה מדעתו למה לו למסור מודעא ואי לא ניחא לו ליתן למה לו ליתן גט ומתנה אלא ודאי נאנס בגט ובמתנה זו הלכך אין צריך לפרש אונסו דלא דמי לזביני דהתם צריך לפרש דאיכא למימר סתם מוכר לא ברצונו מוכר אלא משום חסרון מעות והלכך איכא למימר דמסר מודעא דקסבר היום ולמחר כשיהיו לי מעות מפיקנא מודעא ותבענא ליה לדינא ויחזור קרקע שלי ואני אשלם מעותיו אבל הכא אם ברצון נפשו נותן גט ומתנה בלא אונס למה כותב מודעא בחנם לא יתן גט ולא איצטריך לכתוב מודעא אלא ודאי אנוס הוא ומשום הכי תקינו בגיטין דלא למיכתב גיטא עד שיבטל הבעל כל מודעות שמסר וכך הוא מפורש בערכין בפרק האומר משקלי עלי (ערכין דף כא:) אמר רב ששת האי מאן דמסר מודעא אגיטא מודעיה מודעא פשיטא לא צריכא דעשייה וארציה מהו דתימא כיון דארציה בטולי בטליה למודעיה קמ""ל עד דאמר בטלתיה ואימא כיון דארצי בטליה ולא צריך לפרושי דבטליה ואמרינן א""כ נתני וכן אתה אומר בגיטי נשים כופין אותו עד שיתן אמאי קתני עד שיאמר רוצה אני אלא קמ""ל עד דמפרש דבטליה ודוקא מודעא שיש בה אונס אבל בלא אונס אי טעין ואמר גט שאעשה לא יהא גט אין זה ביטול דכיון דלא נאנס כלל אנן סהדי דגמר בלבו בשעת מעשה לעשותו גט גמור ולא מהני ביה ביטול דקודם כתיבה אלא א""כ ביטלו אחר כתיבה:"
12,האומר,79,1,1,"גלוי מילתא בעלמא היא - כלומר הרבה בני אדם יוכלו לידע אונסו דכיון דאינו מקבל ממון במתנה ובגט זה שנותן אם איתא דניחא ליה ליתנה מדעתו למה לו למסור מודעא ואי לא ניחא לו ליתן למה לו ליתן גט ומתנה אלא ודאי נאנס בגט ובמתנה זו הלכך אין צריך לפרש אונסו דלא דמי לזביני דהתם צריך לפרש דאיכא למימר סתם מוכר לא ברצונו מוכר אלא משום חסרון מעות והלכך איכא למימר דמסר מודעא דקסבר היום ולמחר כשיהיו לי מעות מפיקנא מודעא ותבענא ליה לדינא ויחזור קרקע שלי ואני אשלם מעותיו אבל הכא אם ברצון נפשו נותן גט ומתנה בלא אונס למה כותב מודעא בחנם לא יתן גט ולא איצטריך לכתוב מודעא אלא ודאי אנוס הוא ומשום הכי תקינו בגיטין דלא למיכתב גיטא עד שיבטל הבעל כל מודעות שמסר וכך הוא מפורש בערכין בפרק האומר משקלי עלי (ערכין דף כא:) אמר רב ששת האי מאן דמסר מודעא אגיטא מודעיה מודעא פשיטא לא צריכא דעשייה וארציה מהו דתימא כיון דארציה בטולי בטליה למודעיה קמ""ל עד דאמר בטלתיה ואימא כיון דארצי בטליה ולא צריך לפרושי דבטליה ואמרינן א""כ נתני וכן אתה אומר בגיטי נשים כופין אותו עד שיתן אמאי קתני עד שיאמר רוצה אני אלא קמ""ל עד דמפרש דבטליה ודוקא מודעא שיש בה אונס אבל בלא אונס אי טעין ואמר גט שאעשה לא יהא גט אין זה ביטול דכיון דלא נאנס כלל אנן סהדי דגמר בלבו בשעת מעשה לעשותו גט גמור ולא מהני ביה ביטול דקודם כתיבה אלא א""כ ביטלו אחר כתיבה:"
13,האומר משקלי עלי,79,1,1,"גלוי מילתא בעלמא היא - כלומר הרבה בני אדם יוכלו לידע אונסו דכיון דאינו מקבל ממון במתנה ובגט זה שנותן אם איתא דניחא ליה ליתנה מדעתו למה לו למסור מודעא ואי לא ניחא לו ליתן למה לו ליתן גט ומתנה אלא ודאי נאנס בגט ובמתנה זו הלכך אין צריך לפרש אונסו דלא דמי לזביני דהתם צריך לפרש דאיכא למימר סתם מוכר לא ברצונו מוכר אלא משום חסרון מעות והלכך איכא למימר דמסר מודעא דקסבר היום ולמחר כשיהיו לי מעות מפיקנא מודעא ותבענא ליה לדינא ויחזור קרקע שלי ואני אשלם מעותיו אבל הכא אם ברצון נפשו נותן גט ומתנה בלא אונס למה כותב מודעא בחנם לא יתן גט ולא איצטריך לכתוב מודעא אלא ודאי אנוס הוא ומשום הכי תקינו בגיטין דלא למיכתב גיטא עד שיבטל הבעל כל מודעות שמסר וכך הוא מפורש בערכין בפרק האומר משקלי עלי (ערכין דף כא:) אמר רב ששת האי מאן דמסר מודעא אגיטא מודעיה מודעא פשיטא לא צריכא דעשייה וארציה מהו דתימא כיון דארציה בטולי בטליה למודעיה קמ""ל עד דאמר בטלתיה ואימא כיון דארצי בטליה ולא צריך לפרושי דבטליה ואמרינן א""כ נתני וכן אתה אומר בגיטי נשים כופין אותו עד שיתן אמאי קתני עד שיאמר רוצה אני אלא קמ""ל עד דמפרש דבטליה ודוקא מודעא שיש בה אונס אבל בלא אונס אי טעין ואמר גט שאעשה לא יהא גט אין זה ביטול דכיון דלא נאנס כלל אנן סהדי דגמר בלבו בשעת מעשה לעשותו גט גמור ולא מהני ביה ביטול דקודם כתיבה אלא א""כ ביטלו אחר כתיבה:"
14,איזהו נשך,87,3,0,"ומקשינן ואכתי בפרה וטלית אמאי מעיד וניחוש דלמא אקני ליה האי מוכר מטלטלי אגב מקרקעי לבעל חובו להשתעבד לו לגבות חובו מהן אם לא יפרענו בזמנו וחזר ומכרם וכי מעיד ללוקח שהן שלו נוגע בעדות הוא מפני שמעמידן בפני בעל חובו והכי אשכחנא דכה""ג משתעבדי מטלטלי לבעל חוב דאמר רבה כו' וגבי מטלטלי מן הלקוחות דנכסים שאין להם אחריות כגון מטלטלין נקנין עם נכסים שיש להן אחריות לענין מתנה בכסף בשטר ובחזקה והוא הדין לענין שעבוד דמיגו דחייל שעבוד אמקרקעי חייל נמי אמטלטלי אבל אקני ליה מטלטלי גרידי בסודר להשתעבד לו לכשיגיע זמנו אם לא יפרענו יגבה מהם לא קני ואפילו בלשון מתנה דכל דאי לא קני דאסמכתא היא ואסמכתא לא קניא בפרק איזהו נשך (ב""מ דף סו:):"
15,מי שמת,87,5,0,"וניחוש דלמא דאיקני אמר ליה - כלומר אכתי איכא למיחש דאקני ליה להך פרה וטלית למלוה אגב מקרקעי והיכי דמי כגון דמקמי הכי כשלוה כתב למלוה בשטר משעבדנא לך אגב מקרקעי כל נכסי דקנאי ודעתיד אנא למיקני וכשלקח הפרה והטלית אחרי כן נשתעבדו לו מיד ואכתי אמאי מעיד אלא מדלא חיישת להכי איכא למשמע דמי שכותב כן דאקני האומר לחבירו נכסים שאני עתיד לקנות אני מוכר לך או משעבד לך ואחר כן קנה ומכר לאחרים או כתב לו דאיקני והוא קנה אחרי כן ומת והוריש לבניו לא משתעבד להאי שכתב לו דאין אדם מקנה לחבירו דבר שלא בא לידו אע""פ שעתיד לבא ובעיא היא לקמן בפרק מי שמת ולא איפשיטא ומשמע מהכא דלא משתעבד:"
16,שנים אוחזין,87,7,0,נמצאת שאינה שלו - שהעידו עדים שגזלה המוכר ומכרה לו ובא בעל השדה ונטלה ממנו חוזר לוקח על המוכר ולא הויא מכירה כלל דבשלמא היכא דטרפה בעל חוב הויא מכירה דעביד אינש דזבין ארעא ליומיה בשביל פירות יום אחד כדאמרינן בבבא מציעא (דף יד.) ופירות שאכל שלו הן כדאמר שמואל בפרק שנים אוחזין בטלית (שם דף טו.) בעל חוב גובה את השבח שבח אין פירי לא אבל לוקח מגזלן אמר התם (דף יד:) המוכר שדה לחבירו ונמצאת שאינה שלו אמר שמואל מעות יש לו שבח אין לו ללוקח אלא הדרא ארעא והדרי פירי וכל השבח והלכך כיון דלא מרויח מידי לאו מכר הוא כלל והכא נמי גבי פרה וטלית אמאי מעיד הא איכא למימר דנוגע בעדותו הוא דניחא ליה למוכר דתיקו ביד לוקח דאי מפיק ליה מיניה מערער בעדים שמעידין שהיא של מערער הרי נמצא שאינה שלו של מוכר אלא גזלה מהאי מערער ומכרה לזה ויחזור לוקח עליו דמוכר ואף על גב דשלא באחריות מכר:
17,שנים,87,7,0,נמצאת שאינה שלו - שהעידו עדים שגזלה המוכר ומכרה לו ובא בעל השדה ונטלה ממנו חוזר לוקח על המוכר ולא הויא מכירה כלל דבשלמא היכא דטרפה בעל חוב הויא מכירה דעביד אינש דזבין ארעא ליומיה בשביל פירות יום אחד כדאמרינן בבבא מציעא (דף יד.) ופירות שאכל שלו הן כדאמר שמואל בפרק שנים אוחזין בטלית (שם דף טו.) בעל חוב גובה את השבח שבח אין פירי לא אבל לוקח מגזלן אמר התם (דף יד:) המוכר שדה לחבירו ונמצאת שאינה שלו אמר שמואל מעות יש לו שבח אין לו ללוקח אלא הדרא ארעא והדרי פירי וכל השבח והלכך כיון דלא מרויח מידי לאו מכר הוא כלל והכא נמי גבי פרה וטלית אמאי מעיד הא איכא למימר דנוגע בעדותו הוא דניחא ליה למוכר דתיקו ביד לוקח דאי מפיק ליה מיניה מערער בעדים שמעידין שהיא של מערער הרי נמצא שאינה שלו של מוכר אלא גזלה מהאי מערער ומכרה לזה ויחזור לוקח עליו דמוכר ואף על גב דשלא באחריות מכר:
18,האשה,96,0,0,"אין נאמנים - לא מבעיא אם כתב ידן יוצא ממקום אחר דלא מהימני לעקרו דלאו הפה שאסר הוא הפה שהתיר איכא אלא אפילו הן עצמם מקיימים אותו ואומרים חתמנו אבל אמנה היו דברינו אין נאמנים דמאחר שהודו שבכשרות נכתב הרי חתימת השטר כאילו העידו בב""ד כל מה שכתוב בשטר שהלוהו מלוה ללוה וכיון שהגיד שוב אינו חוזר ומגיד כדאמרינן בכתובות בפרק האשה שנתארמלה (כתובות דף יח:) א""ל רבא כיון שהגיד שוב אינו חוזר ומגיד וכי תימא ה""מ על פה אבל בשטר לא הא אמר ר""ל עדים החתומים על השטר נעשו כמי שנתקרה עדותן בב""ד וה""נ מפרש התם דטעמא דר""נ משום דעקר ליה לשטרא דבעא מיניה רבא מר""נ תנאי היו דברינו מהו מודעא ואמנה טעמא מאי אין נאמנים דקמעקר ליה לשטרא וכו' ועוד יש טעם אחר גבי אמנה היו דברינו אמאי אין נאמנים כדאמר נמי התם אמר רב האומר שטר אמנה הוא זה אינו נאמן ואמרי' דקאמר מאן אילימא דקאמר לוה כו' עד אלא דקאמרי עדים אי דכתב ידם יוצא ממקום אחר פשיטא דלא מהימני ואי דאין כתב ידן יוצא ממקום אחר אמאי לא מהימני והא איכא למימר הפה שאסר הוא הפה שהתיר דאי בעו אמרו לא חתמנו ומסקינן אמר רב אשי לעולם דאמרי עדים ודאין כתב ידן יוצא ממקום אחר ודקאמרת אמאי לא מהימני כדרב כהנא דאמר רב כהנא אסור לאדם שישהה שטר אמנה בתוך ביתו משום שנאמר אל תשכן באהלך עולה וכיון דעולה היא עדים אעולה לא חתמי וכי אמר חתמתי אינו נאמן דאין אדם נאמן בעדות כשמשים עצמו רשע בעדות זו כדאמר התם:"
19,האשה,96,0,0,"אין נאמנים - לא מבעיא אם כתב ידן יוצא ממקום אחר דלא מהימני לעקרו דלאו הפה שאסר הוא הפה שהתיר איכא אלא אפילו הן עצמם מקיימים אותו ואומרים חתמנו אבל אמנה היו דברינו אין נאמנים דמאחר שהודו שבכשרות נכתב הרי חתימת השטר כאילו העידו בב""ד כל מה שכתוב בשטר שהלוהו מלוה ללוה וכיון שהגיד שוב אינו חוזר ומגיד כדאמרינן בכתובות בפרק האשה שנתארמלה (כתובות דף יח:) א""ל רבא כיון שהגיד שוב אינו חוזר ומגיד וכי תימא ה""מ על פה אבל בשטר לא הא אמר ר""ל עדים החתומים על השטר נעשו כמי שנתקרה עדותן בב""ד וה""נ מפרש התם דטעמא דר""נ משום דעקר ליה לשטרא דבעא מיניה רבא מר""נ תנאי היו דברינו מהו מודעא ואמנה טעמא מאי אין נאמנים דקמעקר ליה לשטרא וכו' ועוד יש טעם אחר גבי אמנה היו דברינו אמאי אין נאמנים כדאמר נמי התם אמר רב האומר שטר אמנה הוא זה אינו נאמן ואמרי' דקאמר מאן אילימא דקאמר לוה כו' עד אלא דקאמרי עדים אי דכתב ידם יוצא ממקום אחר פשיטא דלא מהימני ואי דאין כתב ידן יוצא ממקום אחר אמאי לא מהימני והא איכא למימר הפה שאסר הוא הפה שהתיר דאי בעו אמרו לא חתמנו ומסקינן אמר רב אשי לעולם דאמרי עדים ודאין כתב ידן יוצא ממקום אחר ודקאמרת אמאי לא מהימני כדרב כהנא דאמר רב כהנא אסור לאדם שישהה שטר אמנה בתוך ביתו משום שנאמר אל תשכן באהלך עולה וכיון דעולה היא עדים אעולה לא חתמי וכי אמר חתמתי אינו נאמן דאין אדם נאמן בעדות כשמשים עצמו רשע בעדות זו כדאמר התם:"
20,האשה שנתארמלה,96,0,0,"אין נאמנים - לא מבעיא אם כתב ידן יוצא ממקום אחר דלא מהימני לעקרו דלאו הפה שאסר הוא הפה שהתיר איכא אלא אפילו הן עצמם מקיימים אותו ואומרים חתמנו אבל אמנה היו דברינו אין נאמנים דמאחר שהודו שבכשרות נכתב הרי חתימת השטר כאילו העידו בב""ד כל מה שכתוב בשטר שהלוהו מלוה ללוה וכיון שהגיד שוב אינו חוזר ומגיד כדאמרינן בכתובות בפרק האשה שנתארמלה (כתובות דף יח:) א""ל רבא כיון שהגיד שוב אינו חוזר ומגיד וכי תימא ה""מ על פה אבל בשטר לא הא אמר ר""ל עדים החתומים על השטר נעשו כמי שנתקרה עדותן בב""ד וה""נ מפרש התם דטעמא דר""נ משום דעקר ליה לשטרא דבעא מיניה רבא מר""נ תנאי היו דברינו מהו מודעא ואמנה טעמא מאי אין נאמנים דקמעקר ליה לשטרא וכו' ועוד יש טעם אחר גבי אמנה היו דברינו אמאי אין נאמנים כדאמר נמי התם אמר רב האומר שטר אמנה הוא זה אינו נאמן ואמרי' דקאמר מאן אילימא דקאמר לוה כו' עד אלא דקאמרי עדים אי דכתב ידם יוצא ממקום אחר פשיטא דלא מהימני ואי דאין כתב ידן יוצא ממקום אחר אמאי לא מהימני והא איכא למימר הפה שאסר הוא הפה שהתיר דאי בעו אמרו לא חתמנו ומסקינן אמר רב אשי לעולם דאמרי עדים ודאין כתב ידן יוצא ממקום אחר ודקאמרת אמאי לא מהימני כדרב כהנא דאמר רב כהנא אסור לאדם שישהה שטר אמנה בתוך ביתו משום שנאמר אל תשכן באהלך עולה וכיון דעולה היא עדים אעולה לא חתמי וכי אמר חתמתי אינו נאמן דאין אדם נאמן בעדות כשמשים עצמו רשע בעדות זו כדאמר התם:"
21,האשה,96,0,0,"אין נאמנים - לא מבעיא אם כתב ידן יוצא ממקום אחר דלא מהימני לעקרו דלאו הפה שאסר הוא הפה שהתיר איכא אלא אפילו הן עצמם מקיימים אותו ואומרים חתמנו אבל אמנה היו דברינו אין נאמנים דמאחר שהודו שבכשרות נכתב הרי חתימת השטר כאילו העידו בב""ד כל מה שכתוב בשטר שהלוהו מלוה ללוה וכיון שהגיד שוב אינו חוזר ומגיד כדאמרינן בכתובות בפרק האשה שנתארמלה (כתובות דף יח:) א""ל רבא כיון שהגיד שוב אינו חוזר ומגיד וכי תימא ה""מ על פה אבל בשטר לא הא אמר ר""ל עדים החתומים על השטר נעשו כמי שנתקרה עדותן בב""ד וה""נ מפרש התם דטעמא דר""נ משום דעקר ליה לשטרא דבעא מיניה רבא מר""נ תנאי היו דברינו מהו מודעא ואמנה טעמא מאי אין נאמנים דקמעקר ליה לשטרא וכו' ועוד יש טעם אחר גבי אמנה היו דברינו אמאי אין נאמנים כדאמר נמי התם אמר רב האומר שטר אמנה הוא זה אינו נאמן ואמרי' דקאמר מאן אילימא דקאמר לוה כו' עד אלא דקאמרי עדים אי דכתב ידם יוצא ממקום אחר פשיטא דלא מהימני ואי דאין כתב ידן יוצא ממקום אחר אמאי לא מהימני והא איכא למימר הפה שאסר הוא הפה שהתיר דאי בעו אמרו לא חתמנו ומסקינן אמר רב אשי לעולם דאמרי עדים ודאין כתב ידן יוצא ממקום אחר ודקאמרת אמאי לא מהימני כדרב כהנא דאמר רב כהנא אסור לאדם שישהה שטר אמנה בתוך ביתו משום שנאמר אל תשכן באהלך עולה וכיון דעולה היא עדים אעולה לא חתמי וכי אמר חתמתי אינו נאמן דאין אדם נאמן בעדות כשמשים עצמו רשע בעדות זו כדאמר התם:"
22,האשה,97,3,3,"מקחו בטל - לא בטל בטל ממש שכל זמן שיחיה הבעל יאכל זה הלוקח את הפירות שהרי המוכר מכר לו כ""ז שלא תתגרש האשה ולא יבא זמן גיבוי כתובתה שהרי משנה זו בכל נכסים וקרקעות שיש לו לבעל מיירי כדמוכח לקמן בסמוך דאמרי' למעוטי מאי אילימא למעוטי שאר נכסים כו' ובכולן אי אתה יכול לומר מקחו בטל לגמרי דאמר בפ' האשה שנפלו לה נכסים בסופה דאי לא תימא הכי סיפא דקתני לא יאמר אדם לאשתו הרי כתובתיך מונחת על השולחן אלא כל נכסי אחראין לכתובתיך ואי בעי לזבוני ה""נ לא מצי מזבין בתמיה משם אנו למדין שהמכר קיים ואע""פ שמשועבדין לאשה אלא דלהכי אהני שעבוד שתוכל לטרוף מהן כשיגיע זמנה לגבות כתובתה הלכך האי מקחו בטל אחזר ולקח מן האשה קאי דהוי בטל לגמרי ההוא מקח וכשתבא לגבות כתובתה תטרוף ממנו דמצי אמרה נחת רוח עשיתי לבעלי למכור לך קרקע המשועבד לי ולא גמרתי בלבי להקנות לך:"
23,האשה,97,3,3,"מקחו בטל - לא בטל בטל ממש שכל זמן שיחיה הבעל יאכל זה הלוקח את הפירות שהרי המוכר מכר לו כ""ז שלא תתגרש האשה ולא יבא זמן גיבוי כתובתה שהרי משנה זו בכל נכסים וקרקעות שיש לו לבעל מיירי כדמוכח לקמן בסמוך דאמרי' למעוטי מאי אילימא למעוטי שאר נכסים כו' ובכולן אי אתה יכול לומר מקחו בטל לגמרי דאמר בפ' האשה שנפלו לה נכסים בסופה דאי לא תימא הכי סיפא דקתני לא יאמר אדם לאשתו הרי כתובתיך מונחת על השולחן אלא כל נכסי אחראין לכתובתיך ואי בעי לזבוני ה""נ לא מצי מזבין בתמיה משם אנו למדין שהמכר קיים ואע""פ שמשועבדין לאשה אלא דלהכי אהני שעבוד שתוכל לטרוף מהן כשיגיע זמנה לגבות כתובתה הלכך האי מקחו בטל אחזר ולקח מן האשה קאי דהוי בטל לגמרי ההוא מקח וכשתבא לגבות כתובתה תטרוף ממנו דמצי אמרה נחת רוח עשיתי לבעלי למכור לך קרקע המשועבד לי ולא גמרתי בלבי להקנות לך:"
24,האשה שנפלו,97,3,3,"מקחו בטל - לא בטל בטל ממש שכל זמן שיחיה הבעל יאכל זה הלוקח את הפירות שהרי המוכר מכר לו כ""ז שלא תתגרש האשה ולא יבא זמן גיבוי כתובתה שהרי משנה זו בכל נכסים וקרקעות שיש לו לבעל מיירי כדמוכח לקמן בסמוך דאמרי' למעוטי מאי אילימא למעוטי שאר נכסים כו' ובכולן אי אתה יכול לומר מקחו בטל לגמרי דאמר בפ' האשה שנפלו לה נכסים בסופה דאי לא תימא הכי סיפא דקתני לא יאמר אדם לאשתו הרי כתובתיך מונחת על השולחן אלא כל נכסי אחראין לכתובתיך ואי בעי לזבוני ה""נ לא מצי מזבין בתמיה משם אנו למדין שהמכר קיים ואע""פ שמשועבדין לאשה אלא דלהכי אהני שעבוד שתוכל לטרוף מהן כשיגיע זמנה לגבות כתובתה הלכך האי מקחו בטל אחזר ולקח מן האשה קאי דהוי בטל לגמרי ההוא מקח וכשתבא לגבות כתובתה תטרוף ממנו דמצי אמרה נחת רוח עשיתי לבעלי למכור לך קרקע המשועבד לי ולא גמרתי בלבי להקנות לך:"
25,האשה,97,3,3,"מקחו בטל - לא בטל בטל ממש שכל זמן שיחיה הבעל יאכל זה הלוקח את הפירות שהרי המוכר מכר לו כ""ז שלא תתגרש האשה ולא יבא זמן גיבוי כתובתה שהרי משנה זו בכל נכסים וקרקעות שיש לו לבעל מיירי כדמוכח לקמן בסמוך דאמרי' למעוטי מאי אילימא למעוטי שאר נכסים כו' ובכולן אי אתה יכול לומר מקחו בטל לגמרי דאמר בפ' האשה שנפלו לה נכסים בסופה דאי לא תימא הכי סיפא דקתני לא יאמר אדם לאשתו הרי כתובתיך מונחת על השולחן אלא כל נכסי אחראין לכתובתיך ואי בעי לזבוני ה""נ לא מצי מזבין בתמיה משם אנו למדין שהמכר קיים ואע""פ שמשועבדין לאשה אלא דלהכי אהני שעבוד שתוכל לטרוף מהן כשיגיע זמנה לגבות כתובתה הלכך האי מקחו בטל אחזר ולקח מן האשה קאי דהוי בטל לגמרי ההוא מקח וכשתבא לגבות כתובתה תטרוף ממנו דמצי אמרה נחת רוח עשיתי לבעלי למכור לך קרקע המשועבד לי ולא גמרתי בלבי להקנות לך:"
26,המוכר את הבית,108,2,4,"זהרורי - על שם נחלה שקרוי זיהרא לקמן בפרק המוכר את הבית (בבא בתרא דף סא:) ואי א""ל זיהרא אפילו בוסתני ופרדסי והילך תלת מילי קמייתא דינא דמלכותא דינא ובאריסא דפרסאי והני זהרורי שתלויין בדינא דמלכותא דינא הרי תלת:"
27,זה בורר,111,6,1,"מתקיף לה ר""נ אלא מעתה כו' - ר""נ לא היה יודע טעמו של רב יהודה המפורש לפנינו דבין חטין ושעורין טעו אינשי אלא ס""ל דהא דקאמר רב יהודה אחד אומר אכלה חטין ואחד אומר אכלה שעורין כו' לאו באותן ג' שנים דקמסהיד האי מסהיד האי דא""כ עדות מוכחשת היא ותיבטל אלא ס""ל לר""נ דה""ק רב יהודה אחד אומר אכלה חטין ג' שנים כפי מנהג עובדי אדמה ואחד אומר אכלה שעורים שלש שנים כפי מנהג עובדי אדמה והיינו שש שנים בדילוג ושאלתי לעובדי האדמה ואמרו לי שלעולם כך הוא המנהג שנה אחת חטין ושנה אחת שעורין כן כל הימים ואינה צריכה שביתה כלום ה""ז חזקה שהרי אין מכחישים זה את זה כלל וממ""נ כל אחד מעיד שאכלה שני חזקה והלכך הויא חזקה דדמיא להא דר' יהושע בן קרחה דאמרי' בפירקין לעיל (בבא בתרא דף לב.) אין עדותם מצטרפת עד שיראו שניהם כאחד ר' יהושע בן קרחה אומר אפי' בזה אחר זה וטעמא דר' יהושע מפורש בסנהדרין בפ' זה בורר דאע""ג דאמנה דקמסהיד האי לא מסהיד האי מיהו תרוייהו אמנה קמסהדי והכא נמי תרוייהו אחזקה קמסהדי:"
28,כלל גדול,114,1,3,"לאוצר בלוס - בסמ""ך כמו עיסה בלוסה במסכת שבת בפרק כלל גדול (שבת דף עו:) עיסה מעורבת ממינין הרבה וכן אוצר בלוס (גיטין דף סז.) מינין הרבה מעורבין בתוכה ביחד וכן מיטת עם הארץ כל דבר מניחין תחת מטתן אוכלין וכלים:"
29,כלל גדול,114,1,3,"לאוצר בלוס - בסמ""ך כמו עיסה בלוסה במסכת שבת בפרק כלל גדול (שבת דף עו:) עיסה מעורבת ממינין הרבה וכן אוצר בלוס (גיטין דף סז.) מינין הרבה מעורבין בתוכה ביחד וכן מיטת עם הארץ כל דבר מניחין תחת מטתן אוכלין וכלים:"
30,כלל גדול,114,1,3,"לאוצר בלוס - בסמ""ך כמו עיסה בלוסה במסכת שבת בפרק כלל גדול (שבת דף עו:) עיסה מעורבת ממינין הרבה וכן אוצר בלוס (גיטין דף סז.) מינין הרבה מעורבין בתוכה ביחד וכן מיטת עם הארץ כל דבר מניחין תחת מטתן אוכלין וכלים:"
31,שואל,114,5,0,בשני עקיביו של אדם הראשון כו' - והאי דכתיב כי עפר אתה ואל עפר תשוב הא פרכינן ליה במסכת שבת בפרק שואל (שבת דף קנב:) ומוקמינן לה ההוא שעה אחת קודם תחיית המתים:
32,שור שנגח,124,1,1,"תנו חלק לפלוני בנכסי מהו - מי אמרינן האי חלק לשון חלוקה הוא ופלגא קשקיל או חלק הראוי ליתן קאמר ובדעת ב""ד תלוי הדבר לשער בכמה הוי חלק ראוי ליתן ואע""ג דתניא בתוספתא (פרק ז) דהך בבא האומר תנו חלק לפלוני בנכסיי יירש עם הבנים איכא למימר הכא מיירי כגון דלית ליה בני ואע""ג דאית ליה יורשין בעלמא לא יהב דעתיה ליורשין אחרים וחלק הראוי ליתן או חצי נכסין קאמר א""נ הכא מיירי כגון דאמר תנו חלק לפלוני בני בנכסי והשאר נתונים לפלוני א""נ איכא למימר דלא הוה שמיע להו הך ברייתא דאי הוה שמיע להו הוו מייתי לה בבית המדרש ואיכא למימר רבנן היא דפליגי עליה דסומכוס אי נמי שמיעא להו ולא הוה סבירא להו משום דפליג סומכוס עלה כדלקמן וקיימא לן כסומכוס דאמר ממון המוטל בספק חולקין דסתם לן תנא כוותיה בפרק שור שנגח (ארבעה ובפרק שור שנגח) את הפרה (ב""ק דף מו.):"
33,שור שנגח,124,2,1,"סומכוס אומר אין פחות מרביע - סומכוס לטעמיה דאמר בפרק שור שנגח את הפרה חצי נזק לפרה ורביע לולד ומוקמינן לה בגמרא אליבא דסומכוס דאמר ממון המוטל בספק חולקין והכא מספקינן ליה אי פלגא קאמר או חלק בעלמא משהו קאמר כגון רביעית הלוג הלכך אין לו למקבל מתנה מן הבור פחות מרביע ושמא יותר משום דאילו הוה מספקא לן בהאי נותן אם נתן לו פלגא או לא כלום היה לו ליטול מחצית של פלגא דהיינו רביע הבור משום ממון המוטל בספק חולקין דהא פלגא נמי מוטלת בספק אם יהבה ליה או לא הלכך יטול חציה של פלגא דהיינו רביע וכ""ש השתא דמספקא לן אי יהיב פלגא או רביעית הלוג דלא יטול פחות מרביע ורבינו חננאל פירש דאזדא סומכוס לטעמיה וכל הנך שיעורי דלקמן לחבית לקדירה לטפיח בקיאין היו בשיעורין הללו כמה צריך לכל אחד ופלגא דההוא שיעורא קמחייב סומכוס ליתן משום דממון המוטל בספק חולקין:"
34,שור שנגח את הפרה,124,2,1,"סומכוס אומר אין פחות מרביע - סומכוס לטעמיה דאמר בפרק שור שנגח את הפרה חצי נזק לפרה ורביע לולד ומוקמינן לה בגמרא אליבא דסומכוס דאמר ממון המוטל בספק חולקין והכא מספקינן ליה אי פלגא קאמר או חלק בעלמא משהו קאמר כגון רביעית הלוג הלכך אין לו למקבל מתנה מן הבור פחות מרביע ושמא יותר משום דאילו הוה מספקא לן בהאי נותן אם נתן לו פלגא או לא כלום היה לו ליטול מחצית של פלגא דהיינו רביע הבור משום ממון המוטל בספק חולקין דהא פלגא נמי מוטלת בספק אם יהבה ליה או לא הלכך יטול חציה של פלגא דהיינו רביע וכ""ש השתא דמספקא לן אי יהיב פלגא או רביעית הלוג דלא יטול פחות מרביע ורבינו חננאל פירש דאזדא סומכוס לטעמיה וכל הנך שיעורי דלקמן לחבית לקדירה לטפיח בקיאין היו בשיעורין הללו כמה צריך לכל אחד ופלגא דההוא שיעורא קמחייב סומכוס ליתן משום דממון המוטל בספק חולקין:"
35,מי שמת,124,5,1,"כיון דאמר ליה ע""מ כו' - כלומר כיון דעל תנאי מכר רוצה הוא שיתקיים התנאי דאין אדם מתנה על חנם ולדעת כן מכר שיקנה המעשר והלכך שייר בידו קרקע הראוי ליגדל בה המעשר וכמי שאמר לו שדה שלי אני מוכר לך לאריסות ע""מ שתטול ט' חלקים ואני אטול חלק עשירי ויש ספרים דגרסי' בהו בהדיא כיון דא""ל ע""מ שמעשר ראשון שלי כו' ואית דמפרשים דייתור לשון דע""מ קא דייק וכדאמרינן בעלמא (קדושין ח.) כל האומר ע""מ כאומר מעכשיו דמי וא""א להעמיד שיטת שמועה זו כן ובפ' מי שמת (לקמן בבא בתרא דף קמח.) אמרי' דאם מכר דקל ואמר לו חוץ מפירותיו דשייר מקום פירותיו וה""נ אם אמר חוץ מן המעשר שייר מקום מעשר הלכך לאו בלשון דע""מ תליא מילתא אלא כיון דמתני והתנאי אינו מועיל אלא ע""י שיור אמרינן דשייר מקום:"
36,מי שמת,124,6,0,"אמר ר""ל זאת אומרת - ברייתא זו דאשמעינן דכל תנאי שאינו לא מעלה ולא מוריד אא""כ שייר אמרינן שיורי שייר מקום לעצמו פורתא מינה שמעינן דהמוכר בית לחבירו ואמר לו ע""מ שהדיוטא העליונה שלי הדיוטא העליונה שלו הוא גג שיש לו מעקה גבוה י' דאמרינן במתניתין דאינו מכור עם הבית ותנאי זה אינו מועיל דבלאו הכי נמי הרי הוא של מוכר כדקתני במתניתין ולא את הגג כו' ולא היה צריך להתנות הלכך דיוטא העליונה שלו להוצאת זיזין כנגד רשותו של לוקח כדמפרש ואזיל הוא הדין אם אמר לו חוץ מדיוטא העליונה דשייר מקום בחצר להוצאת זיזין ואליבא דרב זביד כדאמרינן בפרק מי שמת:"
37,הבית והעלייה,125,0,2,"רב פפא אמר - כולי האי לא אהני תנאי לשייר מקום ממה שמכר אלא להכי אהני תנאי המיותר שאם רוצה לבנות דיוטא זו אם תפול על גביו של הבית בונה והכי הוה מסיק לקמן דאי נפלה הדר בני לה דאי הוה שתק ומכר הבית סתם היתה הדיוטא העליונה שלו כל ימי שיתקיים אבל אם תפול לא יחזור ויבננה ע""ג בית של זה דלהך דיוטא הוא דאשתעבד לו בית אבל לדיוטא אחרת לא משתעבד עד דא""ל בהדיא יתור לשון כדאמרינן נמי בפרק הבית והעלייה (ב""מ דף קטז:) אי דא""ל עלייה זו ונפלה אזלא לה ואי דא""ל סתם בעי למיגר ליה אחרינא ומסקנא לא צריכא דאמר ליה עלייה שעל גבי בית זה אני משכיר לך דהא שעבד בית לעלייה אבל בלא יתור מכי נפלה אזלא לה ולא יבנה אחרת וה""ק ע""מ שהדיוטא העליונה שלי לעולמים ואף אם תפול אחזור ואבננה והא דתנן (ב""מ דף קיז.) הבית והעלייה של שנים שנפלו וכו' אם אמר בעל העלייה לבעה""ב לבנות כו' התם בדחלקו זה נטל בית וזה נטל עלייה ודאתנו בהדדי להשתעבד בית לעלייה כל הימים ואפי' לא אתנו מסתמא ע""מ כן חלקו ולרב זביד אהני תנאה להוצאת זיזין ולא להדר בני לה הוצאת זיזין מסיק אדעתיה שהרי צריך לו מיד אבל להדר בני לה אם תפול לא מסיק אדעתיה לעתים רחוקות:"
38,חזקת הבתים,127,0,1,ודאמר נמי בעלמא רבי עקיבא לטעמיה כו' - כלומר מדמוקמינן בעלמא שאר דיני מכירה דתלו טעמייהו בעין יפה ובעין רעה אליבא דר' עקיבא ורבנן כגון בפ' חזקת הבתים (לעיל בבא בתרא דף לז:) דאמרן מכר אילנות ושייר קרקע לפניו פלוגתא דר' עקיבא ורבנן דלר' עקיבא יש לו קרקע לבעל האילן שאם ימות האילן יטע אחר במקומו ולרבנן אין לו:
39,מי שמת,129,0,0,"הרי כולן מכורין - כל הנך תשמישין המיטלטלין אבל שאר מיני תשמישתיה לא מיזדבני ואף על גב דאמר כל מה שבתוכו אני מוכר לך שלא ריבה בלשון זה אלא תשמישין המיוחדין לבית זה שאינן רגילין להשאילן מפני כבידן ומפתח נמי עיקר תשמישו לפותחת של דלת זו ואין ראוי לאחרת והיינו טעמא דלא זבין שאר מיני תשמישתיה דלא בטילי לגבי בית אי נמי אינו רוצה להתרחק מן השכונה שלו וידור בבית אחר וצריכין לו מטלטלין אבל גבי חצר תנן לקמן דאם אומר לו כל מה שבתוכה הרי כל מטלטלין מכורין דהיינו כל מאני תשמישתיה דאיקרו מטלטלי לבד מחיטי ושערי בפ' מי שמת (לקמן בבא בתרא דף קנ.) דכיון דמסתלק מכל השכונה מכר את כולן דטורח הוא לו להוציא כליו משם אי נמי לגבי חצר שהוא דבר גדול בטילי וגבי מוכר את העיר תנן דאם אמר כל מה שבתוכה מכר את הכל אפילו בהמה ועבדים דהוו מטלטלי דניידי וכ""ש חיטי ושערי דכיון דמסתלק מכל העיר מכל וכל רוצה להסתלק דטורח הוא לו להוציא מטלטלי לעיר אחרת א""נ בטלין לגבי העיר כללא דמילתא כל מכר הגדול מחבירו ריבה למכור יותר הגדול לפי גדלו והקטן לפי קטנו:"
40,המוכר את הספינה,129,1,0,"גמ' לימא מתני' - דקתני לא מכר מכתשת המיטלטל דלא כר""מ דאי כר""מ האמר בפרק המוכר את הספינה בברייתא בגמ' מכר כרם מכר תשמישי כרם כגון קנים שבכרם שהן לצרכה כדתנן במתני' וה""ה למוכר בית שמוכר תשמישי בית:"
41,המוכר את הספינה,130,0,0,"ואינה מקבלת טומאה - זו הכוורת במקומה דכיון דמחוברת היא לקרקע יצאה מתורת כלי וגם הדבש שבתוכה אינו מקבל טומאה דבטל לגבי כוורת ודוקא במקומה אבל אם נטלה משם אז מקבל הדבש טומאה כמאן דאמר בפרק המוכר את הספינה דלא בעי מחשבה דאיכא מאן דמצריך מחשבה והלכך אצטריך הכא גבי טומאה למיתני במקומה וה""ה לכל הנך מילי:"
42,מציאת האשה,132,0,1,"אפי' מאצטרובלי - כר""א דכל המחובר לקרקע הרי הוא כקרקע ופירש רבינו חננאל וקיי""ל הכי דהא לית מאן דפליג עלה ולדברי הכל פרנסה דהיא עישור נכסי ממקרקעי ולא ממטלטלי היא ואפילו בזמן הזה דהא בהדיא פסק רבא בפרק מציאת האשה הלכתא ממקרקעי ולא ממטלטלי בין לכתובה בין למזוני בין לפרנסה ואף על גב דרבותינו הגאונים תקנו לגבות כתובה אפי' ממטלטלי גובים גם מזוני אפי' ממטלטלי דהא קיי""ל (כתובות דף נד:) תנאי כתובה ככתובה דמי הני מילי בכתובה ומזוני אבל הפרנסה אינה מתנאי כתובה הלכך במקומה עומדת וממקרקעי גביא ולא ממטלטלי:"
43,מי שמת,134,4,0,"גמ' ש""מ - ממתני' דקתני ברישא לא מכר את המטלטלין וקאמר בסיפא אבל אם אמר לו כל מה שבתוכה אז העבדים מכורין מכלל דמעיקרא לא הוו מזדבני אגב מתא משום דמטלטלי נינהו בתמיה ואנן מיבעיא לן בפרק מי שמת אי כמטלטלי אי כמקרקעי דמי כלומר הא מיבעיא ליה אם לפי לשון בני אדם קרוי מטלטלי או מקרקעי דמדאורייתא ודאי כמקרקעי דמי לקנות בכסף בשטר ובחזקה כדתנן בקידושין (דף כב:) משום דאיתקוש לקרקעות דכתיב והתנחלתם אותם אבל לגבי לשון בני אדם לגבי מאן דאמר מטלטלי לפלניא מיבעיא לן התם אי דעתו של אדם ליתן עבדו בלשון זה או לא ולא איפשוט התם ואמאי הא איכא למפשטה ממתני' דהכא דלפי דעת בני אדם חשוב מטלטלי שהרי המוכר את העיר סתמא דעתו אמקרקעי ואפי' הכי לא מכר את העבדים:"
44,המקבל,139,2,1,"דאמרי נהרדעי - בבבא מציעא בפרק המקבל האי עיסקא דיהיב איניש לחבריה למחצית שכר פלגא הוי מלוה להתחייב באחריות המקבל דהיינו אותו חצי שנוטל ממנו הריוח ופלגא הוי פקדון גביה ואינו חייב באחריותו דהך פלגא דקשקיל ממנה מפקיד רווחא והתם מפרש טעמא עבוד רבנן מילתא דניחא ליה ללוה וניחא ליה למלוה דאיכא קצת אחריות על זה וקצת על זה ואם נגנב או אבד הכל אין האחד מפסיד הכל אלא בין שניהן והלכך כיון דסתמא דמילתא כן הוא דפלגא הוי מלוה גביה צריך הנותן לקבל עליו תרי תילתי בהפסד הואיל ושקיל פלגא באגר כי היכי דלא להוי רבית מאי דטרח מקבל בפלגא דפקדון משום פלגא דמלוה שהלוהו דמאי דמקבל נותן אחריות עליה טפי מפלגא הוי שכר למקבל בשביל טירחא דקטרח בפלגא פקדון או פלגא יקבל הנותן בהפסד ותילתא באגר ומקבל יטול תרי תילתי דהאי דקשקיל מקבל רווחא טפי מפלגא זהו שכר טירחא ואין כאן רבית והכי מפרש באיזהו נשך (ב""מ דף סח:):"
45,כל הנשבעין,139,7,0,"אמר רבא הלכתא נשבע וגובה מחצה - פלגא מלוה אבל פלגא פקדון לא גבי דטענינן להו ליתמי אביהם החזיר לך ומשתבעין שבועת יורשין ופטורין והך דאמרינן בפ' כל הנשבעין (שבועות דף מה:) אמר רמי בר חמא כמה מעליא הא שמעתא א""ל רבא מאי מעליותא כו' עד מכלל דתרוייהו סבירא להו המפקיד אצל חבירו בעדים א""צ להחזיר לו בעדים בשטר מיהא צריך להחזיר לו בשטר פר""ח וא""נ בעדים והכא קפסיק רבא נשבע וגובה מחצה דמשמע דאין צריך להחזיר לו בעדים כרב חסדא איכא למימר דהאי דקאמר התם מכלל דתרוייהו סבירא להו לא קאי אלא אהמפקיד את חבירו בעדים אבל אהמפקיד בשטר לא קאי וא""נ קאי לאו דוקא דהא מדרמי בר חמא דשני לרבא דאפקיד ליה בשטר איכא למידק דס""ל לרמי בר חמא הכי אבל מדשתיק רבא ליכא למידק דהאי דשתיק משום דלפי סברת רמי בר חמא דס""ל דמפקיד בשטר צריך להחזיר לו בעדים ליכא לאקשויי תו ומיהו רבא אכתי בקושיא קאי דלא מעליא ההיא שמעתא כדפסיק הלכתא הכא נשבע וגובה מחצה ואין צריך להחזיר לו בעדים:"
46,המוכר את הספינה,142,1,1,או יותר מיכן - אין הקרקע צריך להן והוי כמקדיש אילן אחד שאינו מקדיש קרקע וכי האי גוונא נמי תניא גבי מוכר ג' אילנות בפרק המוכר את הספינה:
47,הזורק,144,6,0,ביצייתא דמישן - מישן נהר קטן ואין מהלכין בו אלא בספינות קטנות ובמס' שבת אמרי' בפ' הזורק (שבת דף קא.) הני ביצייתא דמישן כו':
48,הזורק,144,6,0,ביצייתא דמישן - מישן נהר קטן ואין מהלכין בו אלא בספינות קטנות ובמס' שבת אמרי' בפ' הזורק (שבת דף קא.) הני ביצייתא דמישן כו':
49,הזורק,144,6,0,ביצייתא דמישן - מישן נהר קטן ואין מהלכין בו אלא בספינות קטנות ובמס' שבת אמרי' בפ' הזורק (שבת דף קא.) הני ביצייתא דמישן כו':
50,המוכר את הבית,153,6,4,הכי גרסינן ואלא דקרו ליה נמי לבקר צמד כולה זבין ליה - דכי האי גוונא גרסינן גבי המוכר בית לחבירו בבירה גדולה בפרק המוכר את הבית (לעיל בבא בתרא דף סא:):
51,הזהב,153,7,3,"ואי אין הדמים ראיה - כלומר נהי נמי דאין הדמים ראיה ומכר את הצמד לא מכר את הבקר דמשמע אבל הצמד מכור ואמאי ליהוי ביטול מקח שיבטל המקח ויחזיר לו דמיו ויטול צמדו כדין כל אונאה יתר משתות דבטל המקח בפרק הזהב (ב""מ דף מט:) ובשתות מצומצם אמרינן קנה ומחזיר אונאה ובפחות הויא מחילה:"
52,הזהב,154,0,1,והתנן - בפרק הזהב:
53,הנהנה מן ההקדש,156,4,7,"ובמה שבתוכן - אם נהנה מגופן שאכל מן הפירות ומן היונים ומן המים כדנפקא לן במסכת מעילה בפרק הנהנה מן ההקדש (מעילה דף יח: ע""ש) דבמחובר לקרקע יש מעילה אם נהנה אע""פ שלא פגם ובתלושין לא הויא מעילה עד שיפגם:"
54,האשה,157,3,0,"אימור דשמעת ליה לר""מ כגון פירות דקל - שהמוכר פירות דקל לחבירו אע""פ שעדיין לא באו לעולם אינו יכול לחזור בו משיבואו לעולם דהא ודאי עבידי דאתו דומיא דע""מ שאתגייר דדעתיה לאיגיורי וכי האי גוונא נמי מפרשינן לע""מ שאשתחרר ע""מ שתשתחררי כו' שהבטיחו רבו לשחררו ומיהו ר""מ לא איירי בפירות דקל אלא רב הונא דקאי כוותיה במסכת יבמות בפ' האשה רבה (יבמות דף צג.) דאמר רב נחמן בר יצחק רב הונא כרב ורב כרבי ינאי ורבי ינאי כרבי חייא ורבי חייא כר""מ וכולהו סבירא להו אדם מקנה דבר שלא בא לעולם רב הונא מאי היא דאיתמר המוכר פירות דקל לחבירו אמר רב הונא עד שלא באו לעולם יכול לחזור בו משבאו לעולם אינו יכול לחזור בו:"
55,האשה,157,3,0,"אימור דשמעת ליה לר""מ כגון פירות דקל - שהמוכר פירות דקל לחבירו אע""פ שעדיין לא באו לעולם אינו יכול לחזור בו משיבואו לעולם דהא ודאי עבידי דאתו דומיא דע""מ שאתגייר דדעתיה לאיגיורי וכי האי גוונא נמי מפרשינן לע""מ שאשתחרר ע""מ שתשתחררי כו' שהבטיחו רבו לשחררו ומיהו ר""מ לא איירי בפירות דקל אלא רב הונא דקאי כוותיה במסכת יבמות בפ' האשה רבה (יבמות דף צג.) דאמר רב נחמן בר יצחק רב הונא כרב ורב כרבי ינאי ורבי ינאי כרבי חייא ורבי חייא כר""מ וכולהו סבירא להו אדם מקנה דבר שלא בא לעולם רב הונא מאי היא דאיתמר המוכר פירות דקל לחבירו אמר רב הונא עד שלא באו לעולם יכול לחזור בו משבאו לעולם אינו יכול לחזור בו:"
56,האשה רבה,157,3,0,"אימור דשמעת ליה לר""מ כגון פירות דקל - שהמוכר פירות דקל לחבירו אע""פ שעדיין לא באו לעולם אינו יכול לחזור בו משיבואו לעולם דהא ודאי עבידי דאתו דומיא דע""מ שאתגייר דדעתיה לאיגיורי וכי האי גוונא נמי מפרשינן לע""מ שאשתחרר ע""מ שתשתחררי כו' שהבטיחו רבו לשחררו ומיהו ר""מ לא איירי בפירות דקל אלא רב הונא דקאי כוותיה במסכת יבמות בפ' האשה רבה (יבמות דף צג.) דאמר רב נחמן בר יצחק רב הונא כרב ורב כרבי ינאי ורבי ינאי כרבי חייא ורבי חייא כר""מ וכולהו סבירא להו אדם מקנה דבר שלא בא לעולם רב הונא מאי היא דאיתמר המוכר פירות דקל לחבירו אמר רב הונא עד שלא באו לעולם יכול לחזור בו משבאו לעולם אינו יכול לחזור בו:"
57,האשה,157,3,0,"אימור דשמעת ליה לר""מ כגון פירות דקל - שהמוכר פירות דקל לחבירו אע""פ שעדיין לא באו לעולם אינו יכול לחזור בו משיבואו לעולם דהא ודאי עבידי דאתו דומיא דע""מ שאתגייר דדעתיה לאיגיורי וכי האי גוונא נמי מפרשינן לע""מ שאשתחרר ע""מ שתשתחררי כו' שהבטיחו רבו לשחררו ומיהו ר""מ לא איירי בפירות דקל אלא רב הונא דקאי כוותיה במסכת יבמות בפ' האשה רבה (יבמות דף צג.) דאמר רב נחמן בר יצחק רב הונא כרב ורב כרבי ינאי ורבי ינאי כרבי חייא ורבי חייא כר""מ וכולהו סבירא להו אדם מקנה דבר שלא בא לעולם רב הונא מאי היא דאיתמר המוכר פירות דקל לחבירו אמר רב הונא עד שלא באו לעולם יכול לחזור בו משבאו לעולם אינו יכול לחזור בו:"
58,המוכר את הבית,159,0,0,דתנן כוורת דבורים כו' - כבר פירשתי בפ' המוכר את הבית:
59,האשה,161,5,0,מעשר ראשון לכהן - ולא ללוי כדמפרש בכתובות בפרק האשה שנתארמלה ומוקי לה לבתר דקנסינהו עזרא ומשמע ליה לר' אלעזר בן עזריה לוים דקרא אף כהנים במשמע דבעשרים וארבעה מקומות נקראו כהנים לוים:
60,האשה,161,5,0,מעשר ראשון לכהן - ולא ללוי כדמפרש בכתובות בפרק האשה שנתארמלה ומוקי לה לבתר דקנסינהו עזרא ומשמע ליה לר' אלעזר בן עזריה לוים דקרא אף כהנים במשמע דבעשרים וארבעה מקומות נקראו כהנים לוים:
61,האשה שנתארמלה,161,5,0,מעשר ראשון לכהן - ולא ללוי כדמפרש בכתובות בפרק האשה שנתארמלה ומוקי לה לבתר דקנסינהו עזרא ומשמע ליה לר' אלעזר בן עזריה לוים דקרא אף כהנים במשמע דבעשרים וארבעה מקומות נקראו כהנים לוים:
62,האשה,161,5,0,מעשר ראשון לכהן - ולא ללוי כדמפרש בכתובות בפרק האשה שנתארמלה ומוקי לה לבתר דקנסינהו עזרא ומשמע ליה לר' אלעזר בן עזריה לוים דקרא אף כהנים במשמע דבעשרים וארבעה מקומות נקראו כהנים לוים:
63,המוכר פירות,163,8,1,תניתוה - בפרק המוכר פירות לקמן מי שיש לו גינה לפנים מגינתו של חבירו כו' והחיצון זורע הדרך הכא נמי בעל השדה זורע את הדרך כלומר אורה וסלו:
64,הזהב,165,7,0,"גמ' אמר רב חסדא מכר לו שוה חמש בשש - שעתה נתאנה לוקח שתות מעות שהרי מו' מעות שנתן לו למוכר לא היה לו ליתן כי אם ה' דאינו שוה אלא ה' אבל שוה ו' בה' דלקמיה הוי שתות מקח שנתאנה המוכר מפשוט אחד שהוא חלק שש משוייו של מקח ששוה ששה ובה' מכרו וקרי ליה רב חסדא אונאה וקאמר בתרוייהו שנתאנה יכול לחזור בו דסבירא ליה כשמואל דאמר בפרק הזהב (בבא מציעא דף מט:) אף שתות מעות שנינו דלא שנא אונאת שתות דמעות או אונאת שתות דמקח דהויא אונאה ויכול לחזור מי שנתאנה כדתנן מי שהוטלה האונאה עליו ידו על העליונה ותניא כוותיה דשמואל ורב חסדא בפ' הזהב (שם) מי שהוטל עליו ידו על העליונה כיצד מכר לו שוה ה' בו' מי נתאנה לוקח יד לוקח על העליונה רצה אומר לו תן לי מעותי או תן לי מה שאוניתני מכר לו שוה ו' בה' נתאנה מוכר יד המוכר על העליונה רצה אומר לו תן לי מקחי כו' ומיהו לית הלכתא כרב חסדא אלא כרבא דפסק התם הלכתא שתות קנה ומחזיר אונאה ומיהו רב חסדא כסתם מתני' דהתם ס""ל דמי שהוטל עליו ידו על העליונה ואתא למימר דהיכא דמכר לו שוה חמש בו' דנתאנה לוקח והיה יכול לחזור בכדי שיראה לתגר או לקרובו כדאמר בגמ' בהזהב (שם) הוקרו בתוך אותו זמן ועמדו על שמנה דהשתא לבסוף נתאנה מוכר אפילו ביותר משתות דהוי ביטול מקח ורוצה מוכר לחזור עתה משום דעדיין לא נתקיים המקח לגמרי כל זמן שיכול לוקח לחזור דעדיין לא הראה לתגר או לקרובו והלכך הואיל ובתוך כך נתאנה גם הוא רוצה לחזור שהרי עתה נתאנו שניהם אפ""ה אינו חוזר דמי הוא שנתאנה מעיקרא בשעת מכירה לוקח הלכך יכול לחזור בו כל שעה שירצה בתוך זמן הקצוב לו אבל לא מוכר שהרי הוא היה המאנה וידו על התחתונה ואע""פ שלא נתקיים המקח עדיין כשחזר ונתאנה גם הוא:"
65,הזורק,169,2,3,תניתוה - משנה היא בגיטין בפרק הזורק (גיטין דף עז.):
66,הזורק,169,2,3,תניתוה - משנה היא בגיטין בפרק הזורק (גיטין דף עז.):
67,הזורק,169,2,3,תניתוה - משנה היא בגיטין בפרק הזורק (גיטין דף עז.):
68,הזורק,169,3,0,"דמחו [לה] מאה עוכלי בעוכלא - כלומר שדו בה נרגא מאה הכאות במשקל ששמו עוכלא ששיברו הטעם הזה דבפרק הזורק פרכינן ש""מ כליו של לוקח ברשות מוכר קנה לוקח ומתרצי כל הני אמוראי התם דלא תילף מינה:"
69,הזורק,169,3,0,"דמחו [לה] מאה עוכלי בעוכלא - כלומר שדו בה נרגא מאה הכאות במשקל ששמו עוכלא ששיברו הטעם הזה דבפרק הזורק פרכינן ש""מ כליו של לוקח ברשות מוכר קנה לוקח ומתרצי כל הני אמוראי התם דלא תילף מינה:"
70,הזורק,169,3,0,"דמחו [לה] מאה עוכלי בעוכלא - כלומר שדו בה נרגא מאה הכאות במשקל ששמו עוכלא ששיברו הטעם הזה דבפרק הזורק פרכינן ש""מ כליו של לוקח ברשות מוכר קנה לוקח ומתרצי כל הני אמוראי התם דלא תילף מינה:"
71,אלו נערות,170,6,2,"שהרי איסור שבת וחיוב גניבה באין כאחד - דבשעת הוצאת חוץ קנייה ונתחייב בסקילה ובכתובות בפרק אלו נערות פרכינן דמשכיה להיכא אי לרשות הרבים איסור שבת איכא איסור גניבה ליכא ומוקמינן לה כשצירף ידו למטה מג' וקבלה וידו של אדם חשובה לו כד' על ד' וקניא ליה ולא בטלה לגבי רה""ר לגבי קנייה ויש כאן [איסור] שבת וגניבה באין כאחד והך קנייה לאו משום הגבהה היא אלא משיכה לתוך ידו שהרי ידו סמוכה בתוך ג' לקרקע ואית דמוקי ליה התם בצידי רשות הרבים דלענין גניבה מיקנא קני ולענין שבת הוי רשות הרבים כרבי אליעזר:"
72,הזהב,171,3,0,"כור בשלשים אני מוכר לך - צריך היה לו למעות כנגד דמי הכור ולא נתכוין שיהא זה קונה פחות מכור ולא יותר מכור אלא כור בצמצום מקנה לו לא פחות ולא יותר הלכך אם משך ואע""פ שפסק ואפילו ברשות לוקח ובכליו של לוקח לא קנה עד שיהא הכור מדוד כולו דהכא מדידה מעכבא הואיל והקפיד במכירה פחות מכור ויותר מכור ומשום הכי יכול לחזור בו מכל המכירה אפילו כשמדד לו כ""ט סאין חוזר הוא כל זמן שלא נמדד סאה אחרונה ואע""פ שמשך הכ""ט סאין אינה משיכה מעליא דכור זה חד מקח הוא ועד דמשיך כוליה לא קני כדאמרי' בפרק הזהב (ב""מ דף מז.) דהיכא דמכר לו חמור בפרה וטלה ומשך את הפרה ולא משך את הטלה שניהם יכולין לחזור בהם משום דלא הוי משיכה מעלייתא ומתניתין דקתני משך ולא מדד קנה היינו כשמקנה לן כל החבילה כמות שהיא והמדידה גלויי מילתא בעלמא היא להודיע כמה מכר:"
73,הזהב,178,5,3,"כל דבר שבמדה - שהוטעה במדה אפילו פחות מכדי אונאה דהיינו פחות משתות דהוי מחילה בחפץ הנמכר באומד הכא חוזר משום דטעות גמור הוא ושניהן נמי חוזרין אלא משום דפחות מכדי אונאה הוי מחילה לגמרי לא נתכוין רבא אלא לאפוקי ממחילה ומיהו מקח טעות הוי לחזור שניהן דהא לרבא לית ליה חזרה במי שנתאנה טפי מן המאנה דפסק רבא בפרק הזהב (ב""מ דף נ.) הלכתא שתות קנה ומחזיר אונאה אבל בפחות משתות הוי מחילה וביותר משתות שניהן חוזרין:"
74,שור שנגח,182,1,4,"לשחיטה מכרתיו לך - דהא איכא דזבין לשחיטה ורובא לאו כלום הוא והוה ליה כי פלגא ופלגא והמוציא מחבירו עליו הראיה ואפילו לסומכוס דאמר בפרק שור שנגח ממון המוטל בספק חולקין וקיימא לן כוותיה דסתם לן תנא התם כוותיה ה""מ כגון שור שנגח את הפרה ונמצא עוברה בצדה ואין ידוע לבית דין היאך היה המעשה אם ילדה קודם נגיחה או אחר כן ואפילו טעין חד מינייהו טענת ברי ואידך טענת שמא כדאמרינן התם וכמו סבא ויבם בנכסי ספק בפרק החולץ (יבמוח דף לח.) דקיימא לן חולקין משום דאין ידוע אם בן ט' לראשון ויירשנו זקנו או בן ז' לאחרון ובנו של יבם הוא אבל הכא שאנו יודעין היאך היה המעשה הרי זה מכרן לזה סתם ונתגלה הדבר שהיה נגחן קודם לכן הכא מודה סומכוס דלא הוי ממון המוטל בספק אלא אזלינן בתר ההוא שטוען יפה דכיון דרובא לא כלום הוא לא היה לו למוכר לפרש אלא הלוקח הוה ליה למימר לרדיא קבעינא ליה ומדלא פי' הפסיד ולא דמי ליין ונמצא חומץ (לעיל בבא בתרא פג:) דהתם יין קתבע מיניה דמוכר בהדיא:"
75,אחד דיני ממונות,184,5,3,ורבי אחא אומר כו' - בתר אומדנא אזיל בדיני ממונות והכי אמרינן בסנהדרין בפרק אחד דיני ממונות:
76,כל שעה,186,10,1,"כל סאה - תבואה שיש בה רובע הקב ממין אחר ימעט דלא ליהוי רובע ואח""כ יזרענו וכן פי' רבינו חננאל א""נ נזרעו אלא שלא נשרשו עדיין ימעט אבל אם נשרשו אין להם עוד תקנה שכבר נאסרו בהשרשה כדנפקא לן בפסחים בפרק כל שעה (פסחים דף כה.) מהמלאה והזרע זרוע מעיקרו בהשרשה ובספרי נמי תניא לה בהדיא התבואה משתשריש:"
77,איזהו נשך,187,8,0,התם משעת כתיבה - קעבר המלוה אלא תשימון עליו נשך דמהכא נפקא לן בפ' איזהו נשך:
78,בית כור,187,11,0,"ת""ש דתני רבין כו' - לקמן בפ' בית כור תנן בית כור עפר אני מוכר לך מדה בחבל כו' ואם אמר לו הן חסר הן יתר אפילו פיחת רובע לסאה או הוסיף רובע לסאה הגיעו דהיינו ל' רבעים לבית כור דהוי ל' סאין יתר מיכן יעשה חשבון ויחזיר לו כיון דאיכא מותר מרובע ותני רבין בגמ' לא את המותר של רובע לכל סאה הוא מחזיר לבדו אלא את כל הרבעים כולן כל ל' רבעים של בית כור ומותרותיהם הכל מחזיר דהיכא דבא לשלם משלם את כולו ולעיל נמי היכא דבא לנפות מנפה את כולו ומסייעא לרב הונא ואלישנא קמא דאמרי לה דינא קמסייע דהכא והתם חד טעם הוא דרובע מחיל איניש אבל כי איכא טפי מרובע הוי דבר חשוב ולא מחיל מידי:"
79,הזהב,188,2,1,שתות קנה - אליבא דר' נתן אבל אליבא דר' יהודה הנשיא רצה אומר תן לי מעותי או תן לי מה שאוניתני בפרק הזהב:
80,בית כור,198,9,1,"ה""ג דייני גולה אמרי - והיינו שמואל וקרנא בפ""ק דסנהדרין (דף יז: ע""ש) והלכך לא גרסי' תניא דאמוראי נינהו אי נמי ה""ג תנו דייני גולה שונים ברייתא ובפ' בית כור (לקמן בבא בתרא דף קז:) גרסינן נמי הכי:"
81,המוכר את הספינה,205,3,1,"פיחת כל שהוא - שלא היה באותו שדה בית כור שלם ינכה המוכר כפי הפחת והמקח קיים ואע""ג דאמר רבא בפ' המוכר את הספינה (לעיל בבא בתרא דף צ.) כל דבר שבמדה ושבמשקל ושבמנין אפי' פחות מכדי אונאה חוזר ומוכח התם דמקח טעות הוי ה""מ במטלטלין אבל בקרקע לא שייך בהו חזרה דקים להו לרבנן דניחא ליה ללוקח לקנות מה שימצא לפי המדה הן חסר והן יתר ומוכר נמי הכי קא""ל בית כור עפר אני מוכר לך לפי מדת החבל ואם יחסר אנכה ואם יותר תחזיר לי ואע""ג דאין אונאה לקרקעות ה""מ כשימכור לו ביוקר יותר משתות אבל היכא דמטעין זה את זה במדה צריך לנכות מן הדמים:"
82,הזהב,208,5,1,"יכול לחזור בו אפילו בסאה אחרונה - ואע""פ שמשך עשרים ותשע אינה משיכה דכוליה חד מקח הוא ועד דמשיך לכוליה לא קני מידי כדאמרינן בפ' הזהב (ב""מ דף מז.) דהיכא דמכר ליה חמור בפרה וטלה ומשך את הפרה ולא משך עדיין את הטלה שניהן יכולין לחזור משום דלא הוה משיכה מעלייתא:"
83,המקבל,209,0,1,"דהתם - גבי מרחץ טעמא מאי יחלוקו משום דתפיס כל אחד החצי כדאוקימנא בבא באמצע החדש והוא הדין לרבנן דאזלי' בתר פחות שבלשונות שהמוכר מוחזק הוא וכגון שקבל כבר הדמים הכא נמי גבי ראשון ראשון קנה היינו טעמא דהוא תפיס דמה שתפס לא מפקינן מיניה ולא משום לשון אחרון דהוא הדין אי אמר איפכא והא ליכא למימר דשמואל כבן ננס סבירא ליה דתפוס לשון אחרון כדאמר ראשון ראשון קנה דמשמע תפוס לשון אחרון והאי דאוקי למתני' דהתם בבא באמצע חדש כו' היינו טעמא כדאמרן לעיל דאיכא למימר מיהדר קמהדר ביה ואיכא למימר פרושי קמפרש אבל היכא דודאי קהדר ביה סבירא ליה תפוס לשון אחרון כבן ננס ליכא למימר הכי דכיון דאמר זו דברי בן ננס משמע דלא סבירא ליה ועוד דבהא לא פליג שמואל עליה דרב דאמר חלוקין עליו חביריו על בן ננס ואשמועינן דההיא משנה דמרחץ רבנן היא ולא מספקא לן אי פרושי מפרש אי לא אלא ודאי מיהדר הדר ביה ומכחיש לשון אחרון את הראשון ואפ""ה קתני יחלוקו דלא אמרינן תפוס לשון אחרון אלא ספיקא היא וכיון דאשמועינן רב התם גבי מרחץ מיהדר קהדר ביה ולאו פרושי קא מפרש שמואל נמי הכי סבירא ליה ועוד דשמואל נמי קאמר אבל חכמים אומרים כו' אלמא סבירא ליה דההיא משנה דמרחץ רבנן היא ומיהו ליתא הלכתא כרב דאמר בסמוך אי הואי התם הוה יהיבנא כוליה למשכיר דתפוס לשון אחרון כבן ננס ולא כשמואל דאוקמה בבא באמצע החדש אלא כרב נחמן דפליג עלייהו התם ואמר קרקע בחזקת בעליה עומדת ואפילו בא בסוף החדש כולו למשכיר שהספק לאו עכשיו נולד שמתחלת החדש נולד והעמד קרקע על חזקתו ונמצא שדר על בית של חבירו וצריך להעלות לו שכר ואע""ג דאפיך מיפך וא""ל מעיקרא מדינר זהב לחדש בשנים עשר זהובים לשנה קאמר רב נחמן נמי כולו למשכיר דטעמא לאו משום תפוס לשון אחרון הוא אלא ספוקי מספקא ליה כשמואל רביה וספיקא שדי לה אתחלת החדש וקרקע בחזקת בעליו תעמידנו והכי הלכתא דאמרינן בפרק המקבל והא קיימא לן כרב נחמן דאמר קרקע בחזקת בעליה עומדת התם לאו מלתא דעביד לאיגלויי היא כו' וגבי מתני' דהכא נמי ליתא הלכתא כבן ננס לתפוס לשון אחרון אלא ספיקא היא כשמואל וכרב נחמן וקרקע בחזקת בעליה עומדת והלך אחר פחות שבלשונות כרבנן ויד מוכר על העליונה וגבי כור בשלשים סאה בסלע נמי כיון דמטלטלי נינהו מודי רב נחמן דראשון ראשון קנה דמאי דתפיס תפיס דבקרקע הוא דאמרינן לעולם בחזקת בעלים הראשונים קיימא דקרקע אינה נגזלת אבל במטלטלין הלך אחר המוחזק משניהם:"
84,הזהב,209,3,0,"תפוס לשון אחרון - כבן ננס איסתרא סלע מדינה והוא חצי דינר שהוא שמיני שבסלע צורי כדאמרינן בהחובל בהתוקע לחבירו (ב""ק צ:) וחצי דינר תשעים ושש פרוטות שהפרוטה אחד משמונה באיסר והחצי דינר שלש מעות כסף שהוא ו' פונדיונין והפונדיון שני איסרין הרי שנים עשר איסרין לחצי דינר תן לכל איסר ח' פרוטות הרי תשעים ושש נמצא מאה מעי דהיינו ק' פרוטות יתירים על איסתרא ארבע פרוטות. מעות סתם היינו פרוטות של נחשת והכי מוכח בפרק הזהב (ב""מ מה.) דאמרינן תא שמע הפורט סלע ממעות מעשר שני ב""ש אומרים בכל הסלע מעות כו' השתא לב""ש לגבי פריטי מחללינן כו' אבל של כסף שיש ששה בדינר נקראין מעות כסף:"
85,אלמנה ניזונת,210,3,1,"הכי גרסינן בתוספתא (פ""ו) בסימניו ובמצריו פיחת שתות או הותיר שתות כשום הדיינין הגיעו בכתובות בפרק אלמנה ניזונת (כתובות דף צט:) תנן שום הדיינין שפחתו שתות או הותירו שתות מכרן בטל - שום הדיינין ב""ד שירדו לשום נכסי יתומים למכרן למזון האשה והבנות:"
86,אלמנה ניזונת,210,3,2,והא שום הדיינין - דטעות שתות דידהו הוי ביטול מקח כיתר משתות כדתנן בפרק אלמנה ניזונת כדפרישית וכיון דמדמי שתות דמכירת בית כור דמתני' כשום הדיינין אלמא כיתר משתות הוא ויחזיר וקשיא לרב הונא והאי דקתני הגיעו לקמיה מפרש לה שפיר:
87,רבן גמליאל,212,1,5,ורביע במעות - כמו או רביע מעות וכדתנן במס' יבמות (דף נ.) בפרק רבן גמליאל ועשה מאמר ונתן גט ובעל ואמרינן או או קתני והכי פירושו יחזיר לו רביע חלקו או קרקע או מעות:
88,הלוקח עובר פרתו,213,6,0,"גמ' לוקח נוטל כחוש - יד הלוקח על התחתונה לפיכך נותן המוכר ללוקח המקום הגרוע שבאותו שדה דדלמא דמי חצי השדה אמר לו לפיכך נוטל מן הכחוש יותר מן החצי כדי דמי חצי השדה כדמפרש לקמיה והיינו רווחא דמוכר דרוצה אדם בקב עידית יותר משני קבין זיבורית והא דקתני משמנין היינו כדמפרש בבכורות בפרק הלוקח עובר פרתו דקתני שני רחלין שלא ביכרו וילדו שני זכרים כו' ר' עקיבא אומר משמנין ביניהן ומפרש ר' יוחנן בגמ' וכהן נוטל כחוש וכל כי הך סוגיא איתא התם ומפרש מאי משמנין שומן יהא ביניהן ואי מייתי כהן ראיה שקיל ה""נ שומן יהא ביניהן ומה ששוה חצי השדה היפה יותר מן החצי הכחוש יהא ביניהן ויוסיף לו מוכר ללוקח מן הקרקע הרבה עד שיהא שוה כחלק היפה שעיכב המוכר לעצמו כדמפרש לקמיה ומיהו לגמרי לא יפסיד הלוקח השומן כי התם דהתם שמא הכחוש של כהן הוא הלכך כיון דלא מצי מייתי ראיה מפסיד אבל הכא ודאי מכר לו כל חצי שדהו והדבר ידוע דכל החצי מוכר ומן הדין היה לו ליטול חצי היפה וחצי הכחוש אלא משום דמצי א""ל דמי חצי השדה מכרתי לך כדלקמן הלכך ידו על התחתונה ליטול מן הכחוש בשוה חצי השדה:"
89,אין מקדישין,215,3,2,ולשדה אחוזה - דרשינן בערכין בפרק אין מקדישין ותניא נמי בתורת כהנים ואם לא יגאל את השדה בעליו שהקדישו ואם מכר את השדה הגזבר מכרה לאיש אחר לאיש אחד ולא לבנו של מקדיש והיה השדה בצאתו ביובל קודש וגו' שיוצאה לכהנים ביובל אבל אם לא פדאו איש אחר אלא בנו חוזרת לאביו ביובל אבל אם אחיו של מקדיש פדאו יוצאה לכהנים כדכתיב לאיש אחר דהיינו אחיו אבל בנו לאו אחר הוא והתם נמי פרכינן מה ראית לרבות את הבן כו' כי הכא שכן קם תחת אביו כו' אבל לא מצי למימר שבן קודם את אחי המת לנחלה כמו שסדור בפרשה ואם אין לו בן והעברתם את נחלתו לבתו ואם אין לו בת ונתתם את נחלתו לאחיו דכיון דקראי לאו כסדרן כתיבי כדמוכח קרא כדכתב הקרוב קרוב קודם ונימא דאח קודם בין לאב בין לבן:
90,אחד דיני ממונות,225,3,0,"דלמא דין נחלות קאמרת - שאין דנין אותן אלא ביום כשאר דיני ממונות דכתיב בהו (ירמיהו כא) בית דוד דינו לבקר משפט דהא כל שאר נחלות נמי מיקרו משפט כדתניא דכתיב בסוף פרשת נחלות והיתה לבני ישראל לחוקת משפט מדקרי להו משפט ש""מ כל שאר נחלות נמי ביום ואי משום דכתיב ושפטו את העם בכל עת הא אוקמיה רבא בסנהדרין בפרק אחד דיני ממונות (סנהדרין דף לד:) לגמר דין אבל תחלת דין ביום דלהכי כתיב ביום הנחילו והיינו דתנן דיני ממונות דנין ביום וגומרין אף בלילה:"
91,מי שמת,225,4,3,"רצו עושין דין - דהא שלשה נינהו ודנין ואומרים כך הדין שפלוני יטול חלק זה ופלוני חלק זה שדמיהן מכוונין בשוה וכותבין להם פסק דין שלא יוכלו עוד לערער זה על זה כלום ואע""ג דאין כאן אדם שמעיד בפניהם כלום הא פרכינן בר""ה לא תהא שמיעה גדולה מראיה וכיון דהן רואין את החולה שמחלק נכסיו בפניהם הודאת בעל דין כמאה עדים דמי ולצורך מה יעידו עדים בפניהם והני מילי דאם רצו עושין דין דמשמע שאפילו החולה אינו יכול לחזור בו כגון מתנת שכיב מרע במקצת ודאיכא קנין דתו לא מצי הדר ביה כדאמרן לקמן בפרק מי שמת (בבא בתרא דף קנא:) אבל בלא קנין כיון דיכול לחזור אין עושין דין כדמוכח לקמן שאין להן לדיינין לעשות דין בדבר שאפשר להבטל ואם דנו אין דיניהן דין דעדיין לא קנו עד שימות האב שמא יחזור בו:"
92,החובל,226,0,0,"אפילו הן שלשה כותבין ואין עושין דין - למחר אפילו לא כתבו אלא אם כן יבואו אחרים ויעידו בפניהם כדאמר בראש השנה ראוהו שלשה והן בית דין יושיבו מחבריהם אצל היחיד אחד מהשלשה ויעידו השנים בפניהן ויאמרו השלשה מקודש ופרכינן התם ולוקמו בדוכתייהו וליקדשו ומוקמינן כשראוהו בלילה הלכך הן עצמן אינם יכולין לקדש למחר שהרי בלילה עדים היו ולא דיינין ולמחר אין עד הרואה בדבר נעשה דיין על פי עדות עצמו אלא אם כן יעיד אחר בפניו דהשתא אינו עושה הדין על פי עדות עצמו והלכך אחד מן השלשה שראו החדש כשמושיבין שנים אצלו להיות דיינין ושנים הרואין מעידין בפניהם יכול הוא להיות דיין אע""פ שראוהו בלילה עמהן שהרי ע""פ עדות אחרים שמעידין לפניו הוא דן את הדין ולא על פי ראיית עצמו דאין לנו לפסול דיינין בשביל שראו בדבר כל זמן שלא העידו אלא שהוא עצמו לא ידון את הדין על פי ראיית עצמו דאין עד נעשה דיין וכגון שראה בשעה דאינו יכול להיות דיין אבל אם ביום ראה דבההיא שעתא מצי לדון את הדין דלא תהא שמיעה גדולה מראייה מה לי אם ידון עכשיו מה לי אם ידון למחר והכא נמי מהאי טעמא משום דהוו להו עדים בראיית הלילה דלא מצי למימר לא תהא שמיעה גדולה מראייה דההיא ראייה לא חשבינן לה כעדות שהועד בפניהן אלא היכא דראו בשעה שיכולין לעשות הדין אבל היכא דראו בשעה שאין יכולין להיות דיינין כגון בלילה ההיא ראייה ראיית עדים היא שרואין בדבר ולא ראיית דיינין היא והלכך ע""פ ראייתן דהיינו כאילו הם עדים אין יכולין הן עצמן להיות דיינים על פי ראיית עצמן דאין עד נעשה דיין ומיהו ב""ד שהעידו לפניהם עדות בלילה עדות גמורה היא ויכולין לדון למחר ביום אבל ראייה דידהו שרואין בלילה לא חשבינן כאילו הועד לפניהם בלילה דכיון דלא חזו בההיא שעתא לדינא ראייה דידהו אינה כשמיעה ממש ששמעו מפי עדים בלילה אלא הן עצמן נעשו עדים ושוב לא יהו דיינין בעדות עצמן אא""כ יעידו אחרים בפניהם והכי הלכתא וכי הא סוגיא אשכחן בב""ק בפ' החובל (בבא קמא דף צ:) גבי התוקע לחבירו:"
93,נערה המאורסה,239,7,0,"על השחיטה - בחוץ חייב כרת אפילו השוחט עוף קדשים בחוץ כדנפקא לן בתורת כהנים ובזבחים (דף קז.) מאו אשר ישחט ואינו חייב על המליקה של עוף בחוץ משמע דזה כעניין שמפורש בפרשה חייב כדכתיב כי ישחט ולא כי ימלוק: ה""ג בתורת כהנים ובנדרים בפרק נערה המאורסה על השחיטה חייב ואינו חייב על המליקה ולב""ה דדרשי ליה לג""ש נפקא להו מהיכא דנפקא לן בת""כ ת""ל אשר ישחט על השחיטה חייב ואין חייב על המליקה:"
94,נערה המאורסה,239,7,2,"ואין חכם מפר - שאם אמר מופר לך לא אמר כלום דהכי משמע זה הדבר זה הדבור כמו שכתוב בפרשה מעכב לזה לשון התרה ולזה לשון הפרה והכי אמרי' בהדיא בפרק נערה המאורסה (נדרים דף עז:) א""ר יוחנן חכם שאמר בלשון בעל ובעל שאמר בלשון חכם לא אמר כלום דתניא זה הדבר חכם מתיר ואין בעל מתיר שיכול כו' ותניא אידך זה הדבר בעל מיפר ואין חכם מיפר שיכול כו' ולב""ה נפקא להו מסברא כדפרישית לעיל דבחכם שייך לומר לשון היתר ובבעל לשון הפרה:"
95,כל שעה,248,4,0,"לטעמייהו דבני מערבא אמרי' ולן לא סבירא לן - ושינויא הוא דקמשני רבה אנא ורב נחמן לא סבירא לן דבני מערבא דשלחו מתם כלל אלא כרב יהודה אמר שמואל דאמר אליבא דרבנן אין הבכור נוטל פי שנים במלוה וכדפסקי' נמי הלכתא לקמן לא שנא גבו מעות לא שנא גבו קרקע אין הבכור נוטל פי שנים ואפי' לרב נחמן דאמר יתומים שגבו קרקע בחוב אביהן בע""ח חוזר וגובה אותה מהן אפ""ה מודה דלגבי בכורה לא חשיב קרקע הלוה מוחזק למלוה ולא שקיל בה בכור פי שנים כדפסקינן הלכתא לקמן והכא היינו טעמא דרב נחמן כדמפרש בפסחים בפ' כל שעה דאיתמר בע""ח אביי אמר למפרע הוא גובה רבא אמר מכאן ולהבא הוא גובה דלא חשיב מוחזק אלא משעת גבייה ואילך וכדמפרש התם טעמא דרבא כיון דאילו הוה ליה זוזי הוה מסלק ליה זוזי אשתכח דהשתא הוא דקא קני ומותבינן לרבא מהא דאמר רב נחמן אמר רבה בר אבוה יתומין שגבו קרקע כו' אי אמרת בשלמא למפרע הוא גובה אמטו להכי חוזר וגובה אותה מהן דכמאן דגבי ליה מחיים דאבוהון דמי אלא אי אמרת מכאן ולהבא הוא גובה לא יהא אלא כזבין יתמי ואילו קנו יתמי נכסי מי משתעבדי לבע""ח ומשני שאני התם דאמר להו בע""ח דאבוהון כי היכי דמשעבד ליה ההוא לוה לאבוכון ה""נ משעבד לדידי מדר' נתן כו' וההוא שינוייא דסמכא הוא דהא רבא דהלכתא כוותיה לגביה דאביי הוא משני להא דרב נחמן הכי הלכך אפי' ר""נ לא חשיב לקרקע של לוה מוחזק למלוה עד שתבא לידו משום דאי הוה בעי הוה מזבין ליה עד השתא דמכאן ולהבא הוא גובה והלכך מאי דא""ר נחמן גבו קרקע אין לו גבו מעות יש לו לטעמייהו דבני מערבא קאמר דאמרי אליבא דרבנן דנוטל במלוה פי שנים דחשבינן לה מוחזקת למלוה ואתא רב נחמן למימר לדידי לא שנא גבו קרקע לא שנא גבו מעות אין לו דק""ו הוא כדאמרן לעיל שבחא דממילא אמרי רבנן דלא שקיל מלוה מיבעי אלא לדידהו בקרקע מודו לי מיהא דלא שקיל דהאי ארעא לא שבק להו אבוהון כדאמרינן לקמן שלחו מתם הלכתא כרב ענן כדפריש רבה טעמייהו דאי קדים סבתא כו' דמהתם שמעי' דלא חשבי בני מערבא לקרקע של לוה מוחזק למלוה והלכך האי שלחו מתם דלעיל מיבעי לן לאוקמי במעות ולא בקרקע דלא תקשי דבני מערבא אבני מערבא ומשום הכי אמר רב נחמן גבו קרקע אין לו גבו מעות יש לו ומיהו לא סבירא ליה אלא בין קרקע בין מעות אין לו כדפרישי' ורבה נמי לטעמייהו דבני מערבא קאמר לדידי ל""ש מעות לא שנא קרקע אין לו כדרב יהודה אמר שמואל דהא לא היה אבוהון מוחזק לא בהאי קרקע ולא בהאי מעות מיהא בני מערבא כיון דחשיבי לי' מוחזק במלוה ויטול בה הבכור פי שנים איכא למימר דבגבו קרקע הוא דקאמרי דיש לו דדמי מוחזק טפי ממעות דהא אשתעבד ליה מיהא בחייו אבל הני מעות לא אישתעבדו ליה כלל ובגבו מעות מודו לי דאין לו והאי דשלחו מתם לקמן הלכתא כרב ענן כו' וכדמפרש רבה מסתבר טעמייהו דבני מערבא כו' התם ודאי בדין הוה דלא ירית בעל דה""ל ראוי לגמרי ולא אשתעבד לא לבעל ולא לאשתו הני נכסי דזקנה כלל שהרי לא לוותה מן הבת ומן בעלה כלום ואי קדים סבתא וזבנא זבינה זביני אבל נכסי דלוה כיון דמשתעבדי למלוה ואי זבין לא זביני ויכול לטרוף מן הלקוחות הרי הן כמוחזקין בידו ושקיל בהו בכור פי שנים אבל גבו מעות ודאי אין לו:"
96,מי שמת,251,4,0,המחלק נכסיו על פיו - דצוואת שכיב מרע אינה צריכה קנין ולא שטר ולא משיכה אלא בדבור פיו בעלמא וכגון שמצוה מחמת מיתה כדאמר לקמן בפרק מי שמת:
97,זה בורר,254,4,0,"שלישי כשר - להעיד בקרובו שני כגון בן חנוך שכשר להעיד בימואל בן שמעון דבנו של חנוך שלישי לראובן וימואל בן שמעון שני הוא וראובן ושמעון ראשונים אבל שני בשני פסול כגון בן ראובן לבן שמעון כדנפקא לן בסנהדרין מלא יומתו אבות על בנים דבנים להדדי נמי מיפסלי אבות היינו ראובן ושמעון ובנים היינו חנוך וימואל אבל שלישי בשני לא אשכחן דפסול ומשום דאיכא למ""ד בפרק זה בורר בסנהדרין דשלישי בשני פסול להכי אצטריך למימר הכא דכשר:"
98,זה בורר,254,8,0,ונעשה חתנו - ונעשה פסול לעדותו בכך כדאמרינן בסנהדרין בפרק זה בורר (סנהדרין דף כז:):
99,זה בורר,254,9,0,ומתה בתו - דהיינו קרוב ונתרחק וכגון שאין לו בנים הימנה כדתנן בפ' זה בורר (שם):
100,זה בורר,256,0,0,"אי לאפוקי מדרבא - דאמר אף בראשון והלא מוסיף הוא על דברי ר' אבא דאמר שלישי בשני כשר ואתא איהו למימר דאף בראשון ואיכא למימר דאפי' ר' אבא מודה והיא גופה אצטריך לר' אבא לאשמועי' דשלישי בשני כשר דאיכא למ""ד בסנהדרין פסול בפרק זה בורר (סנהדרין דף כח.) ולאו למידק מינה הא שלישי בראשון פסול דדלמא עובדא הוה בשלישי בשני ושלח ליה דכשר:"
101,מרובה,257,9,1,"תוך כדי דבור - היינו כדי שאילת תלמיד לרב כדאמר בפ""ק דמס' מכות (דף ו.) א""ל רב אחא מדפתי לרבינא מכדי תוך כדי דבור היכי דמי כדי שאילת תלמיד לרב כו' ושאילת תלמיד לרב שלום עליך רבי כדאמרי' בפרק מרובה (ב""ק דף עג:) כי לית ליה לר' יוסי כדי שאילת תלמיד לרב שלום עליך רבי כו':"
102,בית כור,257,10,0,"והלכתא כל תוך כדי דבור כדבור דמי - כל שני דברים שאדם מוציא מפיו זה אחר זה בתוך כדי דבור שסיים דבור הראשון התחיל דבור האחרון לא חשבינן ליה נמלך אלא הרי הוא כאילו אמר שני דברים ביחד ואם שניהם יכולים לתפוס כגון הרי זו תמורת עולה תמורת שלמים תמכר ויביא בדמי חציה עולה ובדמי חציה שלמים דהא לשניהן איתכוין אלא שאין יכול להוציא שני דברים כאחד ואם האחד יש בו כח לתפוס והאחד אינו כלום יתפוס האחד והאחד כמאן דליתיה כגון ירושה ומתנה לאחד לשון ירושה בטל ולשון מתנה קונה ואם שניהם סותרין זה את זה כי היכי דאמר בפ' בית כור (לעיל בבא בתרא דף קד:) כגון מדה בחבל הן חסר הן יתר וכגון איסתרא מאה מעי וכגון מעשה דשכירות מרחץ בי""ב זהובים לשנה בדינר זהב לחדש יש מהן שאומר תפוס לשון ראשון ויש שאומר שתפוס לשון אחרון ויש שמספקא ליה ואומר יחלוקו ויש שהולך אחר המוחזק ושם פירשתי דיניהן והיכא דהדר ביה בהדיא תוך כדי דבור דאמר חוזרני בי הכל מודים דהויא חזרה:"
103,מי שמת,261,4,1,"לא עשאה אלא אפוטרופא - דאומד הדעת הוא דאין אדם מניח את בניו ונותן את הכל לאשתו ולא נתכוין אלא לעשותה אפוטרופא כדי שיחלקו לה בניו כבוד משום דאוקי אבוהון נכסי ברשותה לפרנסם מהם כפי אומד דעתה ויהיו כפופים לה ולקמן מני לה מהני תלת מילי דשוינהו רבנן כהלכתא בלא טעמא דדברי נבואה הם בפ' מי שמת לפי שאנו מניחין מה שכתוב בשטר בהדיא שנתן לה הכל לילך אחר אומד דעתנו ובשכיב מרע מיירי ורבא בעי לקמן בבריא היאך ומשו""ה נקט לה הכא וכן הא דתנן התם דלקמן נמי משום דרבא בעי עלייהו נמי בבריא היאך ודוקא כל נכסיו דליכא שיור לא במקרקעי ולא במטלטלי אבל אי איכא שיור קנתה ומיהו הכותב נכסיו לאחר שאין בו אומד הדעת שאינו חש כל כך לכבודו אמרי' לקמן דאם כתב לו כל נכסיו אם מת קנה הכל דכיון דלא שייר מידי צואת שכיב מרע היא זו שהיה ירא למות והוו דבריו ככתובין וכמסורין:"
104,כל שעה,262,2,4,ותעמוד על מתנתה - אם אפשר לה להתקיים הלכך כיון דלא הויא מתנה נמצאת קרחת מכאן ומכאן ומיהו מחילה בטעות ליתא דההיא מתנה גמורה היתה באותה שעה דהא אי בעי בעל מצי מסלק ליה בזוזי וכדאמר רבא בפסחים בפרק כל שעה (פסחים דף ל:) דבעל חוב מכאן ולהבא הוא גובה:
105,הגוזל עצים,263,5,1,"או דלמא השתא מיהא הא לית ליה - ולא מסקא אדעתה דלמא הדר קני וכיון דלא מסקא אדעתה היה לה למחות אלא ודאי מדאישתיקא אודויי אודיא ליה ונתרצית וגמרה ומחלה להו שעבודה ומיהו אם יבואו לו נכסים היום ולמחר תגבה מהן כדלקמן שהרי חוב כתובתה לא מחלה אלא שעבוד כל הני נכסים שנתן לבניו מחלה ואהני מחילה דידה דלא תטרוף עוד מהן כן נראה בעיני ועיקר דרבא פשיטא ליה דאילו קני נכסים גביא מינייהו כדלקמן ואית דמפרשי דמבעיא אי גביא מנכסים דקני למחר או לא וטעות דמילתא דמיפשטא לקמן לרב כהנא לאו אורחא דגמרא למימר תיקו והכי הוה ליה למימר מילתא דמבעיא ליה לרבא פשיטא ליה לרב כהנא דההוא דאמר להו תילתא לברת כו' כדלקמן דכה""ג אמר בפ' הגוזל עצים (ב""ק קה:) בעי רבא נשבע עליו מהו מי אמרי' כו' מילתא דמיבעיא ליה לרבא פשיטא ליה לרבה דאמר רבה שורי גנבת כו':"
106,האשה,268,4,1,לאו היינו - דמקשינן בכתובות בפ' האשה שנתארמלה גבי בנתיה דמר שמואל דאשתביין ואסקינהו לארעא דישראל ואמרו נשביתי וטהורה אני ושרינהו רבי חנינא להנשא לכהנים ואמרי' והאיכא עדים במדינת הים שנטמאו ואמר ר' חנינא עדים בצד אסתן רוח צפונית ותאסר בתמיה ומפרש התם דעדי טומאה אתמר:
107,האשה,268,4,1,לאו היינו - דמקשינן בכתובות בפ' האשה שנתארמלה גבי בנתיה דמר שמואל דאשתביין ואסקינהו לארעא דישראל ואמרו נשביתי וטהורה אני ושרינהו רבי חנינא להנשא לכהנים ואמרי' והאיכא עדים במדינת הים שנטמאו ואמר ר' חנינא עדים בצד אסתן רוח צפונית ותאסר בתמיה ומפרש התם דעדי טומאה אתמר:
108,האשה שנתארמלה,268,4,1,לאו היינו - דמקשינן בכתובות בפ' האשה שנתארמלה גבי בנתיה דמר שמואל דאשתביין ואסקינהו לארעא דישראל ואמרו נשביתי וטהורה אני ושרינהו רבי חנינא להנשא לכהנים ואמרי' והאיכא עדים במדינת הים שנטמאו ואמר ר' חנינא עדים בצד אסתן רוח צפונית ותאסר בתמיה ומפרש התם דעדי טומאה אתמר:
109,האשה,268,4,1,לאו היינו - דמקשינן בכתובות בפ' האשה שנתארמלה גבי בנתיה דמר שמואל דאשתביין ואסקינהו לארעא דישראל ואמרו נשביתי וטהורה אני ושרינהו רבי חנינא להנשא לכהנים ואמרי' והאיכא עדים במדינת הים שנטמאו ואמר ר' חנינא עדים בצד אסתן רוח צפונית ותאסר בתמיה ומפרש התם דעדי טומאה אתמר:
110,מי שמת,269,10,1,דייתיקי מבטלת דייתיקי - שכיב מרע שכתב נכסיו לאחד וחזר וכתב לאחר שני קנה ראשון לא קנה שהרי שכיב מרע יכול לחזור במתנתו כדאמרינן בפרק מי שמת וכיון שכתב לשני חזר בו מן הראשון ודוקא בכתיבה בלא זיכוי כדאמרינן לקמן בפרקין דמי שמת פשיטא כתב לזה וכתב לזה היינו דכי אתא רב דימי אמר דייתיקי מבטלת דייתיקי כתב וזיכה לזה וכתב וזיכה לזה רב אמר ראשון קנה כו' אבל גבי מתנת בריא שאינו יכול לחזור בו ראשון קנה ולא שני:
111,מי שמת,270,0,0,"כדאמר רב חסדא כו' - לקמן בפרק מי שמת דאמר רב יהודה אמר שמואל שכ""מ שכתב כל נכסיו אע""פ שקנו מידו אם עמד חוזר ומשמע הא אם מת מקבל מתנה קנה ואע""פ שכתוב קנין בהך מתנת שכיב מרע לא אמרי' שמא לא גמר להקנותו אלא בשטר ואין שטר לאחר מיתה ומקשינן מינה התם לשמואל דאמר מתנת שכיב מרע שכתוב בה קנין לא ידענא מאי אידון בה דשמא לא גמר להקנותו אלא בשטר ושטר של שכיב מרע אינו קונה עד לאחד מיתה ואין שטר לאחר מיתה ומשני התם במיפה את כחו ההוא דרב יהודה אמר שמואל ואין הקנין מגרע כח השטר של שכיב מרע שלא הקנה לו אלא ליפות את כחו ואמרינן היכי דמי מיפה את כחו אמר רב חסדא וקנינא מיניה מוסיף על מתנתא דא כלומר אינו אלא תוספת בעלמא ליפות את כחו:"
112,המגרש,270,8,1,"מוכיח עליו - שמאותו זמן התחילה המתנה דאי לא תימא הכי זמן שנכתב בשטר בחנם נכתב אלא ודאי להקנות מאותו היום נכתב והכי הלכתא כרבי יוסי דאם כתב לאחר מיתה קנה אע""ג דלא כתב מהיום דהא אמר רב הלכה כר' יוסי ואע""ג דאמר בפרק המגרש (ניטין דף פה:) אתקין רב בגיטין מן יומא דנן לאפוקי מדר' יוסי דאמר זמנו של שטר מוכיח עליו הואיל ולא איתמר בהדיא התם בגיטין הדר ביה רב מהא דאמר הלכה כרבי יוסי אלא אתקין אית לן למימר לגבי גט אשה הואיל ואין בו דבר קנין משום הכי הוא דאתקין לרווחא דמילתא משום חומרא דעריות אבל גבי ממונא הלכה כר' יוסי כי י""ל כי לא אמר רב הלכה כר' יוסי אלא בשטר שיש בו קנין וראינו בדברי הגאונים ז""ל שאמרו הכי נהיגי במתיבתא כר' יהודה אפילו בממון כתקנת רב בגיטין ואילו היתה קבלה בידם כי הלכה כר' יהודה לא היו מניחין הלכה ומפרשין מנהג (ועוד) שלא אמרו כי הלכה אפילו בממון כחקנת רב בגיטין אלא נהגו וי""ל דכיון דחזו סוגיא דשמעתא לקמן כר' יהודה נהגו כוותיה כן פי' רבינו חננאל גאון ותפוס דברי רבי יוסי גבי ממון דהא ר""נ דהלכתא כותיה בדיני הוא דבעא מרבה בר אבוה אלמא סבירא ליה לר""נ הכי:"
113,החובל,271,0,0,לא קנה לוקח - אפילו לכשימות האב אחר כך שמעולם לא היו ראוין לבא לידי הבן אלא יחזרו לשאר יורשי האב ומיהו אם לא מכרן הבן בחיי האב היה מודה רבי יוחנן שאף טל פי שמת הבן ואחר כך מת האב אפילו הכי יורשי הבן יורשין את מתנתו ולא יורשי האב אבל גבי מכירה הרי סילק נפשו משעת מכירה וגם לא בא לידו שיוכל הלוקח לזכות מכחו ובפרק החובל בבבא קמא מפרש לפלוגתייהו הכי רבי יוחנן אמר לא קנה לוקח אמר לך כי קתני מתניתין מכר הבן אין ללוקח עד שימות האב הא כי מיית אית ליה ללוקח דלא מת הבן בחיי האב דאתו להו לידיה דבן אבל מת הבן בחיי האב דלא אתו לידיה דבן כי מיית אב נמי לית ליה ללוקח אלמא קנין פירות כקנין הגוף דמי וכי זבין לאו דידיה זבין ריש לקיש אנר קנה לוקח אמר לך כי קתני מתני' מכר הבן אין ללוקח עד שימות האב כי ביית מיהא אית ללוקח לא שנא לא מת הבן בחיי האב דאתו לידיה דבן לא שנא מת הבן בחיי האב דלא אתו לידיה דבן קנה לוקח אלמא קנין פירות לאו כקנין הגוף דמי וכי זבין דידיה זבין:
114,מי שאחזו,272,9,3,"זה גיטך לאחר מיתה לא אמר כלום - דלא גמר לגרשה עד לאחר מיתה ואין גט לאחר מיתה ודלא כר' יוסי מוקמינן לה בגיטין בפ' מי שאחזו קורדייקוס דאי כרבי יוסי האמר זמנו של שטר מוכיח עליו וכמאן דאמר לה מהיום ולאחר מיתה דמי דקתני התם חולצת ולא מתייבמת וגבי אם מתי נמי דמי כמאן דאמר מהיום אם מתי דקתני התם הרי זה גט מיהו שמעינן מינה דלאחר מיתה קמגרש לה וה""ה למתנתו דאי עם גמר מיתה א""כ הוי גט ואמאי קתני לא אמר כלום:"
115,נגמר הדין,272,12,0,תכריכי המת אסורין בהנאה ובפרק נגמר הדין (סנהדרין דף מז:) נפקא לן מקראי:
116,ראשית הגז,273,2,2,"ואם לאו לא יצא - דכתיב (ויקרא כ״ג:מ׳) ולקחתם לכם משלכם שיהא כולו שלו ולא שמקצתו שלו דאע""ג דדרשינן בשחיטת חולין בפ' ראשית הגז (חולין דף קלה: קלו.) בגדיכם עריסותיכם תרומותיכם לרבות טלית של שותפין ועיסת השותפין ותבואת השותפין שחייבין בציצית ובחלה ובתרומה ה""ה נמי אי הוה כתיב הכא פרי עץ הדרכם אפי' של שותפות אבל כיון דכתיב לכם צריך שיהא כולו שלו והאי דלא כתיב ולקחת לך היינו למדרש מיניה שתהא לקיחה לכל אחד ואחד כדדרשינן במס' סוכה (דף מא:) ובתורת כהנים ומנהג שלנו שנהגו לברך כל הקהל באתרוג אחד דעתנו מסכמת לתת כל אחד במתנה את חלקו לחבירו כדאמרינן גבי רבן גמליאל ור' יהושע במסכת סוכה (שם) ואע""ג דלא פריש כמאן דפריש דמי דלא גרע ממתנה ע""מ להחזיר דלהכי מיהא דעת כל הקהל שוה שינתן לכל אחד עד שיברך עליו ואח""כ יחזיר והני מילי ביו""ט ראשון אבל ביו""ט שני אמרי' מתוך שיוצא בשאול יוצא בגזול ומה שכתוב בספרים ודוקא אתרוג אבל פריש ורמון לא אריכות פירוש של שוטים הוא ואינו מן הגמרא כן נראה בעיני וכשר:"
117,מי שאחזו,273,4,1,"ואם לאו - אלא מכרו או אכלו לא יצא דאיגלאי מילתא דלא הויא מתנה ואע""ג דלגבי גיטין קי""ל כר""מ דבעי תנאי כפול כדאמר בפרק מי שאחזו (גיטין דף עה:) אתקין שמואל בגיטא דשכיב מרע כו' הני מילי לענין גיטין וקדושין הוא דבעינן תנאי כפול לכתחלה לרווחא דמילתא דילפינן מתנאי בני גד ובני ראובן מיהא לגבי דיני ממונות לא בעינן תנאי כפול אלא גלויי דעתא בעלמא וכיון דאמר ע""מ שתחזירהו לי ואע""ג דלא כפליה למימר ואם לא תחזירהו לא תהא מתנה אפ""ה לא הוי מתנה אא""כ נתקיים התנאי דהא אפילו היכא דלא פירש כלום ואיכא למיתלי באומדן דעתא אזלינן בתר אומדן דעתא בפירקין לעיל גבי דינים הרבה כגון הכותב נכסיו לאשתו (דף קלא:) ולקמן בפרק מי שמת (בבא בתרא דף קמח:) גבי שכיב מרע שכתב כל נכסיו לאחרים וגבי מי ששמע שמת בנו וכתב נכסיו לאחרים ואח""כ בא בנו דאמר בפרק מי שמת (לקמן בבא בתרא דף קמו:) דלא הויא מתנה:"
118,מי שמת,273,4,1,"ואם לאו - אלא מכרו או אכלו לא יצא דאיגלאי מילתא דלא הויא מתנה ואע""ג דלגבי גיטין קי""ל כר""מ דבעי תנאי כפול כדאמר בפרק מי שאחזו (גיטין דף עה:) אתקין שמואל בגיטא דשכיב מרע כו' הני מילי לענין גיטין וקדושין הוא דבעינן תנאי כפול לכתחלה לרווחא דמילתא דילפינן מתנאי בני גד ובני ראובן מיהא לגבי דיני ממונות לא בעינן תנאי כפול אלא גלויי דעתא בעלמא וכיון דאמר ע""מ שתחזירהו לי ואע""ג דלא כפליה למימר ואם לא תחזירהו לא תהא מתנה אפ""ה לא הוי מתנה אא""כ נתקיים התנאי דהא אפילו היכא דלא פירש כלום ואיכא למיתלי באומדן דעתא אזלינן בתר אומדן דעתא בפירקין לעיל גבי דינים הרבה כגון הכותב נכסיו לאשתו (דף קלא:) ולקמן בפרק מי שמת (בבא בתרא דף קמח:) גבי שכיב מרע שכתב כל נכסיו לאחרים וגבי מי ששמע שמת בנו וכתב נכסיו לאחרים ואח""כ בא בנו דאמר בפרק מי שמת (לקמן בבא בתרא דף קמו:) דלא הויא מתנה:"
119,המביא,274,2,3,"יורשין - כלומר ראשון או יורשין ולרבן שמעון לא סבירא ליה האי דריש לקיש דאמר בכריתות בפרק המביא הנותן מתנה לחבירו ואמר הלה אי אפשי בה כל המחזיק בה זכה בה דסבירא ליה לרבן שמעון דאדעתא דהכי יהיב ליה דאי לא בעי מקבל מתנה תיהדר ליה והכי מפרש בכריתות ומיהו הלכתא כריש לקיש ובהך פלוגתא נמי הלכתא כרבנן דהא דקי""ל הלכה כרשב""ג במשנתנו היינו משנה אבל ברייתא לא אלא הלכה כרבנן דמשנתינו מתני' משמע אבל היכא דאמרי' משנה היינו נמי ברייתא כדאמרי' בעלמא (גיטין דף סז.) משנת ר' אליעזר בן יעקב קב ונקי ומשו""ה קי""ל כותיה בין במשנה בין בברייתא:"
120,המביא,274,2,3,"יורשין - כלומר ראשון או יורשין ולרבן שמעון לא סבירא ליה האי דריש לקיש דאמר בכריתות בפרק המביא הנותן מתנה לחבירו ואמר הלה אי אפשי בה כל המחזיק בה זכה בה דסבירא ליה לרבן שמעון דאדעתא דהכי יהיב ליה דאי לא בעי מקבל מתנה תיהדר ליה והכי מפרש בכריתות ומיהו הלכתא כריש לקיש ובהך פלוגתא נמי הלכתא כרבנן דהא דקי""ל הלכה כרשב""ג במשנתנו היינו משנה אבל ברייתא לא אלא הלכה כרבנן דמשנתינו מתני' משמע אבל היכא דאמרי' משנה היינו נמי ברייתא כדאמרי' בעלמא (גיטין דף סז.) משנת ר' אליעזר בן יעקב קב ונקי ומשו""ה קי""ל כותיה בין במשנה בין בברייתא:"
121,המוכר את הבית,275,4,1,ולא את הדות - שבבית אינן מכורין בכלל בית דאף על פי שכתב לו עומקא ורומא של בית דתשמיש הן בפני עצמן ולא אהני עומקא ורומא אלא למקני עומקא ורומא כדאמרן בפרק המוכר את הבית דמסתמא לא קני איניש עומקא ורומא:
122,מצות חליצה,275,9,0,"ה""ג מאי שנא מדרבא דאמר רבא אין חולצין כו' - ול""ג דאמר רבא אמר רב סחורה אמר רב הונא דאינהו חולצין וממאנין אע""פ שאין מכירין קאמרי בפרק מצות חליצה אבל רבא דידיה אמר אין חולצין כו' ואי גרס להו הכי גרס ומאי שנא מדרבא דאמר רבא אמר רב סחורה אמר רב הונא חולצין כו' ורבא דידיה אמר  אין חולצין כו' ואדרבא קאי גמרא ופריך מ""ש האי דפסקינן הלכתא אין חוששין מדרבא דס""ל חוששין:"
123,מציאת האשה,276,16,0,ומקשינן והתני ר' חייא נשאו גדולות לבעל ישאו קטנות מבעל - אלמא מיד הבעל מוציאים מכלל שהכניסה לו כל הממון ואפי' חלק הקטנות ושמע מינה מדמוציאין מידו דיורש הוה דאי לוקח הוה מלוה על פה הוא ולא טריף ממשעבדי ומשני לעולם לוקח הוי מיהו מלוה בשטר היא האי פרנסת הקטנות דשאני פרנסת נשואין דאית ליה קלא וכמלוה בשטר דמיא הלכך טריפא ממשעבדי ומוציאין אפי' מיד הלקוחות דגרסינן בפ' מציאת האשה האחין ששיעבדו מוציאין אפי' מיד הלקוחות לפרנסה ואין מוציאין למזונות וכל שכן מן היורשין ולעולם אימא לך לוקח הוי ולענין לוותה ואכלה ונישאת לא גבינן מבעל:
124,כיצד,279,7,0,"רבא אמר דוחין אותו ויש לו - ממה נפשך דספק זכר ספק נקבה הוא ויטול כפחות שבהן דלא בריה הוא וסיפא דקתני נכסין מועטין נקבות דוחין אותו אצל זכרים על כרחין דוחין אותו ואין לו קאמר וסיפא דמקשת לי מינה דחשיב ליה בריה אתאן לרשב""ג דתנן במסכת תמורה בפרק כיצד מערימין כיצד מערימין על הבכור מבכרת שהיתה מעוברת אומר מה שבמעיה של זו אם זכר עולה אם נקבה שלמים ילדה שני זכרים אחד מהם יקרב עולה והשני ימכר לחייבי עולה ודמיהן חולין ילדה שתי נקבות אחת מהן תקרב שלמים והשניה תמכר לחייבי שלמים ודמיה חולין ילדה טומטום ואנדרוגינוס רבן שמעון בן גמליאל אומר אין קדושה חלה עליהן דבריה הוא דאינו לא זכר ולא נקבה והלכך לא יחול עליהן קדושת שלמים ועולה במעי אמן ולא קדושת בכור בפטירת רחם דלא קרינא ביה הזכר תקדיש ומתניתין נמי דקתני ילדה טומטום אינו נוטל לרשב""ג הוא דחשיב ליה בריה:"
125,כיצד,279,7,0,"רבא אמר דוחין אותו ויש לו - ממה נפשך דספק זכר ספק נקבה הוא ויטול כפחות שבהן דלא בריה הוא וסיפא דקתני נכסין מועטין נקבות דוחין אותו אצל זכרים על כרחין דוחין אותו ואין לו קאמר וסיפא דמקשת לי מינה דחשיב ליה בריה אתאן לרשב""ג דתנן במסכת תמורה בפרק כיצד מערימין כיצד מערימין על הבכור מבכרת שהיתה מעוברת אומר מה שבמעיה של זו אם זכר עולה אם נקבה שלמים ילדה שני זכרים אחד מהם יקרב עולה והשני ימכר לחייבי עולה ודמיהן חולין ילדה שתי נקבות אחת מהן תקרב שלמים והשניה תמכר לחייבי שלמים ודמיה חולין ילדה טומטום ואנדרוגינוס רבן שמעון בן גמליאל אומר אין קדושה חלה עליהן דבריה הוא דאינו לא זכר ולא נקבה והלכך לא יחול עליהן קדושת שלמים ועולה במעי אמן ולא קדושת בכור בפטירת רחם דלא קרינא ביה הזכר תקדיש ומתניתין נמי דקתני ילדה טומטום אינו נוטל לרשב""ג הוא דחשיב ליה בריה:"
126,כיצד מערימין,279,7,0,"רבא אמר דוחין אותו ויש לו - ממה נפשך דספק זכר ספק נקבה הוא ויטול כפחות שבהן דלא בריה הוא וסיפא דקתני נכסין מועטין נקבות דוחין אותו אצל זכרים על כרחין דוחין אותו ואין לו קאמר וסיפא דמקשת לי מינה דחשיב ליה בריה אתאן לרשב""ג דתנן במסכת תמורה בפרק כיצד מערימין כיצד מערימין על הבכור מבכרת שהיתה מעוברת אומר מה שבמעיה של זו אם זכר עולה אם נקבה שלמים ילדה שני זכרים אחד מהם יקרב עולה והשני ימכר לחייבי עולה ודמיהן חולין ילדה שתי נקבות אחת מהן תקרב שלמים והשניה תמכר לחייבי שלמים ודמיה חולין ילדה טומטום ואנדרוגינוס רבן שמעון בן גמליאל אומר אין קדושה חלה עליהן דבריה הוא דאינו לא זכר ולא נקבה והלכך לא יחול עליהן קדושת שלמים ועולה במעי אמן ולא קדושת בכור בפטירת רחם דלא קרינא ביה הזכר תקדיש ומתניתין נמי דקתני ילדה טומטום אינו נוטל לרשב""ג הוא דחשיב ליה בריה:"
127,נערה שנתפתתה,280,6,0,"ה""ג דתניא מצוה לזון את הבנות כו' - ברייתא היא בכתובות בפרק נערה שנתפתתה מצוה לזון משום ומבשרך לא תתעלם ומיהו חובה הוא דליכא כדתנן התם אינו חייב במזונות בתו ואין מחייבין אותו לזון בניו ובנותיו כדאמרינן התם דאמרינן ליה יארוד ילדה ואבני מתא שדיא:"
128,שור שנגח,280,7,0,"זכר נוטל ששה דינר - של זהב דהיינו מנה וחצי לפי שהמנה כ""ה סלעים שהן מאה זוז דינרי כסף ודינר זהב נמכר בכ""ה דינר כסף כדתנן בבבא קמא בפרק שור שנגח ד' וה' (בבא קמא דף לו.) במשנה נמצא הששה דינר מאה וחמשים זוז שהן מנה וחצי:"
129,האשה,281,4,0,"ולימא ליה ר""מ היא דאמר אדם מקנה דבר שלא בא לעולם - ואמאי קאמר רב הונא איני יודע מי שנאה הא איהו גופיה ס""ל כר""מ כדאמר ביבמות בפרק האשה שהלך בעלה למדה""י (דף צג.) דאמר ר""נ בר יצחק רב הונא כרב ורב כר' ינאי ור' ינאי כר' חייא ור' חייא כרבי ורבי כר""מ ור""מ כר""א בן יעקב ור""א בן יעקב כר""ע דאמר אדם מקנה דבר שלא בא לעולם ומפרש התם רב הונא דאיתמר המוכר פירות דקל לחבירו אמר רב הונא עד שלא באו לעולם יכול לחזור בו ור""נ אמר אף משבאו לעולם יכול לחזור בו כו' רבי מאיר דתנן האומר לאשה הרי את מקודשת לי לאחר שאתגייר לאחר שתתגיירי כו' אינה מקודשת רבי מאיר אומר מקודשת ומתניתין נמי קס""ד דה""ה גבי עובר דכי היכי דאדם מקנה דבר שלא בא לעולם ה""נ מקנה לעובר שלא בא לעולם:"
130,האשה,281,4,0,"ולימא ליה ר""מ היא דאמר אדם מקנה דבר שלא בא לעולם - ואמאי קאמר רב הונא איני יודע מי שנאה הא איהו גופיה ס""ל כר""מ כדאמר ביבמות בפרק האשה שהלך בעלה למדה""י (דף צג.) דאמר ר""נ בר יצחק רב הונא כרב ורב כר' ינאי ור' ינאי כר' חייא ור' חייא כרבי ורבי כר""מ ור""מ כר""א בן יעקב ור""א בן יעקב כר""ע דאמר אדם מקנה דבר שלא בא לעולם ומפרש התם רב הונא דאיתמר המוכר פירות דקל לחבירו אמר רב הונא עד שלא באו לעולם יכול לחזור בו ור""נ אמר אף משבאו לעולם יכול לחזור בו כו' רבי מאיר דתנן האומר לאשה הרי את מקודשת לי לאחר שאתגייר לאחר שתתגיירי כו' אינה מקודשת רבי מאיר אומר מקודשת ומתניתין נמי קס""ד דה""ה גבי עובר דכי היכי דאדם מקנה דבר שלא בא לעולם ה""נ מקנה לעובר שלא בא לעולם:"
131,האשה,281,4,0,"ולימא ליה ר""מ היא דאמר אדם מקנה דבר שלא בא לעולם - ואמאי קאמר רב הונא איני יודע מי שנאה הא איהו גופיה ס""ל כר""מ כדאמר ביבמות בפרק האשה שהלך בעלה למדה""י (דף צג.) דאמר ר""נ בר יצחק רב הונא כרב ורב כר' ינאי ור' ינאי כר' חייא ור' חייא כרבי ורבי כר""מ ור""מ כר""א בן יעקב ור""א בן יעקב כר""ע דאמר אדם מקנה דבר שלא בא לעולם ומפרש התם רב הונא דאיתמר המוכר פירות דקל לחבירו אמר רב הונא עד שלא באו לעולם יכול לחזור בו ור""נ אמר אף משבאו לעולם יכול לחזור בו כו' רבי מאיר דתנן האומר לאשה הרי את מקודשת לי לאחר שאתגייר לאחר שתתגיירי כו' אינה מקודשת רבי מאיר אומר מקודשת ומתניתין נמי קס""ד דה""ה גבי עובר דכי היכי דאדם מקנה דבר שלא בא לעולם ה""נ מקנה לעובר שלא בא לעולם:"
132,יוצא דופן,282,6,0,"ת""ש - דתנן במס' נדה בפ' יוצא דופן (נדה דף מד.) תינוק בן יום אחד מטמא בנגעים כו' עד נוחל ומנחיל ופרכינן בגמרא נוחל ממאן מאביו מנחיל למאן לאחין מן האב אחין אי בעו מיניה לירתו אי בעו מאביהם לירתו ומאי נפקא לן מינה בהאי תינוק אפי' כי לא בא לעולם היתה ירושה נופלת לפני אלו האחין:"
133,המוכר את הספינה,283,8,2,טליא - תינוק גדול כדאמר בפרק המוכר את הספינה (לעיל בבא בתרא דף צא:) דאמר רב נחמן נהירנא כי הוו מטיילין טליא וטליתא כבר שב סרי בשוקא ולא הוו חטאו:
134,האיש מקדש,284,6,0,"מעשה בחמש נשים - בפ' האיש מקדש והתם מפרש לה רב שפיר אמר רב שמע מינה ממתניתין ארבעה ונקט בידיה תלת שמע מינה המקדש בפירות שביעית מקודשת וש""מ קדשה בגזל אינה מקודשת ואפילו בגזל דידה מדקתני שלהן היתה ושל שביעית היתה טעמא דשביעית דהפקר הוא הא דשאר שני שבוע לא וש""מ אשה נעשית שליח לחבירתה ואפי' במקום שנעשית לה צרה שהרי קבלה אחת על ידי כולן ונתקדשה היא וחברותיה בכלכלה זו ונעשו צרות זו לזו:"
135,המנחות והנסכים,285,1,0,"ופריק התם אנן סהדי דלקרבן גדול קא מכוין - לאתויי בכלי אחד והאי דקאמר שני כלים ולא קאמר מאה עשרון להביא בכלי אחד משום דידע דלא אפשר לאתויי בכלי אחד יותר מששים עשרון דתנן בפרק המנחות והנסכים (מנחות דף קג:) מתנדב אדם מנחה של ששים עשרון ומביא בכלי אחד ואם אמר הרי עלי ס""א מביא ס' בכלי אחד ואחד בכלי אחד שכן הצבור מביאין ביום טוב הראשון של חג שחל להיות בשבת ששים ואחד דיו ליחיד שיהא פחות מן הצבור אחד א""ר שמעון והלא אלו לכבשים ואלו לפרים ואינן נבללין זה עם זה אלא עד ששים יכולין לבלול כו':"
136,השותפין,285,2,1,בשדה - בפרק השותפין (לעיל בבא בתרא דף יב:) גבי ההוא גברא דזבן ארעא אמצרא דבי נשא ותלת מילי קאמר רב יוסף התם:
137,השותפין,285,2,1,בשדה - בפרק השותפין (לעיל בבא בתרא דף יב:) גבי ההוא גברא דזבן ארעא אמצרא דבי נשא ותלת מילי קאמר רב יוסף התם:
138,יש נוחלין,285,2,2,ענין - בפרק יש נוחלין קנין אימתי חוזר רב יוסף אמר כל זמן שעסוקים באותו ענין ואית דגרס קנין:
139,שני דייני,285,3,2,לכלתיה שדר - ולא לבנותיו ודוקא דאינסיבא בנתיה שאינה מוטלת עליו ירושלמי בפ' שני דייני גזירות מי ששלח למדינת הים ואמר יתנו אלו לבניו בנותיו בכלל ואם בשעת מיתה אמר אלו לבניי אין הבנות בכלל:
140,הבא על יבמתו,285,6,2,מותר בבני בנים - אבל לענין פריה ורביה חשיבי כבנים בפרק הבא על יבמתו (יבמות דף סב:):
141,יש נוחלין,289,2,0,דהוי ליה ראוי - ופסקינן הלכתא בפרק יש נוחלין (לעיל בבא בתרא דף קכה:) אין הבכור נוטל פי שנים במלוה בין שגבו קרקע בין שגבו מעות:
142,המדיר,290,12,0,"שאמרו לו אשתו תותרנית היא - חולי הוא שאינה יכולה להריח ומום שבסתר הוא ותנן בהמדיר בכתובות (דף עב:) המקדש את האשה ע""מ שאין בה מומין ונמצאו עליה מומין אינה מקודשת כנסה סתם ונמצאו בה מומין תצא שלא בכתובה כו' עד וחכ""א במה דברים אמורים במומין שבסתר כו' וזה האיש לא קבל עליו את המומין ואם קדשה סתם וכנסה סתם ונמצאו בה מומין תצא בלא כתובה ומיהו גט בעיא כדמפרש בגמרא בפרק המדיר:"
143,המוכר את הספינה,293,2,1,המוכר שטר חוב - שחייב לו לוה למלוה ממון ומסר לו המלוה את השטר ליד לוקח ומכרו לו וכתב לו קני לך וכל שעבודיה אי נמי כדפסקינן התם הלכתא אותיות נקנות במסירה בפרק המוכר את הספינה (לעיל בבא בתרא עז.):
144,דיני ממונות,296,2,1,"ת""ש כו' - ומסקנא דהודאתו הודאה ואע""ג דאמרינן בסנהדרין בפרק דיני ממונות תניינא (דף כט:) ההוא דהוו קרי ליה עכברא דשכיב אדינרי כי קשכיב אמר פלניא ופלניא מסקו בי זוזי אתו תבעינהו ליורשים כו' ומסקנא אדם עשוי שלא להשביע את בניו ופטורין מלשלם והכא אמרינן דאזלינן בתר הודאת פיו נראה בעיני דהתם היינו טעמא כיון שעושה עצמו עבד לוה לאיש מלוה ודאי להחזיק עצמו כעני היה עושה אבל כיון שהממון בעין והוא מודה של פלוני הוא י""ל שהפקידו אצלו מקודם לזה השכיב מרע או הקנה לו השכיב מרע ע""י אחר והרי הוא חפץ שיבא לידו:"
145,ראשית הגז,298,2,1,והתנן - בפרק ראשית הגז:
146,האשה,299,6,0,"מברחת דאמר מר כו' - כלומר אשה אלמנה שיש לה נכסים ודעתה לינשא ורוצה להבריח נכסיה מבעלה שלא יהא זכאי בנכסיה ואם תתאלמן או תתגרש יחזרו לה נכסיה ואם לא הוציאתן מרשותו קודם נשואין יזכה בהן בעל ואמרינן בכתובות צריכה שתכתוב כל נכסיה לאחר סתם כיון דלא שיירה מידי אנן סהדי דלא נתנה לזה אלא בשביל שרוצה לינשא ולכשתרצה יחזרו לה אבל אם שיירה כל שהוא קנה המקבל מתנה ולא יחזרו לה כל הנכסים עולמית וזה הדבר אינו כתוב בגמרא כך אלא מכללא שמעינן לה דאמרינן בכתובות בפרק האשה שנפלו לה נכסים (דף עט.) אמר רב חנילאי בר אידי אמר שמואל אני מורה הוראה אם יבא שטר מברחת לידי אקרענו ויהיב טעמא דלא שביק איניש לנפשיה ויהב לאחריני מיתיבי הרוצה שתבריח נכסיה מבעלה כיצד היא עושה כותבת שטר פסים לאחרים דברי רשב""ג וחכמים אומרים רצה משחק בה עד שתכתוב מהיום ולכשארצה טעמא דכתבה ליה הכי הא לא כתבה הכי קנינהו לוקח אמר ר' זירא לא קשיא הא בכולן הא במקצתן שמעינן מהכא היכא דכתבה כולן לא קנה לוקח ואף בעל לא קנה כדמשני התם עשאום כנכסים שאינן ידועין לבעל אליבא דר""ש אבל היכא דלא כתבה כולן צריכה שתכתוב מהיום ולכשארצה לא קנה לוקח:"
147,האשה,299,6,0,"מברחת דאמר מר כו' - כלומר אשה אלמנה שיש לה נכסים ודעתה לינשא ורוצה להבריח נכסיה מבעלה שלא יהא זכאי בנכסיה ואם תתאלמן או תתגרש יחזרו לה נכסיה ואם לא הוציאתן מרשותו קודם נשואין יזכה בהן בעל ואמרינן בכתובות צריכה שתכתוב כל נכסיה לאחר סתם כיון דלא שיירה מידי אנן סהדי דלא נתנה לזה אלא בשביל שרוצה לינשא ולכשתרצה יחזרו לה אבל אם שיירה כל שהוא קנה המקבל מתנה ולא יחזרו לה כל הנכסים עולמית וזה הדבר אינו כתוב בגמרא כך אלא מכללא שמעינן לה דאמרינן בכתובות בפרק האשה שנפלו לה נכסים (דף עט.) אמר רב חנילאי בר אידי אמר שמואל אני מורה הוראה אם יבא שטר מברחת לידי אקרענו ויהיב טעמא דלא שביק איניש לנפשיה ויהב לאחריני מיתיבי הרוצה שתבריח נכסיה מבעלה כיצד היא עושה כותבת שטר פסים לאחרים דברי רשב""ג וחכמים אומרים רצה משחק בה עד שתכתוב מהיום ולכשארצה טעמא דכתבה ליה הכי הא לא כתבה הכי קנינהו לוקח אמר ר' זירא לא קשיא הא בכולן הא במקצתן שמעינן מהכא היכא דכתבה כולן לא קנה לוקח ואף בעל לא קנה כדמשני התם עשאום כנכסים שאינן ידועין לבעל אליבא דר""ש אבל היכא דלא כתבה כולן צריכה שתכתוב מהיום ולכשארצה לא קנה לוקח:"
148,האשה שנפלו,299,6,0,"מברחת דאמר מר כו' - כלומר אשה אלמנה שיש לה נכסים ודעתה לינשא ורוצה להבריח נכסיה מבעלה שלא יהא זכאי בנכסיה ואם תתאלמן או תתגרש יחזרו לה נכסיה ואם לא הוציאתן מרשותו קודם נשואין יזכה בהן בעל ואמרינן בכתובות צריכה שתכתוב כל נכסיה לאחר סתם כיון דלא שיירה מידי אנן סהדי דלא נתנה לזה אלא בשביל שרוצה לינשא ולכשתרצה יחזרו לה אבל אם שיירה כל שהוא קנה המקבל מתנה ולא יחזרו לה כל הנכסים עולמית וזה הדבר אינו כתוב בגמרא כך אלא מכללא שמעינן לה דאמרינן בכתובות בפרק האשה שנפלו לה נכסים (דף עט.) אמר רב חנילאי בר אידי אמר שמואל אני מורה הוראה אם יבא שטר מברחת לידי אקרענו ויהיב טעמא דלא שביק איניש לנפשיה ויהב לאחריני מיתיבי הרוצה שתבריח נכסיה מבעלה כיצד היא עושה כותבת שטר פסים לאחרים דברי רשב""ג וחכמים אומרים רצה משחק בה עד שתכתוב מהיום ולכשארצה טעמא דכתבה ליה הכי הא לא כתבה הכי קנינהו לוקח אמר ר' זירא לא קשיא הא בכולן הא במקצתן שמעינן מהכא היכא דכתבה כולן לא קנה לוקח ואף בעל לא קנה כדמשני התם עשאום כנכסים שאינן ידועין לבעל אליבא דר""ש אבל היכא דלא כתבה כולן צריכה שתכתוב מהיום ולכשארצה לא קנה לוקח:"
149,האשה,299,6,0,"מברחת דאמר מר כו' - כלומר אשה אלמנה שיש לה נכסים ודעתה לינשא ורוצה להבריח נכסיה מבעלה שלא יהא זכאי בנכסיה ואם תתאלמן או תתגרש יחזרו לה נכסיה ואם לא הוציאתן מרשותו קודם נשואין יזכה בהן בעל ואמרינן בכתובות צריכה שתכתוב כל נכסיה לאחר סתם כיון דלא שיירה מידי אנן סהדי דלא נתנה לזה אלא בשביל שרוצה לינשא ולכשתרצה יחזרו לה אבל אם שיירה כל שהוא קנה המקבל מתנה ולא יחזרו לה כל הנכסים עולמית וזה הדבר אינו כתוב בגמרא כך אלא מכללא שמעינן לה דאמרינן בכתובות בפרק האשה שנפלו לה נכסים (דף עט.) אמר רב חנילאי בר אידי אמר שמואל אני מורה הוראה אם יבא שטר מברחת לידי אקרענו ויהיב טעמא דלא שביק איניש לנפשיה ויהב לאחריני מיתיבי הרוצה שתבריח נכסיה מבעלה כיצד היא עושה כותבת שטר פסים לאחרים דברי רשב""ג וחכמים אומרים רצה משחק בה עד שתכתוב מהיום ולכשארצה טעמא דכתבה ליה הכי הא לא כתבה הכי קנינהו לוקח אמר ר' זירא לא קשיא הא בכולן הא במקצתן שמעינן מהכא היכא דכתבה כולן לא קנה לוקח ואף בעל לא קנה כדמשני התם עשאום כנכסים שאינן ידועין לבעל אליבא דר""ש אבל היכא דלא כתבה כולן צריכה שתכתוב מהיום ולכשארצה לא קנה לוקח:"
150,האשה,300,5,2,"אפילו למאן דאמר מברחת קני - יש מפרשים היינו גבי ההוא מעשה דאימיה דרב שמואל בר אבא מאקרוקנא בפרק החובל (ב""ק דף פח.) ולאו מלתא היא דהתם בחיי בעלה כתבה נכסי מלוג שלה לבנה לזכות בהן אחר מיתת בעלה והכי מפרשינן לה אפי' לרבנן דפליגי ארשב""ג בכתובות בפרק האשה שנפלו לה נכסים (דף עט.) ואמרי רצה משחק בה ומעכב המתנה לעצמו וקנה הכל ולעיל פרישית לה:"
151,האשה,300,5,2,"אפילו למאן דאמר מברחת קני - יש מפרשים היינו גבי ההוא מעשה דאימיה דרב שמואל בר אבא מאקרוקנא בפרק החובל (ב""ק דף פח.) ולאו מלתא היא דהתם בחיי בעלה כתבה נכסי מלוג שלה לבנה לזכות בהן אחר מיתת בעלה והכי מפרשינן לה אפי' לרבנן דפליגי ארשב""ג בכתובות בפרק האשה שנפלו לה נכסים (דף עט.) ואמרי רצה משחק בה ומעכב המתנה לעצמו וקנה הכל ולעיל פרישית לה:"
152,האשה שנפלו,300,5,2,"אפילו למאן דאמר מברחת קני - יש מפרשים היינו גבי ההוא מעשה דאימיה דרב שמואל בר אבא מאקרוקנא בפרק החובל (ב""ק דף פח.) ולאו מלתא היא דהתם בחיי בעלה כתבה נכסי מלוג שלה לבנה לזכות בהן אחר מיתת בעלה והכי מפרשינן לה אפי' לרבנן דפליגי ארשב""ג בכתובות בפרק האשה שנפלו לה נכסים (דף עט.) ואמרי רצה משחק בה ומעכב המתנה לעצמו וקנה הכל ולעיל פרישית לה:"
153,החובל,300,5,2,"אפילו למאן דאמר מברחת קני - יש מפרשים היינו גבי ההוא מעשה דאימיה דרב שמואל בר אבא מאקרוקנא בפרק החובל (ב""ק דף פח.) ולאו מלתא היא דהתם בחיי בעלה כתבה נכסי מלוג שלה לבנה לזכות בהן אחר מיתת בעלה והכי מפרשינן לה אפי' לרבנן דפליגי ארשב""ג בכתובות בפרק האשה שנפלו לה נכסים (דף עט.) ואמרי רצה משחק בה ומעכב המתנה לעצמו וקנה הכל ולעיל פרישית לה:"
154,האשה,300,5,2,"אפילו למאן דאמר מברחת קני - יש מפרשים היינו גבי ההוא מעשה דאימיה דרב שמואל בר אבא מאקרוקנא בפרק החובל (ב""ק דף פח.) ולאו מלתא היא דהתם בחיי בעלה כתבה נכסי מלוג שלה לבנה לזכות בהן אחר מיתת בעלה והכי מפרשינן לה אפי' לרבנן דפליגי ארשב""ג בכתובות בפרק האשה שנפלו לה נכסים (דף עט.) ואמרי רצה משחק בה ומעכב המתנה לעצמו וקנה הכל ולעיל פרישית לה:"
155,מי שהיה,300,6,0,אימיה דרמי בר חמא כו' - ומסקנא אחרון קנה משום דהדרא בה מראשון ובפרק מי שהיה נשוי בכתובות (דף צד:) איכא מעשה אחריני אימיה דרמי בר חמא בצפרא כתבתינהו לנכסי לרמי בר חמא לאורתא כתבתינהו לרב עוקבא אתא רמי בר חמא לקמיה דרב ששת אוקמיה בנכסי אתא רב עוקבא בר חמא לקמיה דרב נחמן אוקמיה בנכסי ומסקנא שודא דדייני ולהקדמה לא חיישינן הואיל וביום אחד נכתבו מיהו ההוא מיבעיא לן לאוקמה במתנת בריא והא דהכא בשכיב מרע ובשכיב מרע לא שנא ביום אחד לא שנא בשני ימים אחרון קני דהא הדר ביה מקמיה:
156,מי שהיה נשוי,300,6,0,אימיה דרמי בר חמא כו' - ומסקנא אחרון קנה משום דהדרא בה מראשון ובפרק מי שהיה נשוי בכתובות (דף צד:) איכא מעשה אחריני אימיה דרמי בר חמא בצפרא כתבתינהו לנכסי לרמי בר חמא לאורתא כתבתינהו לרב עוקבא אתא רמי בר חמא לקמיה דרב ששת אוקמיה בנכסי אתא רב עוקבא בר חמא לקמיה דרב נחמן אוקמיה בנכסי ומסקנא שודא דדייני ולהקדמה לא חיישינן הואיל וביום אחד נכתבו מיהו ההוא מיבעיא לן לאוקמה במתנת בריא והא דהכא בשכיב מרע ובשכיב מרע לא שנא ביום אחד לא שנא בשני ימים אחרון קני דהא הדר ביה מקמיה:
157,כל הגט,305,0,2,"השתא ומה ספינות - הטובעות בים שרובן ליאבד ואפ""ה נותנין עליו חומרי חיים וחומרי מתים כדתנן בפ' כל הגט (גיטין ד' כח:) אבל עיר שכבשה כרכום וספינה שאבדה בים נותנין עליו חומרי חיים וחומרי מתים בת כהן לישראל בת ישראל לכהן שתיהן אין אוכלות בתרומה:"
158,שני דייני,312,6,0,"א""ר יוסף ת""ש - דתנן בפ' שני דייני גזירות בכתובות (דף קי.) המוציא שטר חוב על חבירו והלה הוציא שטר שכתוב בו שמכר לו את השדה מלוה ללוה אחר שנכתב השטר חוב שהוא מוציא עליו אדמון אומר יכול הלוה לטעון אילו חייב הייתי לך היה לך לפרוע את שלך ממני ולא היה לך למכור לי קרקע בשביל צורך מעות:"
159,יש בכור,315,6,2,"אלא אי איתמר הכי איתמר בן שמכר בנכסי אביו כו' - כגון ראובן שמכר חלקו הראוי לירש בנכסי יעקב אביו ומת ראובן בחיי יעקב אביו ואח""כ מת יעקב בא חנוך בן ראובן ומוציא הנכסים שמכר ראובן אביו מנכסי יעקב מיד הלקוחות מפני שהן ראוי ולא באו ליד ראובן מעולם שיזכו בהן לקוחות מכחו וכשם שהראוי אינו משתעבד כך אינו נמכר כדתנן בבכורות בפרק יש בכור לנחלה (דף נב:) ולא האשה בכתובתה ולא הבנות במזונותם ולא היבם כולם אין נוטלין בשבח ולא בראוי כבמוחזק וכן הלכה ולא חיישינן להאי דדחי במסקנא ומוקי למתני' ביורשי אחוזה דההיא קשיא וההיא פירוקא אינו אלא להקשות על מה שאמר וזו היא שקשה בדיני ממונות והתלמוד מפרק דלא תסייעיה ממתניתין ולעולם קשה בדיני ממונות ומכל מקום אע""פ שקשה בדיני ממונות כן הלכה כדשלחו מתם קשה היא וכן הלכה כמותה אפס דין קשה הוא בלא טעם כדמפרש ואזיל:"
160,לא יחפור,329,2,0,תדע דשלחו ליה כו' - ושלח להו דמצטרפין דשלחו ליה חכמים לר' ירמיה לבתר דאפקוהו מבי מדרשא כדאמר בפרק לא יחפור (לעיל בבא בתרא דף כג:) אפקוה לר' ירמיה מבי מדרשא ועל דא עיילוהו כדאמרינן במסקנא:
161,זה בורר,329,4,0,"אליבא דת""ק דר' יהושע בן קרחה כו' פלוגתייהו בסנהדרין בפרק זה בורר (סנהדרין דף ל.) דתניא אין עדותן מצטרפת בב""ד עד שיראו שניהם כאחד רבי יהושע בן קרחה אומר אפי' בזה אחר זה אין עדותן מתקיימת עד שיעידו שניהם כאחד רבי נתן אזמר שומעין דבריו של זה היום וכשיבא חבירו למחר שומעין דבריו והני שני מחלוקות של ר""י בן קרחה ורבנן ודרבי נתן ורבנן התם מפרש טעמא איבעית אימא קרא ואב""א סברא:"
162,לא יחפור,329,14,0,על דא עיילוהו - שהשיב להם כהוגן דהא דאפקוהו ששאל שלא כהוגן רגלו אחת חוץ לתחום ורגלו אחת בתוך התחום ועל דא אפקוהו מבי מדרשא בפרק לא יחפור והשתא הוא דעיילוהו:
163,ארבעה מחוסרי כפרה,330,5,4,והשאר עליה חובה - וכגון שילדה לאחר מלאת אבל על הלידה שבתוך מלאת נפטרת בקרבן אחד על שניהם ומזאת תורת היולדת נפקא לן בפרק ארבעה מחוסרי כפרה (כריתות דף ט:):
164,האשה,332,1,0,"אמר אביי לא לחוי איניש חתימת ידיה כו' - אדם שצריך לכתוב חתימת ידו על קלף ולהשליך לבית דין כדי שיכירו בית דין חתימתו כי ההיא דאמרינן בכתובות בפרק האשה שנתארמלה (כתובות דף כא.) כגון ראובן ושמעון שהיו חתומין בשטר ומת שמעון ואין מי שיכיר חתימת שמעון אלא ראובן ואחד מן השוק ואמרינן התם שיכתוב ראובן כתב ידו וישליכהו לבית דין ובית דין מקיימין חתימת ידי ראובן הכתוב בשטר מכתב ידו שהשליך בב""ד ואין צריך ראובן להעיד על כתב ידו שבשטר זה כתב ידי ובאין ראובן ואחד מן השוק ומעידין על חתימת שמעון ואמר אביי כשיחתום ראובן להשליך לב""ד לא יחתום בסוף הקלף אלא בתחלתו שלא יהא חלק מלמעלה שמא ימצאנו אדם רע ויכתוב בחלק שלמעלה מחתימתו אני החתום לויתי מפלוני כך וכך ממון ותנן הוציא עליו כתב ידו כו' והיינו חתימת ידו כדתנן (גיטין דף עא:) כתב סופר ועד כשר ואמר ר' ירמיה חתם סופר שנינו:"
165,האשה,332,1,0,"אמר אביי לא לחוי איניש חתימת ידיה כו' - אדם שצריך לכתוב חתימת ידו על קלף ולהשליך לבית דין כדי שיכירו בית דין חתימתו כי ההיא דאמרינן בכתובות בפרק האשה שנתארמלה (כתובות דף כא.) כגון ראובן ושמעון שהיו חתומין בשטר ומת שמעון ואין מי שיכיר חתימת שמעון אלא ראובן ואחד מן השוק ואמרינן התם שיכתוב ראובן כתב ידו וישליכהו לבית דין ובית דין מקיימין חתימת ידי ראובן הכתוב בשטר מכתב ידו שהשליך בב""ד ואין צריך ראובן להעיד על כתב ידו שבשטר זה כתב ידי ובאין ראובן ואחד מן השוק ומעידין על חתימת שמעון ואמר אביי כשיחתום ראובן להשליך לב""ד לא יחתום בסוף הקלף אלא בתחלתו שלא יהא חלק מלמעלה שמא ימצאנו אדם רע ויכתוב בחלק שלמעלה מחתימתו אני החתום לויתי מפלוני כך וכך ממון ותנן הוציא עליו כתב ידו כו' והיינו חתימת ידו כדתנן (גיטין דף עא:) כתב סופר ועד כשר ואמר ר' ירמיה חתם סופר שנינו:"
166,האשה שנתארמלה,332,1,0,"אמר אביי לא לחוי איניש חתימת ידיה כו' - אדם שצריך לכתוב חתימת ידו על קלף ולהשליך לבית דין כדי שיכירו בית דין חתימתו כי ההיא דאמרינן בכתובות בפרק האשה שנתארמלה (כתובות דף כא.) כגון ראובן ושמעון שהיו חתומין בשטר ומת שמעון ואין מי שיכיר חתימת שמעון אלא ראובן ואחד מן השוק ואמרינן התם שיכתוב ראובן כתב ידו וישליכהו לבית דין ובית דין מקיימין חתימת ידי ראובן הכתוב בשטר מכתב ידו שהשליך בב""ד ואין צריך ראובן להעיד על כתב ידו שבשטר זה כתב ידי ובאין ראובן ואחד מן השוק ומעידין על חתימת שמעון ואמר אביי כשיחתום ראובן להשליך לב""ד לא יחתום בסוף הקלף אלא בתחלתו שלא יהא חלק מלמעלה שמא ימצאנו אדם רע ויכתוב בחלק שלמעלה מחתימתו אני החתום לויתי מפלוני כך וכך ממון ותנן הוציא עליו כתב ידו כו' והיינו חתימת ידו כדתנן (גיטין דף עא:) כתב סופר ועד כשר ואמר ר' ירמיה חתם סופר שנינו:"
167,האשה,332,1,0,"אמר אביי לא לחוי איניש חתימת ידיה כו' - אדם שצריך לכתוב חתימת ידו על קלף ולהשליך לבית דין כדי שיכירו בית דין חתימתו כי ההיא דאמרינן בכתובות בפרק האשה שנתארמלה (כתובות דף כא.) כגון ראובן ושמעון שהיו חתומין בשטר ומת שמעון ואין מי שיכיר חתימת שמעון אלא ראובן ואחד מן השוק ואמרינן התם שיכתוב ראובן כתב ידו וישליכהו לבית דין ובית דין מקיימין חתימת ידי ראובן הכתוב בשטר מכתב ידו שהשליך בב""ד ואין צריך ראובן להעיד על כתב ידו שבשטר זה כתב ידי ובאין ראובן ואחד מן השוק ומעידין על חתימת שמעון ואמר אביי כשיחתום ראובן להשליך לב""ד לא יחתום בסוף הקלף אלא בתחלתו שלא יהא חלק מלמעלה שמא ימצאנו אדם רע ויכתוב בחלק שלמעלה מחתימתו אני החתום לויתי מפלוני כך וכך ממון ותנן הוציא עליו כתב ידו כו' והיינו חתימת ידו כדתנן (גיטין דף עא:) כתב סופר ועד כשר ואמר ר' ירמיה חתם סופר שנינו:"
168,המקבל,334,13,1,"לא קניא - ואינו נתפס בתנאו ולא יפסיד בכך ודיני אסמכתא מפורשין בב""מ בפ' איזהו נשך (דף סו:) ובפ' המקבל (בבא מציעא קד:):"
169,איזהו נשך,334,13,1,"לא קניא - ואינו נתפס בתנאו ולא יפסיד בכך ודיני אסמכתא מפורשין בב""מ בפ' איזהו נשך (דף סו:) ובפ' המקבל (בבא מציעא קד:):"
170,המוכר את הספינה,338,0,1,"רבי סבר אותיות נקנות במסירה - כדקאמר נמי רבי בהדיא בפרק המוכר את הספינה (לעיל בבא בתרא דף עו.) שהמוכר שטר חוב לחבירו כיון שמסר לו את השטר בידו קנה החוב ונשתעבד לו לוה לזה הקונה כמו שהיה משועבד למלוה כל זמן שלא חזר ומחלו כדאמר שמואל (במסכת גיטין) (דף יג) וה""ק הבא לידון בשטר ובחזקה וטוען ראובן כנגד המערער שדה זו שלי היא שהרי שמעון שקנאו מלוי מסר לו שטר מכירה הכתוב בשמו וקניתי השדה במסירת השטר כאילו נכתב בשמי וגם החזקתי בשדה שלש שנים נידון בשטר דברי רבי ועל ידי השטר שמסר לו הלוקח קנוי לו השדה דאותיות נקנות במסירה ולא צריך תו עדי חזקה:"
171,המגרש,338,4,0,"רבי סבר כרבי אלעזר - דאמר בגיטין בפרק המגרש (גיטין דף פו.) אין העדים חותמים על הגט אלא מפני תקון העולם דעדי מסירה גורמין לכריתות גט ונמצא גט כשר בכתיבה בלא עדים אלא שיהא מוסרו לאשתו להתגרש בפני עדים דהא כתיב וכתב לה בכתיבה לחוד בלא חתימה מיירי ומיהו עדים בעינן שיראו שנתגרשה וה""נ כאילו אין עדים בשטר דמי הלכך נדון בשטר בלא עדי חזקה אלא שיביא עדים שנכתב ונמסר לו בפניהם שהשדה נקנה לו בשטר אע""פ שאין בו עדים:"
172,שנים אוחזין,338,10,0,והא איפכא שמעינן להו - בפרק שנים אוחזין דתניא שנים אדוקים בשטר כו':
173,שנים,338,10,0,והא איפכא שמעינן להו - בפרק שנים אוחזין דתניא שנים אדוקים בשטר כו':
174,שנים אוחזין,338,11,0,"והוינן בה - הכי קאמרינן בפ' שנים אוחזין אמר מר יתקיים השטר בחותמיו דברי רבי וגובה לו מלוה כוליה בתמיה ולית ליה לרבי כו' יחלוקו וה""נ יגבה חצי חוב הכתוב בשטר ולא יותר:"
175,שנים,338,11,0,"והוינן בה - הכי קאמרינן בפ' שנים אוחזין אמר מר יתקיים השטר בחותמיו דברי רבי וגובה לו מלוה כוליה בתמיה ולית ליה לרבי כו' יחלוקו וה""נ יגבה חצי חוב הכתוב בשטר ולא יותר:"
176,שבועת הדיינין,338,16,2,"והא קיי""ל - בפרק שבועת הדיינין:"
177,שבועת הדיינין,338,17,0,כשמעתך - דאמרת משמיה דרב צריך שיבואו פלוני ופלוני ויעידו ומיהו אי אתו הני סהדי ואמרי לא היו דברים מעולם הא אמר רבא בפ' שבועת הדיינין (שבועות דף מא:) כל מילתא דלא רמיא עליה דאיניש וכו' והלכתא כרבא ונשבע הלוה שפרעו ופטור:
178,זה בורר,339,0,0,"אמר ליה אנא נמי לברר קאמינא. כלומר כרבי סבירא לי ואם לא בירר דבריו הפסיד וכן פירש רבינו זקני מ""כ בפרק זה בורר אליבא דרבי שצריך לברר ואם לא הביא שטר הפסיד ויש לשון אחר ואין בו ממש ואע""פ שהלכה כרבי מחבירו בהא הלכתא כרבן שמעון שאין צריך לברר כדאמר רב גידל אמר רב:"
179,שנים אוחזין,341,10,1,"המוקדמים פסולין - שכתבוהו באחד באייר ובתוך השטר הקדימו וכתבו בו באחד בניסן פסולין דאתי למיטרף לקוחות שלא כדין ואפי' מזמן שני לא גובה כדאמרינן באיזהו נשך (ב""מ דף עב.) ר' יוחנן אמר אפי' תימא רבנן גזירה שמא יגבה מזמן ראשון אבל מוקדמין בענין זה שנכתב בו באחד בניסן ובאחד בניסן כתבוהו ולא לוה עד תשרי דאתא למיטרף לקוחות שלא כדין דמניסן ועד תשרי בזה נחלקו בפרק שנים אוחזין רב אשי מוקי לה בשטרי הקנאה ואביי אמר עדיו בחתומיו זכין לו ומיום כתיבת השטר שיעבד נפשיה והלכך כשר:"
180,שנים,341,10,1,"המוקדמים פסולין - שכתבוהו באחד באייר ובתוך השטר הקדימו וכתבו בו באחד בניסן פסולין דאתי למיטרף לקוחות שלא כדין ואפי' מזמן שני לא גובה כדאמרינן באיזהו נשך (ב""מ דף עב.) ר' יוחנן אמר אפי' תימא רבנן גזירה שמא יגבה מזמן ראשון אבל מוקדמין בענין זה שנכתב בו באחד בניסן ובאחד בניסן כתבוהו ולא לוה עד תשרי דאתא למיטרף לקוחות שלא כדין דמניסן ועד תשרי בזה נחלקו בפרק שנים אוחזין רב אשי מוקי לה בשטרי הקנאה ואביי אמר עדיו בחתומיו זכין לו ומיום כתיבת השטר שיעבד נפשיה והלכך כשר:"
181,שבועת הדיינין,342,4,2,"כי היכי דליפגום שטרו - כשיפרע חמשים זוז הרי נמצא שטר שביד מלוה פגום ותנן (כתובות דף פז.) הפוגמת כתובתה לא תפרע אלא בשבועה וה""ה לכל השטרות כדאמרי' במסכת שבועות וכי מה בין זה לפוגם שטרו כו' בפ' שבועת הדיינין (שבועות דף מא.):"
182,המגרש,343,2,0,ואין בו זמן - והוא אחד משלשה גיטין פסולין ואם ניסת הולד כשר בפ' המגרש (גיטין דף פו.):
183,המגרש,343,4,0,"דלמא אבא שאול - לא חייש לשום זמן בגיטין בדיעבד וכדר' אלעזר ס""ל דתנן בפ' המגרש (שם) שלשה גיטין פסולין ואם ניסת הולד כשר כתב בכתב ידו ואין עליו עדים יש עליו עדים ואין בו זמן יש בו זמן ואין בו אלא עד אחד הרי אלו שלשה גיטין פסולין ואם ניסת הולד כשר ר""א אומר אע""פ שאין עליו עדים אלא שנתנו לה בפני עדים כשר וגובה מנכסים משועבדים שאין העדים חותמין על הגט אלא מפני תיקון העולם וכי היכי דרבי אלעזר מכשיר ליה בלא עדים משום טעמא דעדי מסירה כרתי ה""נ מכשיר ליה בלא זמן משום האי טעמא גופיה כדקתני יש עליו עדים ואין בו זמן בהאי משנה דשלשה גיטין פסולין ועלה קאי ר' אלעזר ואמר אע""פ שאין עליו עדים בהאי שטר שאין בו זמן כשר שאין העדים חותמין על הגט אלא מפני תיקון העולם וה""נ אין כותבין בו זמן אלא מפני תיקון העולם דבת אחותו ופירות כדמפרש בפ' (כל הגט) [המביא תניינא] (שם דף יז.) וכיון שנתנו לה בפני עדים הם יעידו על הזמן ועל הגט והאי דמצריך אבא שאול לכתוב בו אני היום גירשתיך לאו משום זמן דהא אין זה זמן ולזמן לא חייש כר' אלעזר אלא דבעי אבא שאול ידים מוכיחות דמשעה שקבלה הגט נתגרשה מיד שאם לא נכתב מהיום בגט זה שאין בו זמן מנין לנו שיהיה גט שמא אין בדעתו לגרשה מיד בגט זה עד סוף שנה או שנתיים לאחר קבלתה הלכך בעי אבא שאול שיכתבו היום אחרי שאין זמנו כתוב בו שיוכיח עליו כר' יוסי דאמר (לעיל בבא בתרא דף קלו) זמנו של שטר מוכיח עליו והאי דאמר אבא שאול היינו דכתבינן בגט מן יומא דנן ולעלם:"
184,המוכר את הספינה,344,3,0,"ואב""א דכ""ע אותיות נקנות במסירה - בלא שטר מכירה [אחר] כדפסקי' הלכתא בפ' המוכר את הספינה (לעיל בבא בתרא עז.) כרבי וכדאמר רב אשי אותיות מילי נינהו ומילי במילי לא נקנו היכא שמסרו לו ונתנו אך ראיה ועדים צריך שמסרו לו לזה בפניהם דלא נימא פקדון הוא אצלו או השמיטו ממנו ובהכי פליגי מתני' ותנא ברא בפלוגתא דאביי ורבא:"
185,זה בורר,346,1,3,וראיה אחרונה - בסנהדרין בפ' זה בורר שני משניות של ראיה זו כל זמן שמביא ראיה כו' בראשונה הלכה כמותו באחרונה אין הלכה כמותו:
186,שום היתומים,346,14,0,"רב הונא בריה דרב יהושע אמר - לעולם יתמי בני מיעבד מצוה נינהו כדאמר בערכין בפרק שום היתומים (ערכין דף כב.) יתמי דאכלי דלאו דידהו ליזלו בתר שיבקייהו אלא היינו טעמא דלא גובה ערב מיתמי עד דגדלי וידעו לטעון ולחזור אחר דינם דאיכא למימר אימור צררי אתפסיה אביהם למלוה בחייו לפטור את הערב והלכך על מלוה על פה איכא למיחש דלמא פרעיה אבוהון בחייו ואע""ג דקיי""ל לקמן בפירקין מלוה על פה גובה מן היורשין הני מילי כגון דשמתוהו ומית בשמתיה אי נמי כשחייב מודה ופסקינן לקמן הלכתא כרב הונא בריה דרב יהושע דאמר דלא חיישינן למימר יתמי לאו בני מיעבד מצוה נינהו אלא בכל חוב שאנו יודעין שלא פרעו אביהן בחייו או שאין אנו יודעין אלא שאמר אביהן תנו נותנין כדפסקינן בערכין ואין ממתינין עד דגדלי כדשלחו מתם דהלכתא כרב הונא בריה דרב יהושע ורבא נמי דפסק בערכין (שם:) הלכתא דאין נזקקין לנכסי יתומים אלא אם כן רבית אוכלת בהן ואם אמר תנו נותנין נראה בעיני דלא פליג אדרב הונא כיון דחייב מודה כמאן דאמר תנו דמי ומר אמר חדא ומר אמר חדא ולא פליגי רב הונא איירי בחייב מודה אף על גב דלא אמר תנו ורבא איירי באומר תנו אף על גב דאין חייב מודה וכל הני גבייתן ממקרקעי דיתמי ונראה בעיני דבזמן הזה דליכא מקרקעי כל כך אע""ג דקיי""ל מטלטלי דיתמי לא משתעבדי לבע""ח בזמן הזה דינם לגבות ממטלטלי דשבק להון אבוהון כמו שתקנו הגאונים בכתובת אשה דפסקינן הלכתא ממקרקעי ולא ממטלטלי ואפילו הכי נהגו לגבות ממטלטלי ומביא אני ראיה מההוא דכתובות (דף סז.) דארנקי דמחוזא דאשה גובה כתובתה מהם משום דאסמכתייהו עלייהו והוא הדין לבעל חוב דגבי מטלטלי דיתמי היכא דידוע לנו שאביהן היה חייב לזה וכן הלכה למעשה דהא אמרינן לקמן מלוה על פה גובה מן היתומים כדי שלא תנעול דלת בפני לוין ואי ממטלטלי דשבק להון אבוהון לא גובה אין לך נעילת דלת גדול מזה דהא לא שכיחי לן מקרקעי:"
187,יש נוחלין,347,11,0,והאמר אביי - בפ' יש נוחלין:
188,זה בורר,348,7,0,"שכיב מרע שהודה - בעל חובו טוען לו מנה לי בידך ואמר לו הן דכה""ג אמרינן בסנהדרין בפ' זה בורר (סנהדרין ד' כט:) דצריך שיאמר אתם עדי ואי לא מצי א""ל משטה אני בך:"
189,יש נוחלין,349,9,0,ומי אמר רבה - שעבודא לאו דאורייתא והא אמרינן בפ' יש נוחלין (לעיל בבא בתרא דף קכד:) שלחו מתם בכור נוטל פי שנים במלוה ואמר רבה עלה גבו קרקע בחובת אביהם יש לו דכמאן דמשעבד בחיי אבוהון דמי וקרינא ביה בכל אשר ימצא לו אלמא שעבודא דאורייתא:
190,שום היתומים,350,0,0,אמר רב פפא הלכתא כו' - לעיל פירשתי גביית מלוה מן היתומים וגם בפרק שום היתומים בערכין (דף כב:) אמר רבא הלכתא אין נזקקין לנכסי יתומים כו':
