,Masechet (ref),Daf,Line,Comment,Text
0,שבועות,82,7,3,"אין להם חזקה - ולא בחזקת שלש שנים מיירי דסתם אומן לא שייך אלא במטלטלין וחזקת שלש שנים לא נאמרה אלא במקרקעי אבל במטלטלי מי שהוא מוחזק בשל חבירו אפילו שעה אחת שאנו רואים שיוצאים מתחת ידו אע""פ שיש לחבירו עדים שהיה שלו נאמן זה המוחזק לומר לקוח הוא בידי דסתם לוקח מטלטלין מחבירו בלא עדים הוא קונה ובלא שטר חוץ מדברים העשויין להשאיל ולהשכיר ואמר לקוחין הן בידי דאינו נאמן כדקי""ל במסכת שבועות (דף מו:) וה""נ גבי אומנין אפילו דבר שאינו עשוי להשאיל ולהשכיר ועשוי לשלחו לאומן כדי לתקנו אין לו חזקה לטעון לקוח בידי מאחר שיש עדים לאידך שהיה שלו וטוען שלחתיו לך לתקנו:"
1,שבועות,90,3,4,"תיובתא דרבה - דאמר לעולם מהימן אומן עד דאיכא תרתי. והשתא שמעינן מהכא דהמפקיד אצל חבירו בעדים אין צריך להחזיר לו בעדים דהא הדר ביה רבה לגבי דאביי ובהמוכר את הבית לקמן (בבא בתרא דף ע.) פסקינן שאפילו המפקיד אצל חבירו בשטר אין צריך להחזיר לו בעדים ומדקאמר גמרא אי דאיכא עדים אחר אמאי מהימן מיניה שמעינן שהמפקיד אצל חבירו בעדים ועדיין ישנו לפקדון בידו לפנינו שאינו יכול לטעון החזרתיו לך ולטעון שמכרו לי אח""כ אינו נאמן וה""מ בשראה ותפס אבל אם לא ראה (ותפס) מהימן מיגו דאי בעי אמר החזרתיו לך כי אמר מכרת אותם לי נאמן ובשבועה וה""מ שהפקיד אצלו בעדים אבל אם ראה טליתו ביד חבירו ומכירין בו עדים שהיה של זה הטוען לזה מה טיבו אצלך ואמר לו לקוח הוא בידי הוא נאמן דאין זה נאמן לומר הפקדתיו אצלך מאחר שאין לו עדים וה""מ שמצא טליתו ביד חבירו שאינו אומן אבל ראה טליתו ביד אומן ואמר אומן לקוח הוא בידי אינו נאמן אא""כ יש לו עדים שלקחו מזה בפניהם (ובא הלה ונטל את שלו) ואע""פ שלא מסר לו בעדים אבל אם לא ראהו בידו נאמן האומן לומר לקוח הוא בידי ואע""פ שמסר לו בעדים דמיגו דמצי טעין החזרתיו לך כי אמר נמי לקוח הוא בידי נאמן וה""מ דאומן אין לו חזקה בכלים שאותו אומן ראוי לתקן כגון לצבע בגד לצבוע וטלית לכובס וכן חלוק וכל בגדים בני כיבוס ולעבדן עורות וה""מ שיש חילוק בין אומן לבעל הבית בדברים שאין עשויין להשאיל ולהשכיר אבל דברים העשויין להשאיל ולהשכיר ל""ש אומן ול""ש כל אדם אם אמר לקוחין הן בידי אינו נאמן במס' שבועות (דף מו:):"
2,גיטין,93,2,1,תנינא - במסכת גיטין בהניזקין:
3,גיטין,93,5,1,משמיה דרב נחמן - שהיה מוסיף בה רב נחמן דבר זה מדעתו ומיהו רב הונא לא סבירא ליה האי תוספתא כדלקמן בשמעתין דכל היכא דאיכא מתן מעות סבר ליה לרב הונא דהוו זביני ולאו אדרב ושמואל קאי דבמסכת גיטין בהניזקין דאיתא לפלוגתייהו לא איירי רב ביבי כלל התם:
4,כתובות,97,3,1,לקח מן האיש - מן הבעל כל קרקעותיו משועבדים לכתובת אשתו והיום ולמחר אם ימות או יגרשנה תטרוף מלקוחות אם לא תמצא בני חורין שכן כתב לה כל נכסי אחראין וערבאין לכתובתיך במס' כתובות (דף נא.):
5,נדה,102,7,7,אבא - רב כך היה שמו כדקרי ליה בשחיטת חולין (דף קלז:) אבא אריכא דאמרינן מאן ריש סדרא בבבל אבא אריכא ואמרינן במסכת נדה (דף כד:) רב ארוך בדורו היה והאי דקרי ליה רב כמו שקורין לר' יהודה הנשיא רבי בארץ ישראל קרו ליה נמי בבבל רב וכן מצאתי בספר ערוך המובא מרומא:
6,שבת,109,4,1,במסכת שבת תנן המוציא אוכלין חייב בגרוגרת דבשבת מלאכת מחשבת אסרה תורה ולא חשיבא הוצאת דבר חשוב בפחות מכגרוגרת:
7,גיטין,110,2,1,"כרשות גיטין דמי - דאמרי' במס' גיטין בהזורק (דף עז.) דאם הקנה לה חצרו להתגרש וזרק לה גט ונפל על הפיסלא שבחצר אינה מגורשת דהא פיסלא מקום אחר הוא בפני עצמו ואינו בכלל חצר וחצר הקנה לה ולא פיסלא דחד מקום מושיל איניש תרי מקומות לא מושיל איניש הכי מפרשינן לה התם וקאמר רבא רשות שבת דומה לרשות גיטין דה""נ לענין שבת הויא הך פיסלא מקום חשוב בפני עצמו ומחלק רשויות אם הוא ממוצע בינתים דכי היכי דלא בטיל פיסלא לגבי חצר ה""נ לא בטיל הכא לענין שבת לגבי רה""ר:"
8,נדה,111,4,0,"ה""ג אילימא למעוטי אחד כו' - במס' נדה (דף נב:) אמר ב' שערות שאמרו אפי' אחת בגבה ואחת בכריסה:"
9,שבת,114,1,3,"לאוצר בלוס - בסמ""ך כמו עיסה בלוסה במסכת שבת בפרק כלל גדול (שבת דף עו:) עיסה מעורבת ממינין הרבה וכן אוצר בלוס (גיטין דף סז.) מינין הרבה מעורבין בתוכה ביחד וכן מיטת עם הארץ כל דבר מניחין תחת מטתן אוכלין וכלים:"
10,שבת,114,5,0,בשני עקיביו של אדם הראשון כו' - והאי דכתיב כי עפר אתה ואל עפר תשוב הא פרכינן ליה במסכת שבת בפרק שואל (שבת דף קנב:) ומוקמינן לה ההוא שעה אחת קודם תחיית המתים:
11,נזיר,115,2,2,רביעית של תורה - רביעית הלוג דהיינו ביצה ומחצה ומשום דארבעה כוסות של פסח שיעורן ברביעית ומצאו להן חכמים סמך מן התורה מד' כוסות האמורים במצרים מד' לשוני גאולה האמורים בפ' והוצאתי (וגאלתי ולקחתי והבאתי) לפיכך קרי ליה רביעית של תורה וכן רביעית של יין לנזיר הלכה למשה מסיני ובמסכת נזיר (דף לח.) חשיב עשר רביעית הן שמן התורה שיעורן בהך רביעית והכי נמי אמרינן (חולין דף קז.) דשיעור אנטל היינו רביעית דאתקין ר' יעקב מנהר פקוד נטלא בת רביעתא:
12,שבת,118,4,0,"גמ' וירא את ישראל שוכן - ראה היאך שוכנים ולפיכך אמר מה טובו אהליך וגו' שאין פתחי אהליהם מכוונים ומחנה ישראל כחצר השותפין דמי דלא היה רה""ר אלא במחנה לויה כדאמרינן במס' שבת (דף צו:):"
13,מדות,120,2,5,"כותל ההיכל שש כו' - משנה במסכת מדות דקחשיב אורך ההיכל מן המזרח למערב מאה אמה כותל האולם חמש כו' ומדקא חשיב תא לבסוף ש""מ היינו יציע:"
14,שביעית,129,7,1,"הרי היא כקרקע - לכל דבר להיות נקנית בכסף ובשטר ובחזקה ולקנות על גבה מטלטלין ולכתוב עליה פרוזבול כאילו היא קרקע דתנן במסכת שביעית פרק אחרון (משנה ו) אין כותבין פרוזבול אלא על הקרקע ואם אין לו מזכה בתוך שדהו ולשם מפורש לפי שראה הלל שנמנעין העשירים מלהלוות לעניים מפני יראת שביעית שמשמטת והיו עוברין על מה שכתוב פן יהיה דבר עם לבבך בליעל וגו' עמד הלל והתקין פרוזבול פרוז ריוח כמו שהפריז על מדותיו דבמסכת נדה (דף ד:) בול עשירים כמו אלו ראשי בולאות שביהודה (גיטין דף לז.) כלומר ריוח לעשירים שלא יפסידו שלהם ותנן גופו של פרוזבול מוסרני לכם פלוני ופלוני הדיינין שבמקום פלוני שכל חוב שיש לי אצל פלוני שאגבנו כ""ז שארצה והדיינין חותמין עליו מלמטה או העדים והלכך משמסר שטרותיו לב""ד לגבותן ואיהו לא קגבי לא קרינא ביה לא יגוש דדיינין קמגבו ליה והפקר ב""ד הפקר וה""מ כשיש לו קרקע ללוה דדמי כאילו יש למלוה משכון דבמשכון לא שייך לא יגוש שכל מה שיוכלו חכמים לתקן כדי שלא יהו נראין עוקרין דבר מן התורה התקינו כן נראה הטעם בעיני ומרבי זקני זצ""ל שמעתי דהיינו טעמא דסתם לוה אין רגילין להלוותו אא""כ יש לו קרקע להשתעבד למלוה ובמילתא דשכיחא תקינו רבנן אבל בשאין לו קרקע מילתא דלא שכיחא היא ולא תקינו רבנן פרוזבול ואתא רבי אליעזר למימר דאם יש ללוה כוורת דבורים כותבין פרוזבול דסד""א אע""ג דהרי היא כקרקע לשאר דברים לגבי הך תקנה לא חשיבא קרקע דלא סמכא דעתיה דמלוה עילויה הואיל ויכולין לטלטלה קמ""ל:"
15,נדה,129,7,1,"הרי היא כקרקע - לכל דבר להיות נקנית בכסף ובשטר ובחזקה ולקנות על גבה מטלטלין ולכתוב עליה פרוזבול כאילו היא קרקע דתנן במסכת שביעית פרק אחרון (משנה ו) אין כותבין פרוזבול אלא על הקרקע ואם אין לו מזכה בתוך שדהו ולשם מפורש לפי שראה הלל שנמנעין העשירים מלהלוות לעניים מפני יראת שביעית שמשמטת והיו עוברין על מה שכתוב פן יהיה דבר עם לבבך בליעל וגו' עמד הלל והתקין פרוזבול פרוז ריוח כמו שהפריז על מדותיו דבמסכת נדה (דף ד:) בול עשירים כמו אלו ראשי בולאות שביהודה (גיטין דף לז.) כלומר ריוח לעשירים שלא יפסידו שלהם ותנן גופו של פרוזבול מוסרני לכם פלוני ופלוני הדיינין שבמקום פלוני שכל חוב שיש לי אצל פלוני שאגבנו כ""ז שארצה והדיינין חותמין עליו מלמטה או העדים והלכך משמסר שטרותיו לב""ד לגבותן ואיהו לא קגבי לא קרינא ביה לא יגוש דדיינין קמגבו ליה והפקר ב""ד הפקר וה""מ כשיש לו קרקע ללוה דדמי כאילו יש למלוה משכון דבמשכון לא שייך לא יגוש שכל מה שיוכלו חכמים לתקן כדי שלא יהו נראין עוקרין דבר מן התורה התקינו כן נראה הטעם בעיני ומרבי זקני זצ""ל שמעתי דהיינו טעמא דסתם לוה אין רגילין להלוותו אא""כ יש לו קרקע להשתעבד למלוה ובמילתא דשכיחא תקינו רבנן אבל בשאין לו קרקע מילתא דלא שכיחא היא ולא תקינו רבנן פרוזבול ואתא רבי אליעזר למימר דאם יש ללוה כוורת דבורים כותבין פרוזבול דסד""א אע""ג דהרי היא כקרקע לשאר דברים לגבי הך תקנה לא חשיבא קרקע דלא סמכא דעתיה דמלוה עילויה הואיל ויכולין לטלטלה קמ""ל:"
16,נדה,130,6,0,"לעולם רבי אליעזר - סבירא ליה כברייתא דצינור שחקקו ולבסוף קבעו אכתי כלי הוא ולא בטיל לגבי קרקע ופסיל את המקוה והכא גבי דף היינו טעמא דר' אליעזר דמטהר ליה אפילו בתקנו ולבסוף קבעו דשאני פשוטי כלי עץ כגון האי דף דאפי' קודם שקבעו אין לו טומאה אלא מדרבנן והלכך בקבעו מיקל ר' אליעזר אבל לעיל גבי צינור שמים שאובים פוסלין את המקוה מן התורה כדתניא בת""כ יכול מילא מים על כתפו ועשה מקוה בתחלה יהא טהור ת""ל מעין מה מעין בידי שמים אף מקוה בידי שמים התם מודי ר""א דפסיל מקוה דמשום קביעותו בקרקע לא בטיל מניה תורת כלי דמעיקרא ומיהו לא אשכחן טומאה לפשוטי כלי עץ אפי' מדרבנן חוץ מאותן הראוין למדרס וכדתנן במס' נדה (דף מט.) כל המיטמא מדרס מיטמא טמא מת ובמסקנא נמי מוקמינן לה בדף של מתכת:"
17,יבמות,130,7,0,"ומתמה גמ' מכלל דשאיבה דאורייתא - דמדקא משני הכי שמעינן דברייתא דלעיל בפסול שאיבה דאורייתא מיירי והלא מדרבנן הוא כדאמרי' במסכת יבמות (דף פב:) שאם היה מקוה מ' סאה ונתן סאה שאובין ונטל סאה כשר עד כמה רבי יוחנן אמר עד רובו והיינו טעמא דמדאורייתא הוא דבעינן מקוה ממים מכונסין לכתחלה בלא שאיבה דאיתקש למעין כדפרישית לעיל ואפילו נפלו בתר הכי שאובין בטלו ברובא א""נ קמא קמא בטיל ולעיל נמי גבי צינור המקוה היה עשוי כבר כהוגן ואח""כ קבעו שם צינור כדקתני פוסל את המקוה מכלל דהיה שם מקוה מעיקרא הלכך פסולא מדרבנן הוא:"
18,"ע""ז",133,2,0,"גמ' טלפחא - היא עריבה שקורין מיי""ט עגולה כעדשה ועדשה קרי לה בברייתא במסכת ע""ז (דף עה.) עדשים מתרגמינן טלופחין:"
19,שבת,144,6,0,ביצייתא דמישן - מישן נהר קטן ואין מהלכין בו אלא בספינות קטנות ובמס' שבת אמרי' בפ' הזורק (שבת דף קא.) הני ביצייתא דמישן כו':
20,שבת,144,7,4,אלוותא - מקלות כמו לא באלה ולא ברומח במסכת שבת (דף סג.):
21,מנחות,146,1,3,"למאי הלכתא - פסקת ליה משום דבעית למיחזי אי הלכה כב""ש דפליגי במסכת מנחות (דף מא:) דת""ר כמה חוטין הוא נותן ב""ש אומרים ארבעה ובית הלל אומרים שלשה וכמה תהא משולשלת כו':"
22,מנחות,146,1,5,חוליות - שלשה חוטין גדיל קרי חוליא במסכת מנחות:
23,"ע""ז",147,7,2,"ה""ג ואבע""א כיון דכתיב לויתן זה יצרת לשחק בו - ואמרינן במסכת ע""ז (דף ג:) שעה רביעית יושב ומשחק עם לויתן:"
24,נדה,153,2,2,עד תווך - מקום במסכת נדה (דף לג:) וכך שמו ולאשמועינן אתא דמשום קנין זה מסרו לו המעות דכיון דנפק לאפיה שמעינן דהביא המעות:
25,מעילה,156,3,0,"תנן התם - במס' מעילה פ""ג:"
26,מעילה,156,4,7,"ובמה שבתוכן - אם נהנה מגופן שאכל מן הפירות ומן היונים ומן המים כדנפקא לן במסכת מעילה בפרק הנהנה מן ההקדש (מעילה דף יח: ע""ש) דבמחובר לקרקע יש מעילה אם נהנה אע""פ שלא פגם ובתלושין לא הויא מעילה עד שיפגם:"
27,יבמות,157,3,0,"אימור דשמעת ליה לר""מ כגון פירות דקל - שהמוכר פירות דקל לחבירו אע""פ שעדיין לא באו לעולם אינו יכול לחזור בו משיבואו לעולם דהא ודאי עבידי דאתו דומיא דע""מ שאתגייר דדעתיה לאיגיורי וכי האי גוונא נמי מפרשינן לע""מ שאשתחרר ע""מ שתשתחררי כו' שהבטיחו רבו לשחררו ומיהו ר""מ לא איירי בפירות דקל אלא רב הונא דקאי כוותיה במסכת יבמות בפ' האשה רבה (יבמות דף צג.) דאמר רב נחמן בר יצחק רב הונא כרב ורב כרבי ינאי ורבי ינאי כרבי חייא ורבי חייא כר""מ וכולהו סבירא להו אדם מקנה דבר שלא בא לעולם רב הונא מאי היא דאיתמר המוכר פירות דקל לחבירו אמר רב הונא עד שלא באו לעולם יכול לחזור בו משבאו לעולם אינו יכול לחזור בו:"
28,מגילה,158,4,0,"ור' יוחנן - לאו אסירוס של זכרות מיירי כלל אלא האי סירוס לשון דילוג הוא כמו קראה סירוסין במסכת מגילה ירושלמית וה""ק מתני' נוטל ג' נחילין ע""י דילוג ראשון שלישי וחמישי והמוכר יטול השאר שיהיה לשניהן מן הטובים ומן הכחושין שכן דרך סתם מוכרי כוורת:"
29,כלאים,163,13,0,"ה""ג במס' כלאים הנוטע כרמו על ט""ז אמה מותר כו' - שאם כל הכרם נטוע שורות שורות זו בצד זו רחוקות זו מזו ט""ז אמה שלימות לא מיצטרפי למיהוי כרם דשורה בפ""ע אינה כרם אא""כ יש שתים כנגד שתים ואתת יוצאה זנב כדתנן במס' כלאים:"
30,כלאים,164,2,1,"ה""ג לה במסכת כלאים רבי מאיר ורבי שמעון אומרים אף הנוטע כרמו על ח' אמות מותר. וסיפא דהך דרבי יהודה היא:"
31,גיטין,169,4,3,"מוכר קלתות - לכך אינו מקפיד על מקומם שיש לו בית לכך. כך פירשה רבינו מ""כ במס' גיטין:"
32,מנחות,171,5,0,כדאמר רב כהנא - במסכת מנחות:
33,שבת,176,9,0,"נפקא ליה קרנא בעיניה - ואע""ג דאמרינן במסכת שבת (דף קח.) דרב לטייה כשבא מבבל ותהא ליה קרנא אקנקניה איכא למימר דגרמא ליה הא והא:"
34,יומא,176,9,1,"מפני הרמאין - שממתינין עד שימכור אותו המוכר בזול ואח""כ מוכרין ביוקר. ל""א מפני הרמאין המוכרים ביוקר ואומרים שהוסיפו במדה או שנתן חטין יפות למעלה ורעות למטה או כל מיני רמאות וכדאשכחן שהיו מעמידין פרהדרין שהיו מכין בעלי חנויות והיו אומרים להם מכרו בזול במסכת יומא (דף ט.) (בירושלמי פ""א):"
35,כלים,177,2,0,"תנינא - במסכת כלים פרק כ""ט ולענין טומאה נשנית:"
36,כלים,177,2,3,דלא תנן - במסכת כלים:
37,שבת,179,1,1,תלתא קפיזי - ט' לוגין דקפיזא הוא קב חסר לוג דהיינו ג' לוגין כדאמר במסכת שבת (דף קג.) דחק קפיזא בקבא:
38,סוכה,193,8,2,כגון דעבריה במסננת - דמותר לשתיה ואיצטריך למימר דלקידוש פסול כרבי נחמיה דאמר ארס נחש צף ועומד במקומו ויש לו תקנה בסינון במסכת סוכה בשילהי פרק רביעי:
39,שבת,197,8,1,"י""ו אמה - במס' שבת (דף צט.) נפקא לן מעגלות דמשכן:"
40,נזיר,201,7,2,"מת מושכב כדרכו נוטלו ואת תפוסתו - אם רוצה לעשות שם טהרות מפנהו למת משום דלא קנה מקומו כל זמן דלא הוו שלשה דאיכא למימר לא היה המקום הזה מקום קבורה אלא על ידי הדחק שלא היה להם פנאי להוליכו לבית הקברות קברוהו לשם ומיהו כיון דמת הוא ולא הרוג ומושכב כדרכו נוטל גם את תפוסתו כדמפרש במסכת נזיר (דף סה.) כמה שיעור תפוסה פירש ר""א (ברבי צדוק) נוטל עפר תיחוח וחופר שלשה טפחים בקרקע בתולה ונוטל הכל דחשיבי כרקב של מת ונפקא לן מדכתיב ונשאתני ממצרים ממצרים טול עמי כלומר מקרקע מצרים אבל אם הוי הרוג שמצאוהו מגויד לא קנה מקומו כלל אפילו לתפוסה דאיכא למימר שם נהרג ונפל וכן אם לא מושכב כדרכו איכא לספוקי בעכו""ם ואין לו תפוסה וגם אם יהיו שלשה אין להם דין שכונת קברות אלא נוטלן כולן משם כדדייקינן התם להך משנה המוצא פרט למצוי כלומר פרט לידוע שאם אחד מהן ידוע ושנים תחלה לא מיתני בסיפא גבי מצא שלשה הרי זו שכונת קברות מת פרט להרוג שאם נמצאו מגוידין אפילו הן שלשה אין להן שכונת קברות דאיכא למימר כאן נהרגו ולא ניתנו לקבורה מושכב פרט ליושב כדרכו פרט לשראשו מונח לו בין ירכותיו דאיכא למימר עכו""ם הוא הואיל ואין מושכב כדרך ישראל מת אי נמי אם ישראל הוא באקראי בעלמא השליכוהו לשם עד שיהא להם פנאי ויטלוהו מכאן לקברו בבית הקברות הלכך אין להם לא תפוסה ולא שכונת קברות:"
41,יבמות,212,1,5,ורביע במעות - כמו או רביע מעות וכדתנן במס' יבמות (דף נ.) בפרק רבן גמליאל ועשה מאמר ונתן גט ובעל ואמרינן או או קתני והכי פירושו יחזיר לו רביע חלקו או קרקע או מעות:
42,קידושין,216,1,0,ומשני - משום דשדה אחוזה גופה לא קיימא לן במס' ערכין שיהא הבן במקום האב טפי מאחיו אלא מהך פירכא דפרכינן התם כלום יש יבום כו' דאמרי' נמי התם מה ראית לרבות את הבן ולהוציא את האח מרבה אני את הבן שכן קם תחת אביו ליעדה כו' אדרבה מרבה אני את האח שכן קם תחת אחיו ליבום ומשני כלום יש יבום כו' שהרי לא מצינו כתוב בפירוש שיהא הבן קם תחת אביו טפי מאחיו אלא ליעדה שגם האח קם תחתיו ליבום ונמצא דהכא חדא והכא חדא הוא ושאר דברים שהבן קם תחת אביו טפי מאחיו כגון שדה אחוזה ועבד עברי במסכת קידושין וקדימת הבן לאח בנחלה כולהו מייתינן לה מדין יעידה לחוד שכ' בפירוש שהבן קם תחת אביו ואי לא דמשנינן דאפי' לגבי יבום אין האח קם תחתיו כמו בנו דכלום יש יבום אלא במקום שאין בן לא הוה מצינן לרבויי בן שיקום תחת אביו לכלום טפי מאחיו דליהוי הכא חדא והכא חדא ולקמיה פרכינן דבן ובת ואח כמו שסדורין בפרשה ליקדמו כולהו לאב שהרי כולם קרובים למת טפי מאביו שהם קמים תחתיו ליעידה וליבום אבל האב אינו קם תחתיו לכלום:
43,ערכין,216,1,0,ומשני - משום דשדה אחוזה גופה לא קיימא לן במס' ערכין שיהא הבן במקום האב טפי מאחיו אלא מהך פירכא דפרכינן התם כלום יש יבום כו' דאמרי' נמי התם מה ראית לרבות את הבן ולהוציא את האח מרבה אני את הבן שכן קם תחת אביו ליעדה כו' אדרבה מרבה אני את האח שכן קם תחת אחיו ליבום ומשני כלום יש יבום כו' שהרי לא מצינו כתוב בפירוש שיהא הבן קם תחת אביו טפי מאחיו אלא ליעדה שגם האח קם תחתיו ליבום ונמצא דהכא חדא והכא חדא הוא ושאר דברים שהבן קם תחת אביו טפי מאחיו כגון שדה אחוזה ועבד עברי במסכת קידושין וקדימת הבן לאח בנחלה כולהו מייתינן לה מדין יעידה לחוד שכ' בפירוש שהבן קם תחת אביו ואי לא דמשנינן דאפי' לגבי יבום אין האח קם תחתיו כמו בנו דכלום יש יבום אלא במקום שאין בן לא הוה מצינן לרבויי בן שיקום תחת אביו לכלום טפי מאחיו דליהוי הכא חדא והכא חדא ולקמיה פרכינן דבן ובת ואח כמו שסדורין בפרשה ליקדמו כולהו לאב שהרי כולם קרובים למת טפי מאביו שהם קמים תחתיו ליעידה וליבום אבל האב אינו קם תחתיו לכלום:
44,שבת,218,4,2,וטול אגרא - כלומר הפשיטנה בשכר בשוק לעין כל ואין כאן חילול השם כלל ולא קרינא ביה ומשניאי אהבו מות דדרשינן ליה במסכת שבת (דף קיד.) בתלמידי חכמים שיש רבב על בגדו אבל לעשות מלאכה להתפרנס אין כאן גנאי:
45,כתובות,218,6,0,והבנים את האב מנלן - דהבנים קודמים לבנות מדלא קתני הבנים והבנות את האב ומיהו בנות נוטלות עישור נכסים כתקנת חכמים במס' כתובות (דף סח.):
46,ערכין,219,5,0,"ופרכינן ומאי קורביה דבן לאב טפי מבת אם תאמר שבן קם תחת אביו ליעדה ולשדה אחוזה מה שאין כן בבת הא לאו מילתא היא דאי משום יעדה אינו קרוב יותר אלא מפני שהבת אינה בת יעדה שאי אפשר לאשה להנשא לאשה אחרת וגבי שדה אחוזה נמי איכא למימר דקמה תחת אביה דמהך פירכא דכלום יש יבום אלא במקום שאין בן קיימא ליה לתנא דהבן קם תחת אביו לשדה אחוזה ולא האח והכי נמי איכא למימר גבי בת כלום יש יבום אלא במקום שאין בת ואע""ג דבמס' ערכין פרק אין מקדישין (ערכין דף כה:) ממעט לה לבת משדה אחוזה מדכתב אם מכר את השדה לאיש אחר ותנא דבי ר' ישמעאל כל שהוא אחר במקום בן ובת נמי במקום בן כי אחר דמיא הני מילי דחשבינן לה כי אחר לגבי בן משום דדרשינן איש כי ימות ובן אין לו וגו' שהבן קודם לבת אבל אי לא הך דרשה דאיש כי ימות וגו' הוה אמינא בין לגבי ירושה בין לגבי שדה אחוזה כי הדדי נינהו:"
47,שבת,220,10,5,דין שיעוריה כשק - בגד עב וגרוע ושיעורו לקבל טומאה ד' טפחים על ד' טפחים כשק כדתנן השק ד' על ד' הבגד ג' על ג' במסכת שבת (דף עו.) ובמסכת סוכה (דף יז:):
48,סוכה,220,10,5,דין שיעוריה כשק - בגד עב וגרוע ושיעורו לקבל טומאה ד' טפחים על ד' טפחים כשק כדתנן השק ד' על ד' הבגד ג' על ג' במסכת שבת (דף עו.) ובמסכת סוכה (דף יז:):
49,נזיר,239,6,1,"דתנן ב""ש אומרים כו' - תחלת הפרק הוא במסכת נזיר:"
50,תענית,240,5,0,תנן התם - במס' תענית ומשום דקאמר לקמן יום שהותרו שבטים כו' נקט לה:
51,תענית,240,5,1,השאולין - שאפי' מי שיש לה היתה שואלת שלא לבייש את השואלת מחמת שאין לה כדאמרי' במסכת תענית (דף לא.) בת מלך שואלת מבת כהן גדול כו':
52,גיטין,241,2,0,הרוגי ביתר - במס' גיטין (דף נז:):
53,נדה,252,5,0,תנא - דמסכת נדה ספוקי מספקא ליה אי האי וילדה זכר להכי בעינן דליהוי זכר משעת לידה בין לגבי טומאה בין לגבי מילה ואזיל לחומרא ליתן עליו חומרי זכר דשמא לא דרשינן האי וילדה זכר להכי דבעינן דליהוי זכר אלא לכדאמרינן במסכת נדה (דף לא.) אשה מזרעת תחלה יולדת זכר ורב שיזבי נמי לחומרא קאמר דלא דחייא מילתו שבת דדלמא דרשינן וילדה זכר שיהא זכר משעת לידה אבל רב שרביא לקולא דריש דקא פטר לה מטומאת לידה הלכך אי לאו דפשיטא ליה לא הוה דריש לקולא הלכך הויא (ברייתא) תיובתיה:
54,ערכין,252,6,0,"אי הכי - דמספקא ליה היכא דנקרע ונמצא זכר אם אמו טמאה לידה אי לאו א""כ אמאי יהבינן ימי טוהר דזכר כדקתני לזכר ולנקבה דהיינו ימי טוהר דזכר וימי טומאה דנקבה והלא שמא אם יקרע ימצא זכר ושמא איכא למידרש וילדה זכר לטהר את אמו מדין לידה ובין ימי טומאה בין ימי טהרה לית לה ואמאי יהבינן לה ימי טוהר כלל הכי הוה ליה למיתני תשב לזכר ולנקבה ולנדה וה""פ תשב לנקבה ימי טומאה דנקבה שבועיים אפי' בלא ראיית דם דלמא נקבה היא ולנדה לאחר שבועיים מיד אם תראה דם הויא טמאה נדה מספיקא דלמא זכר הוה ואית לן למידרש עד שיהא זכר משעה לידה ולית לה ימי טוהר כלל במסכת נדה מקשינן למה הוזכר זכר כלומר בכל מקום דקתני לנקבה ולנדה למה לי למיתני לזכר בהדייהו אם ליתן לה ימי טומאה דזכר הא קתני תשב לנקבה וצריך שבועיים ואם ליתן לה ימי טוהר דזכר הא קתני ולנדה דמשמע דלא ניתיב לה ימי טוהר כלל ומשנינן נפקא מינה שאם תראה יום ל""ד ללידתה ותחזור ותראה יום מ""א הויא מקולקלת למניינה שמא לא הוה לה ימי טוהר והיתה תחלת נדה בראיית יום ל""ד ובראיית מ""א הויא תחלת זיבה ואם תראה שלשה רצופין צריכה ז' נקיים וקרבן או שמא זכר ילדה וראיית יום ל""ד היו ימי טוהר ועתה בראיית מ""א הויא תחלת נדה הרי היא בספק זבה ונדה עד שתשב י""ז ימים נקיים כדמפרש במס' ערכין (דף ח.) ואם ישבה לה י""ז נקיים וראתה יום י""ח הרי היא תחלת נדה וזו היא דינה שאם תראה כל ז' ימים הללו או אם לא תראה כי אם ראייה ראשונה טובלת בליל שמיני ומשמשת עם בעלה ואחר ז' ימים הללו באין י""א יום של ימי זיבה שאם תראה בתחלתן או באמצעיתן או בסופן שלשה ימים רצופין הויא זבה גדולה וצריכה ז' נקיים וקרבן ולעולם לא תחזור לקדמותה להיות תחלת נדה עד אחר ז' נקיים ואם לא ראתה בכל י""א יום הללו עד י""ב הרי היא תחלת נדה בכל המשפט אשר פירשתי ולכך נקראו י""א יום שבין נדה לנדה:"
55,נדה,252,6,0,"אי הכי - דמספקא ליה היכא דנקרע ונמצא זכר אם אמו טמאה לידה אי לאו א""כ אמאי יהבינן ימי טוהר דזכר כדקתני לזכר ולנקבה דהיינו ימי טוהר דזכר וימי טומאה דנקבה והלא שמא אם יקרע ימצא זכר ושמא איכא למידרש וילדה זכר לטהר את אמו מדין לידה ובין ימי טומאה בין ימי טהרה לית לה ואמאי יהבינן לה ימי טוהר כלל הכי הוה ליה למיתני תשב לזכר ולנקבה ולנדה וה""פ תשב לנקבה ימי טומאה דנקבה שבועיים אפי' בלא ראיית דם דלמא נקבה היא ולנדה לאחר שבועיים מיד אם תראה דם הויא טמאה נדה מספיקא דלמא זכר הוה ואית לן למידרש עד שיהא זכר משעה לידה ולית לה ימי טוהר כלל במסכת נדה מקשינן למה הוזכר זכר כלומר בכל מקום דקתני לנקבה ולנדה למה לי למיתני לזכר בהדייהו אם ליתן לה ימי טומאה דזכר הא קתני תשב לנקבה וצריך שבועיים ואם ליתן לה ימי טוהר דזכר הא קתני ולנדה דמשמע דלא ניתיב לה ימי טוהר כלל ומשנינן נפקא מינה שאם תראה יום ל""ד ללידתה ותחזור ותראה יום מ""א הויא מקולקלת למניינה שמא לא הוה לה ימי טוהר והיתה תחלת נדה בראיית יום ל""ד ובראיית מ""א הויא תחלת זיבה ואם תראה שלשה רצופין צריכה ז' נקיים וקרבן או שמא זכר ילדה וראיית יום ל""ד היו ימי טוהר ועתה בראיית מ""א הויא תחלת נדה הרי היא בספק זבה ונדה עד שתשב י""ז ימים נקיים כדמפרש במס' ערכין (דף ח.) ואם ישבה לה י""ז נקיים וראתה יום י""ח הרי היא תחלת נדה וזו היא דינה שאם תראה כל ז' ימים הללו או אם לא תראה כי אם ראייה ראשונה טובלת בליל שמיני ומשמשת עם בעלה ואחר ז' ימים הללו באין י""א יום של ימי זיבה שאם תראה בתחלתן או באמצעיתן או בסופן שלשה ימים רצופין הויא זבה גדולה וצריכה ז' נקיים וקרבן ולעולם לא תחזור לקדמותה להיות תחלת נדה עד אחר ז' נקיים ואם לא ראתה בכל י""א יום הללו עד י""ב הרי היא תחלת נדה בכל המשפט אשר פירשתי ולכך נקראו י""א יום שבין נדה לנדה:"
56,כתובות,256,12,2,"אל תתנו - היינו קפידא אין נותנין להם אלא שקל בשילהי מציאת האשה במס' כתובות מוקמינן לה כר""מ דאמר מצוה לקיים דברי המת ומיהו אמרי' התם אמר רב חסדא אמר מר עוקבא הלכתא בין שאמר תנו בין שאמר אל תתנו נותנין להן כל צרכן ומקשינן והא קי""ל כר""מ דאמר מצוה לקיים דברי המת ומשנינן הני מילי אחרנייתא אבל בהא מינח ניחא ליה ומאי דאמר לזרוזינהו הוא דעבד:"
57,נדה,259,7,3,"עד שיאמרו לו הלכה למעשה - דכיון ששאל ע""י מעשה ואינן יודעין בדבר אלא מה שהוא אומר להם אין לומר טעם חזו ביה דלא ידע ובמקום אחר אמרי' אין למדין הלכה מתוך משנה כגון זה שכתב במשנה והלכה כדבריו כגון הא דתנן במסכת נדה (דף ז.) רבי אליעזר אומר ארבע נשים דיין שעתן כו' והמשפה כמה תשפה ותהא זבה גבי יולדת בזוב מעת לעת דברי ר' אליעזר (נדה לו:) וזב וזבה שבדקו יום ראשון ומצאו טהורה וכו' (שם סח:) ובשלשתן תנן במשנה הלכה כדבריו ואפ""ה קבע שמואל הלכה כמותו בגמ' ואשמעי' דאין מורין הלכה מתוך משנה אי לאו דקבע הלכה כמותו וביבמות (דף מט.) תנן איזהו ממזר שמעון התימני אומר כל שחייבין עליו כרת והלכה כדבריו ואי לאו דפסיק בגמרא הלכה כמותו לא סמכינן אפסק דמתניתין אבל בהלכות הפסוקות בדברי האמוראין ודאי סמכי' דכיון שפסקום וכתבום רב אשי ורבינא שהם סוף הוראה ודאי עלייהו סמכי' מצינו למדין היכא דפליג יחיד אצל רבים כי הני לא סמכי' אפסק הלכה של משנה אלא א""כ פוסק בגמ' אבל אפסק דגמ' סמכי' דכולהו הוו הלכה למעשה אלא שר' יוחנן לבדו היה מחמיר לעצמו ואמר לתלמידיו כדלקמן שלא יעשו דבר עד שיאמר להם הלכה למעשה והיינו טעמא דדלמא הדר ביה מההוא פסק הלכה שפסק ויראה לו טעם אחר בעיניו ומיהו לאחר פטירתו יש להם לעשות מה שפסק להם דהא כל ימי חייו לא הדר ביה וכל שכן שיש לנו לסמוך על הלכות הכתובות בגמ' כמו שסידרן רב אשי דהא קיימא לן בבבא מציעא (דף פו.) רב אשי ורבינא סוף הוראה ולמי נשאל עוד בשעת מעשה אם לא נסמוך על ההלכות הפסוקות בגמ' כמו שסדרן רב אשי דקתני עד שיאמר לו הלכה למעשה הא אין אדם רשאי לחדש דבר מעתה אלא ודאי כמו שפסקו האחרונים כך נעשה והכי אמרי' (בתחלת פאה) ירושלמי ר' זעירא בשם שמואל אמר אין למדין לא מן ההלכות ולא מן ההגדות ולא מן התוספתות אלא מן הגמ' כלומר מדברי האמוראין ולא מפי מעשה הכתוב במשנה וברייתא כגון דפליגי רבים עליה עד שיאמרו הלכה למעשה כלומר כן הלכה לך ועשה כן אי נמי שיאמרו לו הלכה כדי לעשות מעשה כגון שבא ושאל לחכמים מעשה בא לידי היאך הלכה כדי לעשות כך ואמרו לו הלכה כפלוני אע""פ שאמרו סתם זהו הלכה למעשה:"
58,נדה,260,0,0,"ואל תגמרו - לדון מיניה אלא כפי שדעתכם נוטה דאין לו לדיין אלא מה שעיניו רואות כדתניא במס' נדה בשילהי פ""ב (דף כ:) רבי ראה דם בלילה וטימא ראה ביום וטהרו המתין שעה אחת וראהו אור וטימא אמר אוי לי שמא טעיתי ומקשינן ודאי טעה דתניא לא יאמר חכם אילו היה (לא) היה טמא אלא אין לדיין אלא מה שעיניו רואות והוא הדין לדבר התלוי בסברא דאין לו אלא מה שלבו רואהו ובפרק קמא דסנהדרין נפקא לן מועמכם בדבר המשפט עמכם בדבר עמכם במשפט אין לו לדיין אלא מה שעיניו רואות:"
59,פאה,262,10,0,"תנן התם - במס' פאה בסוף פ""ג (משנה ז) ומשום דבעי עלה רבא בבריא היאך נקט לה נמי הכא:"
60,פאה,263,1,0,"ה""ג תנן רבי יוסי אומר אם קבלה עליה אע""פ שלא כתב לה אבדה כתובתה. וסיפא דהך היא במס' פאה כתב לה אע""פ שלא קיבלה לא גרסינן קבלה עליה שמחלה להם השעבוד בפירוש:"
61,"ע""ז",265,10,0,"ת""ש דא""ל שמואל כו' - אלמא פליגי רבנן עליה מדקאמר שמואל הכי דאי לא תימא הכי שמואל דאמר כמאן והכי הלכתא כרבנן דקם שמואל כוותייהו ואע""ג דא""ר יוחנן הלכה כרשב""ג בכ""מ במשנתנו חוץ מערב וצידן וראיה אחרונה שמואל לית ליה האי כללא וגם רבא דקאמר במסכת ע""ז בפרק חמישי (דף סט:) הלכה כרשב""ג לית ליה נמי האי כללא הלכך כל כללות שבגמרא כגון הלכה כסתם משנה הלכה כר""ע מחבירו כר' יוסי מחבירו כרשב""ג במשנתנו ר""א ור' יהושע הלכה כר' יהושע ר' יהודה ור""ש הלכה כר' יהודה וכן ר""מ ור' יהודה הלכה כר""י כולהו קי""ל הכי בר מהיכא דמפרש גמרא דלית הלכתא הכי:"
62,נדרים,266,2,1,"ואינן לפניך - ובמסכת נדרים מתרצינן אפי' היכא דקא אמר ליה הרי הן לפניך ויבא אבא ויאכל עמנו נמי מיירי ואפ""ה לא הויא מתנה דמ""מ מוכיח דבשביל שיאכל אביו הוא עושה ולא נתכוין לתת לו מתנה גמורה וקאמרינן התם דכללא דסיפא קאתי לאתויי דקתני כל מתנה שאינה כו':"
63,"ע""ז",266,5,1,"שתעמוד להם חמה כיהושע - ולמשה נמי עמדה חמה דנפקא לן במסכת ע""ז (דף כה.) אחל אחל אלא משום דאין חשובין כל כך כמשה תלאן ביהושע:"
64,נדרים,267,4,0,"א""ר יוסף מריה דאברהם כו' - רב יוסף חלה ושכח תלמודו כדאמרי' במסכת נדרים (דף מא.) ושמועות ששמע מרב יהודה רבו קודם חליו ועכשיו מתקשה בהן היה נותן אל לבו ותמה אם שמע כן והיה מתרצן מדעתו וה""ק רבש""ע אפשר ששמעתי מרב יהודה שינוי גדול כזה דתלי תניא המשנה דקתני זה בני נאמן תולה טעמא בדלא תניא בדבר שאינו במשנה ובברייתא הך דבעל שאמר גרשתי את אשתי דמימרא בעלמא היא וגם היא צריכה טעם אחר ותולה את העיקר בטפל לו:"
65,כתובות,268,5,0,אם הקילו בשבויה - דהרבה הקילו בה חכמים במסכת כתובות דאפי' אשה ועד אחד נאמנין לומר טהורה וטעמא דבשביל שנתייחדה בין השבאין אין לנו לאסרה שהרי סתם אשה משמרת עצמה מזנות ואוקמה אחזקתה ואיסור קל הוא אם נישאת לכהן:
66,סוכה,273,2,2,"ואם לאו לא יצא - דכתיב (ויקרא כ״ג:מ׳) ולקחתם לכם משלכם שיהא כולו שלו ולא שמקצתו שלו דאע""ג דדרשינן בשחיטת חולין בפ' ראשית הגז (חולין דף קלה: קלו.) בגדיכם עריסותיכם תרומותיכם לרבות טלית של שותפין ועיסת השותפין ותבואת השותפין שחייבין בציצית ובחלה ובתרומה ה""ה נמי אי הוה כתיב הכא פרי עץ הדרכם אפי' של שותפות אבל כיון דכתיב לכם צריך שיהא כולו שלו והאי דלא כתיב ולקחת לך היינו למדרש מיניה שתהא לקיחה לכל אחד ואחד כדדרשינן במס' סוכה (דף מא:) ובתורת כהנים ומנהג שלנו שנהגו לברך כל הקהל באתרוג אחד דעתנו מסכמת לתת כל אחד במתנה את חלקו לחבירו כדאמרינן גבי רבן גמליאל ור' יהושע במסכת סוכה (שם) ואע""ג דלא פריש כמאן דפריש דמי דלא גרע ממתנה ע""מ להחזיר דלהכי מיהא דעת כל הקהל שוה שינתן לכל אחד עד שיברך עליו ואח""כ יחזיר והני מילי ביו""ט ראשון אבל ביו""ט שני אמרי' מתוך שיוצא בשאול יוצא בגזול ומה שכתוב בספרים ודוקא אתרוג אבל פריש ורמון לא אריכות פירוש של שוטים הוא ואינו מן הגמרא כן נראה בעיני וכשר:"
67,תמורה,279,7,0,"רבא אמר דוחין אותו ויש לו - ממה נפשך דספק זכר ספק נקבה הוא ויטול כפחות שבהן דלא בריה הוא וסיפא דקתני נכסין מועטין נקבות דוחין אותו אצל זכרים על כרחין דוחין אותו ואין לו קאמר וסיפא דמקשת לי מינה דחשיב ליה בריה אתאן לרשב""ג דתנן במסכת תמורה בפרק כיצד מערימין כיצד מערימין על הבכור מבכרת שהיתה מעוברת אומר מה שבמעיה של זו אם זכר עולה אם נקבה שלמים ילדה שני זכרים אחד מהם יקרב עולה והשני ימכר לחייבי עולה ודמיהן חולין ילדה שתי נקבות אחת מהן תקרב שלמים והשניה תמכר לחייבי שלמים ודמיה חולין ילדה טומטום ואנדרוגינוס רבן שמעון בן גמליאל אומר אין קדושה חלה עליהן דבריה הוא דאינו לא זכר ולא נקבה והלכך לא יחול עליהן קדושת שלמים ועולה במעי אמן ולא קדושת בכור בפטירת רחם דלא קרינא ביה הזכר תקדיש ומתניתין נמי דקתני ילדה טומטום אינו נוטל לרשב""ג הוא דחשיב ליה בריה:"
68,נדה,282,6,0,"ת""ש - דתנן במס' נדה בפ' יוצא דופן (נדה דף מד.) תינוק בן יום אחד מטמא בנגעים כו' עד נוחל ומנחיל ופרכינן בגמרא נוחל ממאן מאביו מנחיל למאן לאחין מן האב אחין אי בעו מיניה לירתו אי בעו מאביהם לירתו ומאי נפקא לן מינה בהאי תינוק אפי' כי לא בא לעולם היתה ירושה נופלת לפני אלו האחין:"
69,נדה,282,6,1,"ומשנינן אמר רב ששת נוחל בנכסי האם להנחיל לאחין מן האב - דמיניה קא ירתי כגון רחל שילדה את יוסף ומתה רחל ביום שנולד יוסף וירש את אמו שהרי בן יום אחד נוחל ואח""כ מת ומנחיל לראובן ושמעון בני יעקב שהן אחיו מאביו דמיניה דיוסף ירתי ולא מרחל שהרי אינה אמם הכי איתא במסכת נדה והכא הכי הוא דפרכינן תא שמע תינוק בן יום אחד נוחל ומנחיל בן יום אחד אין עובר לא אלמא עובר אינו יורש ירושה דממילא וכל שכן דהמזכה לעובר לא קנה וקשיא לרב ששת ומשני א""ר ששת נוחל כו' והאי שינויא במסכת נדה איתיה משום קושיא אחריתי כדפרישית לעיל ונראה בעיני דהכי גרסינן האמר רב ששת נוחל בנכסי האם כו' הלכך כיון דההוא יומא דאתיליד מתה אמו משום הכי דייקינן דוקא בן יום אחד שנולד ויצא לאויר העולם ואח""כ מתה אמו ואח""כ מת הוא והוריש לאחיו מן האב אבל עובר לא אינו יכול לירש אמו בעודנו בבטנה להנחיל ממונו לאחיו מן האב ולא בהדיא תנן לה אלא מדוקיי' דהך דתנן לקמן (בבא בתרא דף קנח:) נפל הבית עליו ועל אמו כו' דמשמע דאם מת קודם אמו אין יורשי הבן יורשין ממון האם וביש נוחלין נמי דייקינן לה ממתני' דהאשה את בנה והאשה את בעלה מה האשה את בעלה אין הבעל יורש את אשתו בקבר אף האשה את בנה אין הבן יורש את אמו בקבר להנחיל לאחיו מן האב אבל אילו מתה אם תחלה ואחר כך מת עובר היה מנחיל לאחין מן האב דלעולם אימא לך דעובר יורש:"
70,יומא,284,9,1,"והיתה לאהרן וגו' - בלחם הפנים כתיב אהרן זה כהן גדול מחצה לכהן גדול ומחצה למשמרת כהנים והך ברייתא במסכת יומא בפרק ראשון (דף יז:) דתנן התם גבי כהן גדול מקריב חלק בראש ונוטל חלק בראש ותניא בגמרא ונוטל חלה אחת משתי חלות של עצרת ארבע או חמש ממעשה לחם הפנים רבי אומר לעולם חמש שנאמר והיתה לאהרן ולבניו מחצה לאהרן ומחצה לבניו והתם מפרש למה אינו נוטל שש דהאיכא י""ב חלות שתים מערכות שש המערכת ומכאן אנו למדין דהמזכיר יחיד אצל מרובין לענין מתנה נוטל כנגד המרובין:"
71,גיטין,286,5,0,קנאו - הבן לאותו הבית תקנת חכמים היא והלכתא בלא טעמא כדלקמן ובמס' גיטין מוקמינן לה כגון שיש לאביו בעיר בית אחר לדור בו:
72,מכות,289,1,2,"דלא קרינא ביה לא יגוש - שאינו יכול לדחקו בב""ד בשביעית שהרי לא הגיע זמנו עד שישא הוא אשה ויחזיר לו אז דאינה נגבית אלא בב""ד בעונתה כדאמרינן במסכת מכות (דף ג:) המלוה את חבירו לעשר שנים אין שביעית משמטתו אף זה לא הגיע זמנו עד לאחר שביעית הלכך בשביעית אכתי לא מטא זמניה שיוכל לנוגשו דעדיין לא נשא אשה:"
73,ראש השנה,290,6,0,באושא - כשהיתה סנהדרין לשם דאושא היא אחת מעשר גליות שגלתה סנהדרין כדאיתא במס' ראש השנה (דף לא.):
74,גיטין,291,0,2,"נפלה עליה חורבה ומתה - ובא הבעל לפני ב""ד והיה רוצה לירש את אשתו ואמרו חכמים הואיל ולא נכנס עמה לבא עליה אלא לבודקה ולגרשה ומתה בתוך כך אינו יורשה אית דגרסי הכי ומוקי לה בארוסה ולא נהירא לי דאפילו בא עליה בימי אירוסין קודם הכנסתה לחופה לא ירית לה כדתני חנן בר אמי אשתו ארוסה לא אונן כו' מתה אינו יורשה דאין הבעל יורש את אשתו עד שתכנס לחופה כדנפקא לן (לעיל בבא בתרא דף קט:) ירושת הבעל משארו הקרוב אליו ממשפחתו וירש אותה דהיינו לאחר שנכנסה לחופה הלכך בנשואה מוקמינן לה והכי גרסי' ואמרו חכמים הואיל ונכנס אחריה לבודקה מתה אינו יורשה דכיון דהיה בדעתו לגרשה אם ימצאנה בעלת מום ובתוך כך מתה קודם שנתפייסו אינו זוכה בירושה ומהכא שמעינן שמי שמתה אשתו מתוך קטטה שיש בדעתו לגרשה שוב אינו יורשה כדאמרי' במס' גיטין (דף יח.) משנתן עיניו לגרשה שוב אין לבעל פירות:"
75,פאה,297,3,0,קרקע דוקא - בתמיה והתנן במסכת פאה:
76,פאה,298,0,1,ולא עשו מטלטלי שיור אצל כתובה - דתנן גבי דההיא במס' פאה ובפרקין דלעיל (בבא בתרא דף קלב.) מייתינן לה ופרשינן לה הכותב נכסיו לבניו וכתב לאשתו קרקע כל שהוא אבדה כתובתה ואית דמוקי לה התם בשותקת ופירש רב נחמן כיון שעשאה שותפת בין הבנים אבדה כתובתה דבההיא קרקע כל שהוא ששייר לה שלא נתן לבניו מחלה כתובתה ודוקא קרקע כל שהוא אבל שייר לה וכתב לה מטלטלין כל שהוא לא אבדה כתובתה דכתובה עיקרה גובה ממקרקעי ולא ממטלטלי במסכת כתובות הלכך אמקרקעי סמכה דעתה ולכך לא עשו מטלטלין שיור לכתובתה דאם שייר לה הבעל מטלטלין ונתן לה כשחילק נכסיו לבניו וכתב לאשתו מטלטלין כל שהוא לא אבדה כתובתה:
77,כתובות,298,0,1,ולא עשו מטלטלי שיור אצל כתובה - דתנן גבי דההיא במס' פאה ובפרקין דלעיל (בבא בתרא דף קלב.) מייתינן לה ופרשינן לה הכותב נכסיו לבניו וכתב לאשתו קרקע כל שהוא אבדה כתובתה ואית דמוקי לה התם בשותקת ופירש רב נחמן כיון שעשאה שותפת בין הבנים אבדה כתובתה דבההיא קרקע כל שהוא ששייר לה שלא נתן לבניו מחלה כתובתה ודוקא קרקע כל שהוא אבל שייר לה וכתב לה מטלטלין כל שהוא לא אבדה כתובתה דכתובה עיקרה גובה ממקרקעי ולא ממטלטלי במסכת כתובות הלכך אמקרקעי סמכה דעתה ולכך לא עשו מטלטלין שיור לכתובתה דאם שייר לה הבעל מטלטלין ונתן לה כשחילק נכסיו לבניו וכתב לאשתו מטלטלין כל שהוא לא אבדה כתובתה:
78,פאה,298,1,1,"ואיידי דקתני רישא - במסכת פאה ר' עקיבא אומר קרקע כל שהוא חייבת בפאה ובבכורים ולכתוב עליו פרוזבול ולקנות עמהן נכסים שאין להם אחריות בכסף בשטר ובחזקה דהני כולהו דוקא מקרקעי ולא מטלטלי תנא נמי סיפא קרקע אף ע""ג דהוא הדין בסיפא למטלטלי ומשום סידורא דכל שהן מתנו גבי הדדי:"
79,מעשר שני,298,1,3,"ולקנות עמהן נכסים שאין להם אחריות מקראי נפקא לן בקדושין אלא וידוי מעשר אע""ג דכתיב ביה (דברים כ״ו:ט״ו) השקיפה ממעון קדשך וגו' ואת האדמה אשר נתתה לנו [וגו'] אפי' אין לו קרקע יתוודה דהאי לנו אכל ישראל קאי כדתנן במסכת מעשר שני (פ""ה מי""ד) מכאן אמרו ישראל וממזרים מתוודין אבל לא גרים ועבדים משוחררים שאין להם חלק בארץ אלמא אפי' אין לו קרקע אלא שיהא ראוי הוא ואבותיו ליטול חלק בארץ:"
80,שקלים,300,1,0,"דתנן - במסכת שקלים בפ""ד (משנה ז) המקדיש נכסיו והיה בהן בהמה הראויה על גבי המזבח זכרים ונקבות רבי אליעזר אומר זכרים ימכרו לצרכי עולות ונקבות ימכרו לצרכי זבחי שלמים ודמיהם יפלו עם שאר נכסים לבדק הבית ר' יהושע אומר זכרים עצמן כו' ובמס' תמורה (דף לא:) מפרש פלוגתייהו:"
81,תמורה,300,1,0,"דתנן - במסכת שקלים בפ""ד (משנה ז) המקדיש נכסיו והיה בהן בהמה הראויה על גבי המזבח זכרים ונקבות רבי אליעזר אומר זכרים ימכרו לצרכי עולות ונקבות ימכרו לצרכי זבחי שלמים ודמיהם יפלו עם שאר נכסים לבדק הבית ר' יהושע אומר זכרים עצמן כו' ובמס' תמורה (דף לא:) מפרש פלוגתייהו:"
82,שקלים,300,1,1,יינות שמנים כו' - גם זו שנויה במסכת שקלים:
83,ערכין,300,2,0,דתנן - במס' ערכין המקדיש נכסיו מעלין לו תפילין כלומר אף תפלין הקדש ומעלין לו בדמים ופודן בשוויהן אלמא מדחל עלייהו הקדש מיקרי נכסי שהרי נכסיו הקדיש:
84,שבת,301,7,1,"כבינתי - בית נפש נושק""א בלע""ז והוא לשון כבינות דרחלות במסכת שבת (דף נד.) שמכבנין אותן למילת:"
85,שבועות,309,10,3,ועמדו שני האנשים - בעדות מוקמינן לה במסכת שבועות (דף ל.) ובעינן אנשים ולא קטנים:
86,נדה,310,5,0,"ה""ג עד שירבה השחור קמ""ל דלא כרבי יהודה - ובמסכת נדה מפרש עד שירבו השערות ויהיו שוכבות ונראה כמו שהרבה השחור ולא גרס על הלבן ולר' יהודה אין בודקין דהא לאחר הבאת שערות ממאנת עד שירבה ויהיו שוכבות:"
87,כלאים,311,3,1,"בכרם - דכה""ג אשכחן במסכת כלאים דמאכל בהמה הוי כלאים בכרם משום לא תזרע כרמך כלאים ואפילו מקיים לוקה דדרשי' במועד קטן (דף ב:) כלאים שדך לא:"
88,גיטין,313,4,0,לשבח קרקעות כיצד - במס' גיטין (דף מח:) תנן אין מוציאין לאכילת פירות ולשבח קרקעות ולמזון האשה והבנות מנכסים משועבדים מפני תיקון העולם והשתא מפרש לשבח קרקעות כיצד ובשנים אוחזין (דף יד:) מיתנייא הרי שגזל שדה מחבירו כו' ומשני לא תרוצי קא מתרצת ליה תריץ נמי בבעל חוב וכדמתרצא התם מיתנייא הכא:
89,גיטין,318,0,2,"מקושר עדיו מאחוריו - כותב שיטה ומניח חלק כשיעור שיטה הכתובה וכופלה על החלק ותופר ואח""כ כותב שיטה ומניח שיטה חלק וכופלה על החלק ותופר וכן הרבה כדי מקום תורף השטר והעדים חתומין מבחוץ כענין שפירשו אמוראי בגמרא ובלבד שלא יהיו קשריו מרובין מעדיו כדתנן במס' גיטין (דף פא:) דהוה ליה קרח וטופס של שטר כתוב כולו כעין פשוט וזהו הנקרא לפנינו הפשוט שבמקושר ואלו הכפילות כל כפל וכפל בפני עצמו ונראה מבחוץ בין כפל לכפל כעין קסת הסופר כזה <img src=""data:image/png;base64,iVBORw0KGgoAAAANSUhEUgAAAEMAAAEZCAIAAABDyg8BAAAACXBIWXMAAA50AAAOdAFrJLPWAAAACXZwQWcAAABDAAABGQAG3AbkAAATuUlEQVR42u1dC3AT552XRQGTmJjmYCgM4RIncS7kwSXuw26PFkyCE9yUGQIFfEDmwhUX3NrkIIdzx0ybmEumjIfmsBubMuAxzxY3DsTNEK5AGIidYNcEbGPLxg8ZW7b1sCTLkqW1drX3lz5ptdpdvdeSvh2+2ZFXn9a7+/v+///3+r9ktFSK7D6S+0iiKw4HHFCc5zYriSkSyoXEQVFOPK5PNyRMaQJIKAdFk3aEhMQaCa3TGosKd48M69hEwZK7lj6fIZPJfrwsO85IfLg7zH9ESGSuAnjigCTitxcgjQfJzh2FmHKXV04QEhAVzJGQdFJSEiA5Xn0G65HRQdgcLpLImxq/iSdNCIKIEonNSiHuar/TFR8kzuYkiImJiShvQpKIJrIrl6/HGgnzPLPZLMZ44qZJxUdHwkVChVwZJWtRITQKbZ90911H/lglgETE/n6qyWvQmxESkHiKmuK+iz2xC3GuHjoSrXYUIVENqtk0kAVmbs8s2ilpDp9Cc756Jtt2h//CzDhYN2E9kfKi8v10ML+iMm3adEAypNKwX1XmmQJQHB5DNdYJO/R6k4QDZtFQgQ64ivlKkm4YQgflp951kMw8yk6SPtg4zcRfiqSnpwOSe/1DwUfGRx99VBZ+eWDWQ2mPPbXk6aULFyzm/PTEE+lbt7z5l5pzS55+PnvFqoF7w/1K1eDAiNVKqNXakRGNedwGa0CTyWyxWF39td1u99sByOXOe+r1Rr9ISNLN30muIot3Qa8AvPQvP1q+evVPy8r+4H5pV2HeVgDJvn37mD5bb9B41s1ulgUegB4QDmA2VA81ExM2i5nQj5q0GgOcgBS2tSo+++tFOPp6B6CZEQdC/elTZ4EfLn5+GagBN9n7n/+dlbmspKRk//73t2//5dKlL6Q9lp6V9aPc3Nd+8pMV/rBNTJgZJIjhLBaLABL4OcDCwL3y9OwJ+Io+h7kF2N1fHxDJNoqrcEYnn1dPS0vDYmCB9+Q3us/3pqYmbJbCFBUICQCFLiP0WVDAKQYVg/FeGAn84E9Opug9xOVkGZteMUYyVbupJpMplkhEL95X12q1EkHS2dkpESR1dXUSQXL06FGJIFGpVIDEZrNJBAmazOCyGBZGolAomDE+yl2pOCO5evUqrEkQEv6sBj+J5yxfsESyf/9+ZvmCt5zk5OQwSPCmyaJFiwAJjhLCRcJeHOPNXevXr5fIGL98+XLEXZiKCpe7otRvJBCS6FQciYFk+nTntrFOpxNxpcr7x6D7GJEUkAiYmnBp0tbWFtm94rX0h8re3l4gABfJF198kQjbC6ER1l30er1zIs9BUlxcLHQv16df/Yb3ecHqfa7hHzRN++7Tus49qo7A7cVFAjNiPgyhQ2CP13OQnM1i13t4VCQUe5fZq5ARPGcrYYJuj/kggVl9fn5+DLiIpd9yvrrNSg6pNFcuX/vtb/bv3FFYVLj79q07CL8Hg1sfFBwJ2oCEUlNTg2qgOwZgqampKSkps2enPvBA8oMPzk5OTp4168Fp06ZlZv5w7dq1hYW79uzZc+BAKawIqqqqy8r+AJ9r1677wQ+yduwogHq44I03/m3v3ndaWtrgK5ycP1938+ata9e+vHjxb01NzWWHKn++/l89OgU5UtosfuRx9H3Txi06rXFUN9bU+E37nS79qKmjo9MfHi6SEydOoBq0kSdKefHF71ZUHA7xYpflA13/5Q3eL3L0p76+Hq1qjUaeTsutcXSVt956a+p6IaQ5MpnMQ0Mj0LoKRZeyb7CtVQGHemR0ctIlYJ5+pa934MfLsufNXZg8M4VBAwyC9kxAnoFBhOVk165d69atC3mvPrzRxmq1invPTz75hDPfjdvkN8rOA0ZDv0gSbQoc+H2qq6sThSb+3zUU6xXHsWPHEghJNKW8vDzhkITL1ej6kpKS+CARXQg3b94sEe566aWXwkbCnh165qQ034IgxkiQSj5sD4FQ5vAxLjAh5Owz4uh/4mzHJ598Sp40I3Ik8R49nVYzyDBsydPPJ8+cjbX/Ce1aq9FzUudO/9asSJAkyFyG6XU8e7840wSQEDa3ybCDwhzJJOGQCE3gE62TMR7jJSInLMNkB/Rdix9Jw9uTBg2OaIMC7zEemUl/e868nFW5UpitpD+5ZOuWN7H2zPSRePH7LtFnAP5u6ItELoXxBHAsXLBYWE7iNbMK67nMjr1rF3lG2GvGsOqbmppu3rwpIh7mJ7ZhLgD5zncWBkKCtNjR0Eev13P2nqMkheCVQJOVK1f61DCm/xhJi1M/KpN9+um5QDTBwqzAqR+VyUpLS0OSE5vNhsiFThg2HR4eVigUFovFZDKNsQrcXa1W3717t6OjA66Bc7gMToDTlEol3MTp5MMzwEBf4SdkGcuU4uJiRp/O5xe4OcjJ5s1b2VabMkGC5OXlxcMDKClo/Z49e9AblpSUgEAGpwlBENC00JYajUalUsGn2WwmSZLyFGhFm6swNnqoksOf6JzTqPAVSArvARSDR5w6daqmpoaxMoH2vnHjRnNzM7zra6+99u677zY2NjY0NBQVFc2fP//ChQv+mEgW+/EhaN8YmazipwkKojFNhNlXKMQMlSb+DEMSancvOE1A5j744INYUkZcS0UvkhMnTgS1HkzkcdP76jAYScQOEjr1uCARn7va2toQEuwtOi9duiQR7kJIYkwQNPcRGQnjpxUbMGhRZHEVUcB4kZw5cyb23CWip6kUPc7KysokguS9996TCJJ9+/bhjYQRuPz8fAYJ3v4n27Ztkwh3rVy5UiJIkJ+WFJDwNRL3kcQVCROoDHskjDW6dLhLCv7xbCSRjYyih1CJirvw9gJk+zqwFz1stRgdtRZKrOLP713G/IyQsBVrgkgE/bTY5qloQRsUzOTkZGRI/P2jGwkwFR8Jw/oOKpCfFu2N/EvxVQ6RkogKl/hBRka2/xdpp1FMNTjM44RpzKofHdeoDeoRvVZjhPNRnYkg7HBYrYTNBm1HwqfJZNZqR6EG6s1maDGb3U7BiVqthU+Dftxidv5kGpvoV6quX/v6/LnPaj/+tKnxm77egZFh3b3+oZvNLfBVNaiBa9ggBWJFoRZlIykoKJDJ5ChYIce5KAKlVOCf+CX9ySV+/kVOku631+v1wlGvoFapVOp07hjdNTU1sFzp7Ly7ccPm/O2/+uD90r/WXWxqvNXbM9CvHOrpvnfrmztwtNzu6Orsg5q+3sHuu/3td+6O6sYMhjFobLvdzlcpkq7C7qyB1EAT5OOkHhklbBSbk9EFwAJQDwcTjRAZ1QN9w4g2GjysI8V2RXRENAR5jdw91gCCIfO8/7Vu3bogsQf5MscRdJfVsY+NPUXRgg8LAYPwudNgczJIfBGExO/qN0DPIGRRL65dPSXYHfl7t9zcXH7IC5lYb+BLyWjGRipod4zCkLhEEVtLNVSKin4dJIoiLmXfvv+SCJINGza5AkVMYIwEyd/jaU8Bkq+/+jvWSJxWttkrVgESmNRgby/83rvvSwEJjCJnTjuVu/Vf3mAPKXghoRCSio+OOMOQtCoit7KN+9oYITl+/CQgGbg34mI20ieieIhlbGwsEZCc/XMtIIH1DHtthxNNmInz8erTKPI+xhKPlg+5q9cAkt6ee9j3XWWHKlyhK+3YI2m/0zUndS5nQRG5NXqcemFnCJme7v6FCxZ7Oq2IaBJ3VAjJxc8vuzJUaPD22iDt9Pv/cyApKen6ta9w9z+hdu4o9IzxePtpOX5VsAuQaDUG7Fdau3e/DUg+//z/sEdSWlrqHBl7e7FfMyKzJ7VajT1NEJLOzk7skVRWVgKSxsbGUJEE3p6MWBcZdIQNevNDhw4Bktu3b08JTdhbr7zgLD7aL34gwXDbBRlw3bp1K3IkIbgj8CMT+o1YGHGrIbOn69evCyNhKwo3btwI19XW1oJUqVQq6O9OnjwJlXAL6AFrampKSkrgPDc3NycnJzMzM81VMjN/uPs/9m7d8iasH+DYtHELnMPnmp+9nrdp6+trN8Dx79t+WVS4++0972z/xc6NGzavXv1T+PeMjIzs7Ow1a9bAOaP1mTFjRkqKMy6cXC5PT09/5ZVX4AKDwRAGd6EED6JopyLWgfkr6A2RMwMndKUXCXTP0Ooc+pjN5gjYAOlArFZibGwcBedDSkaj0aTVjhoMY0jbyKja+IXZZ4AT5BMGb8K4mBEEkZ+f7zcnDUAEoCaTaUoHtalbGniRMDHwMA3F7UVisVgkYkvEj0uIKxKlUikRe+Hh4WGJRN7HPncThyZSkJOOjg6JWA+i6LBMusP7vXACIAGBgcmmdEbGuOt6REACGPgpNbFE0t3dLRE5gUWiREZG5PcrhYxHaIyfitjosUYCa0uJ5KRBSKQg8dLJ/olWv3hJvLBOC2bBEqEJCoolBSTszMWJz2P8zeW45WCeQpogZ5pEkF0xuSuax/vTn/B1KXQUluz81YfIucqFM0xRgsH6g8Cwu4rgT2q1ev78+TAABqFJNIT29XeifdNRkbzUVOjisHfY0ALkzJkzwkhol4NTKO+KWgvWZJOTkzAKwQnjCmI0mu71D+m0RqPB3NXZe7O5pV+pUg2qf3+wrOV2u0E/bh632awkaacnLJPqkVF44u7db7e1tcNRVVW9d+878BU+L126Ult77vz5usOHj8DXAwdK4Xj99fVNTc0M+/iNPYiczuhgmiDxijyC/8nIyGAanUnHhrzpfJAA89EePUtaWlpWVtbRo0fLy8srKyvr6upaWlqArAqFoqGhYXx8XKlUwtIfWLajo+PDDz+E+8Jl0Ao1NTXQcgaDwaUD6gBudrqZ2SZhNjQ4OHThwoWzZ/8Cd4BzrXYUiGm1EnACF+v1RovFihzWDAYQ6XGSdMAB9XBxX1//1avXdDo9g4SrxWZLBcd+IqFHD17aQiytPVxI5FVVVQmEhInRGT6S6PTxiUQTGUgX1kjcAxQgOVx5LOGQhOPl7TZ+BiTHjp7A3l4Y0eT0qbMSiLzvRALzBiyRML6gDHf9fH0e9lHeKdKJJHvFKonEq89dvQZXOWE7bgOSFctfxpImbDlBSJ579gXsPWkQklUvr8ZVTlAsCxTFAJCkPZYuEYnPylwmESTbf7ET7zxBgMQ6YZdAPi0nkn6lCnskiMF0WiPAmP6tWRivT1CBSSQgOXCgFHskaL9r0aJF2COh6SnL3XQfSZRI5AmBRGjtTsWIJhEFUCIjC7sU+AKk3A2ERCz14lQn3UB5gkKiSQSm9eHGioqmtLa2hsFd4ScLEWPaToW0rWoymV599dWGhgaapXuSBXP+QlMdu1sLRdHsEH1BvZVCTM4SpRbNhyb8IIt2O2G3UzDDmbBM2qykQT/u0lG1wueobqytVQEngwMjGrVeqzEMD2kH7g339Q709fXr9UazeQIOgrAbDWakJ7HZJmGK4ZzGWgmdzpkGDQXqGx4eRhKsUCiMRuPIiKavr6+tra29vb2np2dgYECr1aL8Vt3d3c3NzQGypwn4aSGDSBG9mAIXFP87xFJcXMwnICKDABI4OXjwYGZmZm3tuSuXr5375LPTp85WfHTkwO8OwlF2qOLQ/35UXlZ55I9VUF/78adw/PlPHx+vPg3XQOXXXzdev15/+vSfqqqqjxw5eunSFaDJ2Ng4EKepqbmx8e8q1TB87e8fuHjxb9DM8ESr1VpfX48SiIGsjIyMcAL+QSX8ZDAYAugnZKHsAIQcsc9HflzBUEieR2D0ToARIaFpv9YBggfy+WAi4rGDIdLc6HgOcQculs3dqGnLljdoH1W6yOPalMaQ9SKpr//KE0rK2/8mzJQsVCRO2pvNZmZxzKQ6Dmtci/PsmD/BZAWvdUxpA4tLcx8kM2fOQkiYviguHBVVBj0mYasLCclskOG09hLmLtyRyJNmzEmdKwUkQJB5cxdIBEnyzBSJIGHMuKWBhMaeJmhJIgUkyKIPwUB6sPsSHyckbKMplF4+lls+4tME2QufPHmSxrNwucuTypzCHYkcbYfhTRPEXVJAQhAEIGltvS0RJJyk7FgiQev4BPdrChASiOstS2NbuL7YLP94Clck0GvFMiLGFO6m9vT08LNQed2TqPC2VUM5RNyO8UGCHGg4m88BotTxna58K/lb2v4UR2LnYDYYDEK5mxwB8k+JRJNQE04x/ALnKOCd8FyY8W6y2WwFBQVFRb+uqDi8c0dh3qY3slfkfO+7Wc89+8KSp59/Kv2ZJx7/J7ZvUpg6I3k0IfCQpwZiH8Z3DiH0DiCo77Lb7SqVKjk5OfCTHpr9D+hk5oyHvO+YNOPhby9YuOAfH1mUtviRx1/45++/+srP4PPBB+YU7Ny1dcu25559kXOf1NRU9teUlJRp06Yh65qlS5cuW7YsIyODfY1SqaQ9qYlR3FSkPKLZ+bRQQD+O0ojhInauIz/MJuDAiCJn+17sk6bJn/gGLijwEDpnNI/cuEQajSZoaL1w9fT8r1F2XF1dXYFy0qAsuUNDQyF0fNH0NlRknSy7NDY2BkKCAsT6yxkY/iOpwC8dzQSPzV3C65MIHhbLGSfzrPLy8uAZj8I38nBEwDlRFnYycoYAPtEXcJksogx6tD/dryCDJWZBIW+FuSt65VgspSUtLU0imcGeeeYZiSDJy8uD+ZREkMAMTeReOC4lJDnBAsns2bPvSzyO3JVoO3TCS3ahJMuyBIfBZAnmIHn44YelwF2AJCcnRwpI0H6FRGgiESTz5s3jJwnAEglBECqVilP5/85BN1s7S5kMAAAAGnpUWHRqcGVnOmNvbG9yc3BhY2UAAHjaMwIAADMAM4k4IzUAAAAkelRYdGpwZWc6c2FtcGxpbmctZmFjdG9yAAB42jOsMNQxhGAAEW8C553+HpkAAAAASUVORK5CYII=""> וכן מוכח בגמרא שהעדים החתומין על כל קשר וקשר נקראין ונראין מבחוץ:"
90,מכות,319,7,1,"בפלוגתא דר""ע ורבנן - במס' מכות להקיש שלשה לשנים כו':"
91,גיטין,323,3,0,"הכי גרסינן בפירוש רבינו חננאל היו ארבעה או חמשה עדים חתומים על השטר ונמצא שנים הראשונים קרובים או פסולים תתקיים עדות בשאר מסייע ליה לחזקיה דאמר מילאהו בקרובים כשר. פירוש אם היה בין הכתב לעדים חלק כשיעור שני שיטין ומילא מקום החלק בקרובים השטר ההוא כשר ומקיימין אותו משאר העדים שבו ולא נמצאו דברי חזקיה בפירוש בגמרא וי""ל בגט קרח מדבר חזקיה ונראין דברי חזקיה כדברי ר' עקיבא דתנן במסכת גיטין (דף פא:) גט קרח הכל משלימין עליו כדברי בן ננס ר""ע אומר אין משלימין אלא קרובים הראויים להעיד במקום אחר כך פירש רבינו חננאל ולי נראה לשון הראשון שסוף הברייתא דקתני היו עליו ארבעה או חמשה כו' ודאי מעין תחלתה מיירי במילוי שני שיטין הפוסלים את השטר כדקתני רישא ובא לומר שמילוי קרובים מכשירו והיינו דקאמר מסייע ליה לחזקיה דאיירי נמי במילוי שני שיטין של חלק דאי ברייתא בעלמא מיירי בלא מילוי שני שיטין ולאורויי דין עדים פסולים שיתקיים העדות בשאר ליתנייה במסכת מכות (דף ו.) גבי ההיא פלוגתא דרבי ורבי יוסי (הגלילי) דפליגי התם בדיני ממונות אם תתקיים העדות בשאר אם לאו וחזקיה נמי אם בגט קרח מיירי מה צריך סיוע מן הברייתא ממתני' דגיטין דבן ננס ור""ע יכול לסייעו ותו חזקיה מתני' דגיטין אתא לאשמועינן בתמיה:"
92,מכות,323,3,0,"הכי גרסינן בפירוש רבינו חננאל היו ארבעה או חמשה עדים חתומים על השטר ונמצא שנים הראשונים קרובים או פסולים תתקיים עדות בשאר מסייע ליה לחזקיה דאמר מילאהו בקרובים כשר. פירוש אם היה בין הכתב לעדים חלק כשיעור שני שיטין ומילא מקום החלק בקרובים השטר ההוא כשר ומקיימין אותו משאר העדים שבו ולא נמצאו דברי חזקיה בפירוש בגמרא וי""ל בגט קרח מדבר חזקיה ונראין דברי חזקיה כדברי ר' עקיבא דתנן במסכת גיטין (דף פא:) גט קרח הכל משלימין עליו כדברי בן ננס ר""ע אומר אין משלימין אלא קרובים הראויים להעיד במקום אחר כך פירש רבינו חננאל ולי נראה לשון הראשון שסוף הברייתא דקתני היו עליו ארבעה או חמשה כו' ודאי מעין תחלתה מיירי במילוי שני שיטין הפוסלים את השטר כדקתני רישא ובא לומר שמילוי קרובים מכשירו והיינו דקאמר מסייע ליה לחזקיה דאיירי נמי במילוי שני שיטין של חלק דאי ברייתא בעלמא מיירי בלא מילוי שני שיטין ולאורויי דין עדים פסולים שיתקיים העדות בשאר ליתנייה במסכת מכות (דף ו.) גבי ההיא פלוגתא דרבי ורבי יוסי (הגלילי) דפליגי התם בדיני ממונות אם תתקיים העדות בשאר אם לאו וחזקיה נמי אם בגט קרח מיירי מה צריך סיוע מן הברייתא ממתני' דגיטין דבן ננס ור""ע יכול לסייעו ותו חזקיה מתני' דגיטין אתא לאשמועינן בתמיה:"
93,מכות,323,5,1,"שהרי סוכה - בהיות בה אויר שלשה טפחים פסולה ואם מילאו בסכך פסול כגון בדבר המקבל טומאה הוכשרה הסוכה שאין סכך פסול פוסל אלא בארבעה טפחים ורב יהודאי גאון נמי מוקי לה להא דחזקיה בהלכות עדות שלו כגון דהוה קרוב חתים ברישא כי היכי דלא תקשי אדרב נחמן דאמר במסכת מכות אפילו בדיני ממונות נמצא אחד מהן קרוב או פסול עדותן בטילה דהיכא דחתים קרוב ברישא מוכחא מילתא דלכבוד עביד ולא לעדות חתמיה ובהא כ""ע מודו והכי תניא בתוספתא (פ""ז דגיטין) שטר שחתמו עליו חמשה ונמצאו שלשה הראשונים קרובים או פסולים תתקיים העדות בשאר:"
94,נזיר,330,5,2,מביאה קרבן אחד - ליטהר מטומאתה תור לעולה ותור לחטאת ואינו נאכל דחטאת העוף בא על הספק ואינו נאכל כדנפקא לן ממתני' דרבי יוסי בר' חנינא במסכת נזיר (דף כט.):
95,כריתות,330,5,3,ואין השאר עליה חובה - שבקושי התירו להביא חטאת העוף על הספק כדי לטהרה מספק טומאתה משום דההיא חטאת אזלא לקבורה וכיון דמיטהרא בקרבן אחד כדאמרינן במסכת כריתות דומיא דאשה טמאה דמיחייבא חמש טבילות ובטבילה אחת מטהרת תו לא מייתי חטאת מספק להביאו לבית הפסול:
96,מעשר שני,331,0,1,"ברבעתים - ברביעית דינר שני תורין ברובע דינר דהיינו מ""ח פרוטות דקצ""ב פרוטות יש בדינר בפ""ק דקדושין (דף יב.) והכי מפרש בד' מחוסרי כפרה (כריתות י:) ודכוותה אשכחן במסכת מעשר שני (פ""ב מ""ט ע""ש) ב""ש אומרים בריבעא כסף ובריבעא מעות דהיינו ריבעא דינר:"
97,שבועות,334,0,0,כיון שהגיד - נפקא לן במסכת שבועות (דף לב.) מאם לא יגיד:
98,נדרים,334,15,0,ופסיק גמרא ואין הלכה כר' יוסי אף על פי שנימוקו עמו דאסמכתא לא קניא אלא אם כן קנו מיניה בבית דין חשוב ובדלא אניס כדאמר במסכת נדרים (דף כז:):
99,גיטין,338,0,1,"רבי סבר אותיות נקנות במסירה - כדקאמר נמי רבי בהדיא בפרק המוכר את הספינה (לעיל בבא בתרא דף עו.) שהמוכר שטר חוב לחבירו כיון שמסר לו את השטר בידו קנה החוב ונשתעבד לו לוה לזה הקונה כמו שהיה משועבד למלוה כל זמן שלא חזר ומחלו כדאמר שמואל (במסכת גיטין) (דף יג) וה""ק הבא לידון בשטר ובחזקה וטוען ראובן כנגד המערער שדה זו שלי היא שהרי שמעון שקנאו מלוי מסר לו שטר מכירה הכתוב בשמו וקניתי השדה במסירת השטר כאילו נכתב בשמי וגם החזקתי בשדה שלש שנים נידון בשטר דברי רבי ועל ידי השטר שמסר לו הלוקח קנוי לו השדה דאותיות נקנות במסירה ולא צריך תו עדי חזקה:"
100,שבועות,342,4,2,"כי היכי דליפגום שטרו - כשיפרע חמשים זוז הרי נמצא שטר שביד מלוה פגום ותנן (כתובות דף פז.) הפוגמת כתובתה לא תפרע אלא בשבועה וה""ה לכל השטרות כדאמרי' במסכת שבועות וכי מה בין זה לפוגם שטרו כו' בפ' שבועת הדיינין (שבועות דף מא.):"
101,גיטין,346,1,2,וצידן - במי שאחזו במסכת גיטין:
