,Masechet,Daf,Line,Masechet,Comment
0,Bava Kamma,8,0,כתובות,תחת נתינה כו' - דבכולהו כתיב או תחת וגמרינן תחת תחת משור מועד דכתיב ביה שור תחת השור מה התם ממיטב דגמר משן ורגל דכתיב ביה מיטב שדהו אף כאן מיטב שאם בא לשלם קרקע לניזק בשביל הזיקו מגביהו מן העידית או נתינה וגמר נתינה נתינה משור שנגח את העבד דכתיב ביה יתן לאדוניו או ישלם וגמר משן ורגל דכתיב בהן מיטב כרמו ישלם או כסף וגמרי מבור דכתיב ביה כסף ישיב לבעליו וארבע אבות גמירי כולהו משן ורגל בשומר חנם כתיב אשר ירשיעון אלהים ישלם בשואל כתיב בעליו אין עמו שלם ישלם בנושא שכר כתיב אם גנוב יגנב מעמו ישלם שוכר אינו כתוב בתורה אבל דינו כנושא שכר בנזק דחובל בחבירו כתיב נתינה כן ינתן בו והיינו ממון הניתן מיד ליד כדדרשינן בהחובל (לקמן בבא קמא דף פד.) בצער כתיב פצע תחת פצע ודרשינן ליה לקמן בהחובל (בבא קמא דף פה.) פצע תחת פצע ליתן צער במקום נזק בריפוי ושבת כתיב נתינה שבתו יתן ורפא ובשבת כתיב תחת גבי אונס ומפתה דכתיב תחת אשר עינה ודרשינן בכתובות בפרק אלו נערות (כתובות דף מ:) חמשים כסף תחת העינוי מכלל דאיכא בושת ופגם לישנא אחרינא הואיל וכתיב בחובל בחבירו תחת דכתיב תחת פצע כולהו חמשה דברים דידיה מהתם גמרינן בתשלומי כפל כתיב ישלם שנים ובתשלומי ארבעה וחמשה כתיב חמשה בקר ישלם תחת וגו' וקרן דגנב בכלל כפל הוא ובגזל כתיב נתינה ונתן לאשר אשם לו (במדבר ה׳:ז׳) בעדים זוממין כתיב בהו נפש בנפש (דברים י״ט:כ״א) וכמאן דכתיב תחת דמי באונס ומפתה ומוציא שם רע כתיב כסף ונתן לאבי הנערה חמשים כסף (שם כב) היינו אונס מפתה כסף ישקול כמוהר הבתולות (שמות כ״ב:ט״ז) במוציא שם רע וענשו אותו מאה כסף (דברים כ״ב:י״ט) מטמא ומדמע ומנסך בכלל נזק הן ובנזק כתיב ביה תחת:
1,Bava Kamma,12,0,גיטין,ובעל חוב דינו בבינונית - במס' גיטין בפרק הנזקין (גיטין ד' מח:):
2,Bava Kamma,13,0,גיטין,וכתובת אשה בזיבורית - במסכת גיטין בפרק הניזקין (גיטין דף מט:) תני טעמא דיותר משאיש רוצה לישא אשה רוצה לינשא:
3,Bava Kamma,19,1,סנהדרין,שקירב מיתתו - ופלוגתייהו דרבי יהודה בן בתירא ורבנן מפ' בסנהדרין בפרק אלו הן הנשרפין (דף עח.) ר' יהודה סבר כי יכה כל נפש אדם כתיב דמשמע כל דהו נפש ורבנן סברי כולה נפש משמע והיינו הכשרתי במקצת נזקו דומיא דחופר בור שהראשון הזיק והאחרון הרג:
4,Bava Kamma,27,0,כתובות,כדאמר רבא אמר רב נחמן - במסכתא כתובות בפרק הכותב:
5,Bava Kamma,48,1,נדה,"ומה - רוק שהוא טהור באדם טהור הוי טמא ומטמא במשא באדם טמא כגון זב כדכתיב וכי ירוק הזב בטהור דמשמע במה שביד הטהור כדדרשינן במסכת נדה (דף נה:) דהיינו משא וכתיב וכבס בגדיו כו' קרי שטמא בטהור הטיפה מטמא במגע כדכתיב וכל בגד וכל עור אשר יהיה עליו שכבת זרע וגו' ואדם נמי מטמא במגע כדכתיב או איש אשר תצא ממנו שכבת זרע וגו' ודרשינן במסכת נדה בפרק יוצא דופן (נדה דף מג:) מנין לרבות את הנוגע בשכבת זרע ת""ל או איש אינו דין שיהא טמא בזב:
"
6,Bava Kamma,67,1,שבת,חוץ מחובל ומבעיר - כדמפרש טעמא במס' שבת בפרק האורג מדאצטריך קרא למישרי מילה מכלל דשאר חובל חייב ומדאסר רחמנא שריפת בת כהן בשבת דמקלקל הוא מכלל דמקלקל בהבערה חייב כגון השורף כלי דמקלקל הוא:
7,Bava Kamma,106,0,בכורות,שור פסולי המוקדשין - שנפדה אין המיתה שלו דקיימא לן בבכורות בפרק ב' (דף טו.) גבי פסולי המוקדשין לאחר פדיונו תזבח ולא גיזה בשר ולא חלב ואכלת ולא לכלביך:
8,Bava Kamma,173,0,גיטין,"אפי' למ""ד יכול הרב כו' - פלוגתא במסכת גיטין בפרק שני:"
9,Bava Kamma,198,0,סנהדרין,שנשא ונתן ביד - וזיכה את החייב שהיה לו משכון למלוה ממנו ונטל דיין למשכון והחזירו ללוה וחייב את הזכאי נטל ביד ממון מן הנתבע ושילם לתובע וטימא את הטהור נטל שרץ בידים וזרקו עליה לטמאו ודאי להחזיק דבריו וטיהר את הטמא נטל הדיין לפירות טמאים וערבן עם שאר פירות האיש השואלו והוה ליה עושה מעשה בידים ומזיק והכי מפרש בסנהדרין בפרק אחד דיני ממונות (סנהדרין דף לג.):
10,Bava Kamma,219,2,"חולין, שחיטת חולין",והמורם מאיל נזיר - זרוע בשלה וחלה ורקיק וחזה ושוק של שלמים בכלל תודה הוא דתודה שלמים אקרי והנך תרתי תודה ואיל נזיר משום דדמיין להדדי חשיב להו בחדא כדאמר בשחיטת חולין בפרק הזרוע:
11,Bava Kamma,235,1,מנחות,"ועגלים - הרועים בשרון ברחבה לעין כל מאחר שמוכרין בפרהסיא לא גנבום. ל""א שרון שם מקום ומקום גידול עגלים הוא ולוקחין עגלים בזול ומגדלין אותן ושלהן הן לשון זה עיקר דתניא במנחות בפרק כל קרבנות (מנחות דף פז.) אילים ממואב וכבשים מחברון עגלים משרון:"
12,Sanhedrin,100,0,יבמות,"כי תחל לזנות - כשהיא מתחללת על ידי זנות וזו נתחללה כבר ע""י נשואין שנשאת לחלל לנתין ולממזר נתחללה מן התרומה אפי' ימות וזרע אין לה לא תשוב עוד אל בית אביה כנעוריה ונפסלת נמי מן הכהונה שלא תינשא עוד לכהן וכולה יליף ביבמות בפרק אלמנה (דף סח.):"
13,Sanhedrin,108,1,יבמות,לדרשא אתא - ביבמות בפרק הבא על יבמתו (יבמות דף נד:) דהא כתיבא בכל חד וחד באנפי נפשיה בפרשת עריות באחרי מות והדר כתיב בקדושים תהיו:
14,Sanhedrin,109,1,נדה,לטמא משכב התחתון כעליון - שהבועל נדה מטמא משכב התחתון משום משכב אפי' לא נגע בו כעליון של זב הכי מפורש במסכת נדה בפרק בנות כותים (נדה דף לב:) שאין משכבו של בועל נדה חמור כמשכב נדה וכמשכב זב שנעשים אב הטומאה לטמא אדם וכלים דכתיב בהו וכל אשר יגע במשכבה אלא הרי הוא כעליונו של זב בגד שנישא על גבי הזב שאינו אלא ראשון לטומאה ואינו מטמא אדם וכלים אלא אוכלין ומקראי ילפינן לה התם:
15,Sanhedrin,123,1,בבא מציעא,"דא""ר יוחנן - בבבא מציעא בפרק המפקיד:"
16,Sanhedrin,149,0,יבמות,אי - כיון דאמרת מניין לעשות שאר הבא הימנו כשאר הבא הימנה נימא מה היא אם אמה אסורה לו אף הוא אם אמו אסורה לו משום ערוה ואנן גבי שניות מדברי סופרים (תנן) לה ביבמות בפרק כיצד (דף כא.):
17,Sanhedrin,167,0,שבת,מחט של יד - היא מחט קטנה שתופרין בה בגדים ניטלת בשבת ליטול בה את הקוץ ומשום דקתני לה להלן במסכת שבת בפרק כל הכלים (שבת דף קכב:) גבי ושל שקאין לפתוח בו את הדלת קרי ליה להא קטנה מחט של יד:
18,Bava Batra,32,0,בבא קמא,בור שיח ומערה - מפורשים בבבא קמא בפרק שור שנגח את הפרה (דף כ:):
19,Avodah Zarah,34,2,"ב""ק","מתרחנא מרתח - כלומר אמתין לך עד שיפסוק ליך ודוגמתו בב""ק בפרק מרובה (בבא קמא דף פ:) מאן תרח נתרח שמואל:"
20,Avodah Zarah,72,0,"ב""ב","כר' יוסי - בב""ב בפרק יש נוחלין (בבא בתרא דף קלו.) הכותב כל נכסיו לבנו לאחר מותו צריך שיכתוב מהיום ולאחר מיתה דלהוי משמע גופא מהיום שלא אהא רשאי למכרם ופירא לאחר מיתה ואם לא כתב מהיום אלא לאחר מיתה לא אמר כלום ויירשו אחיו עמו או אם היה עליו בע""ח מאוחר לאחר מתנה זו בע""ח גובה את חובו רבי יוסי אמר אינו צריך דלהכי כתיב זמן בשטר לומר מעכשיו תהא מתנה מגופה של קרקע ופירות לאחר מיתה דאי לא בעי למיתב ליה אלא לאחר מיתה למה כתב זמן בשטר. וה""נ זמנו של גט מוכיח דה""ק ליה מעכשיו יהא גט אם לא באתי ותנאה בעלמא הוא וכי לא אתא איקיים תנאה:"
21,Avodah Zarah,81,2,"חולין, שחיטת חולין",שבקיה איסריה לדגון - גבורת ושררת הצלם עזבתו והלכה וישבה על המפתן. איסריה שר שלו כמו איסריה דעניותא (בשחיטת חולין בפרק כל הבשר (חולין דף קה)):
22,Avodah Zarah,91,2,שקלים,רקועים - טסי זהב שעושין ציפוי לכותל היכל לבית קדשי הקדשים כדאמרינן בשקלים בפרק התרומה דכיון דנוי הוא מיתסר:
23,Makkot,24,0,זבחים,והשוחט - קדשים בחוץ או המעלה קדשים בחוץ אזהרת מעלה השמר לך פן תעלה וגו' (דברים י״ב:י״ג) אזהרת שוחט ילפינן בזבחים בפרק השוחט והמעלה (זבחים דף קו.) איכא דיליף מלא יזבחו עוד וגו' ואיכא דיליף לה מגזירה שוה דהבאה הבאה שוחט ממעלה:
24,Makkot,33,0,יבמות,בכורים - מותרים לאונן לר' שמעון ביבמות בפרק הערל (יבמות דף עג:):
25,Yevamot,57,5,כתובות,גובה כתובתה - ובדכתב לה מן האירוסין מיתוקמא בכתובות בפרק הכותב (כתובות דף פט:):
26,Yevamot,65,0,יומא,"בשחיטת פרו של כ""ג - ביום הכפורים דשחיטה אב מלאכה היא ומשום זרות נמי איכא כדברי האומר ביומא בפרק טרף בקלפי (יומא דף מב.) שחיטת פרו בזר פסולה:"
27,Yevamot,66,0,שבת,"ור""מ אליבא דמאן - כלומר נהי דסבר רבי מאיר איהו כה""ג איסור חל על איסור מיהו היכא דקא מתכוין לדבר מצוה לישא אשה כמאן מרבותיו סבירא ליה לרבי מאיר בטעה בדבר מצוה ולא עשה מצוה אי אליבא דר' יהושע האמר פטור במס' שבת בפרק ר' אליעזר דמילה (שבת דף קלז.) דתניא התם בגמ' מי שהיו לו שני תינוקות אחד למול בשבת ואחד למול בא' בשבת ושכח ומל את של אחד בשבת בשבת דהיינו נמי טעה בדבר מצוה ולא עשה מצוה שעדיין לא הגיע זמנו פוטר ר' יהושע:"
28,Yevamot,82,0,נדה,"אפילו למ""ד - במסכת נדה בפרק בנות כותים:"
29,Yevamot,109,0,שבועות,"הניחא למ""ד - בשבועות בפרק ידיעות הטומאה:"
30,Yevamot,122,0,שבת,"עד שבתא - במס' שבת בפרק ר""ע (שבת דף פו.) גמרינן לה דעבוד פרישה בארבע בשבתא ופירשו חמישי וששי שלימים ובשבתא שריא שכינה והוא שלישי לימים השלמים ויום ראשון לא חשיב שלא היה לילו עמו:"
31,Yevamot,134,1,כתובות,"משום דעולא - במס' כתובות בפרק אע""פ (כתובות דף נז:) דבר תורה ארוסה בת ישראל אוכלת בתרומה דכתיב קנין כספו הוא יאכל בו ומה טעם אמרו אינה אוכלת גזירה שמא ימזגו לה כוס בבית אביה ותלך ותשקה לאחיה ולאחותה:"
32,Yevamot,135,0,סנהדרין,ר' עקיבא דורש ווין - בסנהדרין בפרק ד' מיתות (סנהדרין ד' נא:) ישמעאל אחי בת ובת אני דורש:
33,Yevamot,211,1,גיטין,והא לא נתנו ליכתב - פרשה בפני עצמה במסכת גיטין בפרק הניזקין (גיטין דף ס.) דקתני אין כותבין מגילה לתינוק להתלמד בה:
34,Kiddushin,45,1,נדרים,שלוחי דרחמנא נינהו - ולא שלוחי דידן ונפקא מינה למודר הנאה מכהן שהכהן מותר להקריב קרבנותיו והא מילתא איבעיא לן בנדרים בפרק אין בין המודר (נדרים דף לה:):
35,Kiddushin,103,0,"ב""מ","ההוא סרסיא - עושה שכר מתמרים של בעל הבית למחצית שכר וחבירו בב""מ בפרק המפקיד (בבא מציעא דף מב:):"
36,Kiddushin,132,0,יבמות,ולרב דימי - דאמר ביבמות בפרק הערל (יבמות דף עח.) דשני הוא ויליף לה מאשר יולדו הכתוב תלאו בלידה למימרא דבתר אימיה שדינן ליה מדלא כתיב אשר יולידו:
37,Kiddushin,133,0,יבמות,"מנה""מ - דאין קידושין תופסין בחייבי כריתות אבל הולד ממזר נפקא לן מלא יקח איש את אשת אביו ולא יגלה כנף אביו וסמיך ליה לא יבא ממזר ומוקמינן לה ביבמות (דף מט.) בשומרת יבם של אביו שהיא לו אשת אחי אביו שהיא בכרת ומהכא ילפינן לה ביבמות בפרק החולץ (יבמות דף מה:) דכל שאין לה עליו קידושין הולד ממזר:"
38,Kiddushin,133,1,יבמות,"מנה""מ - דאין קידושין תופסין בחייבי כריתות אבל הולד ממזר נפקא לן מלא יקח איש את אשת אביו ולא יגלה כנף אביו וסמיך ליה לא יבא ממזר ומוקמינן לה ביבמות (דף מט.) בשומרת יבם של אביו שהיא לו אשת אחי אביו שהיא בכרת ומהכא ילפינן לה ביבמות בפרק החולץ (יבמות דף מה:) דכל שאין לה עליו קידושין הולד ממזר:"
39,Kiddushin,144,1,יבמות,לינשא לפסולין - לפסולי כהונה גר חלל משוחרר שהכהנים הוזהרו על בנותיהם והם לא הוזהרו עליהם מלישא אותן אבל לפסולין שהאנשים הפסולין הוזהרו עליהן מלישא אותן כגון ממזרין או נתינים אף הנשים הוזהרו עליהם דהשוה הכתוב אשה לאיש לכל עונשים שבתורה והכי אמרינן ביבמות בפרק יש מותרות (יבמות דף פד:):
40,Kiddushin,161,0,יבמות,שתי יבמות - נשי שני אחין ששונאות זו את זו כשתי צרות שדואגות שמא תפול ליבום לפני בעלה ותיעשה לה צרה אשה וצרתה ואשה וחמותה ובת חמותה ובת בעלה כולן שונאות זו את זו וטעמא מפרש ביבמות בפרק האשה שהלכה (יבמות דף קיז.):
41,Niddah,63,0,"ב""ק","בראיות כבימים - בין שרואה ג' ביום אחד בין שרואה שלש בשלשה ימים רצופין הוי זב כדילפינן בב""ק בפרק כיצד (דף כד.) לזכר ולנקבה מה נקבה בימים אף זכר בימים וראיות בגופיה כתיב מנה הכתוב שלש וקראו טמא אבל זבה שראתה שלש ביום אחד לא הויא זבה:"
42,Niddah,67,0,שבת,"כי מיבעיא ליה לאחר ג' - דלגבי ישראלית טהורה כדאמר במסכת שבת בפרק ר""ע:"
43,Niddah,67,1,כריתות,תאמר בנקבה - מצורעת דליתא בכל הני. בכריתות בפרק ד' מחוסרי כפרה (כריתות דף ח:) איש פורע ופורם ואין אשה פורעת ופורמת וגבי תשמיש נמי מחוץ לאהלו כתיב ולא מחוץ לאהלה הילכך לא אתיא מזכר ואיצטריך לנקבה לגופה ולעולם לשאר מעינות. ומהיכא דנפקי שאר מעינות ליכא למימר דילפינן לדם דשאר מעינות ילפינן מרוק מה רוק שמתעגל ויוצא הוא מתאסף תחלה יחד ואחר כך יוצא ודם לאו מתעגל ויוצא הוא:
44,Niddah,79,1,זבחים,ושיצא דמה חוץ לקלעים - אבל כל הנך פסולי אחריני דמכשר בהו רבי שמעון כגון לן ויוצא שיצא הבשר קודם זריקת דם וטמא ושנשחט לאוכלו חוץ לזמנו וחוץ למקומו כולן מודה נמי רבי יהודה דלא ירדו וטעמא מפרש רבי יהודה במסכת זבחים בפרק המזבח מקדש (זבחים דף פד:) מפני מה אמרו לן בדם כשר שהרי לן כשר בבשר וכן כולן:
45,Niddah,86,0,יבמות,ולאפוקי מדר' יוסי - דאמר במסכת יבמות בפרק אלמנה לכהן גדול (יבמות דף סז.) יש לו זכייה ואפילו הוא במעי אשה זרה הכשרה לכהונה פוסלה דקסבר כל זמן שהוא במעי זרה זר הוא וכל שכן האי דבמעי גרושה הוא דאפילו כשיולד לא יהא ראוי:
46,Niddah,108,0,שבת,אי מה - משא נדה חמור לטמא אבן מסמא אבן גדולה המושמה על הכלים ונדה נשאת עליה מטמאה בגדים שתחת האבן כדאמר בתורת כהנים אף משא דמה חמור לטמא באבן מסמא דיש מטמא במשא ואינו מטמא באבן מסמא במסכת שבת בפרק רבי עקיבא (שבת דף פב:) דאמרינן במשא כולי עלמא לא פליגי דמטמא כי פליגי באבן מסמא דאין משאו אלא בדבר הראוי לינשא אבל גדולה אינה מטלטלת להיות הטומאה נישאת עליה וגבי זב הוא דרבייה קרא:
47,Pesachim,4,0,כריתות,המפלת אור לשמנים ואחד - בכריתות בפרק קמא דקיימא לן זאת תורת היולדת מלמד שמביאה קרבן אחד על ולדות הרבה יכול שתביא על הלידה שלפני מלאות ועל הלידה שלאחר מלאות קרבן אחד ולא יותר תלמוד לומר זאת שאם ילדה לאחר מלאות כגון שטבלה לסוף שבועיים של נקבה ונתעברה והפילה אם תוך מלאות הפילה נפטרת בקרבן אחד ואם לאחר מלאות הפילה כבר נתחייב' בקרבן הראשון קודם לידה שניה ולבסוף מלאות של לידה שניה תביא שתי קרבנות ואם הפילה ליל של כניסת שמונים ואחד שכבר עברה מלאות שלה אבל עדיין אינה ראויה להבאת קרבן שאין קרבן נשחט בלילה:
48,Pesachim,5,0,שבת,כגדי מסנקן - כגדי עייף סינוק לשון עייפות ודומה לו גד גדי וסינק לא בגמרא דשבת בפרק במה אשה יוצאה (שבת דף סז:) התגבר מזלי ואל תהי עייף:
49,Pesachim,9,1,ברכות,לייא - היכן וחבירו בברכות בפרק הרואה (ברכות דף נח.) חצבי לנהרא כגני לייא חרסים שבורים להיכן הולכין:
50,Pesachim,11,2,מנחות,למאן דאמר כלל ופרט המרוחקין אין דנין כו' - ופלוגתא היא במנחות בפרק כל המנחות באות מצה (מנחות דף נה:) ובבבא קמא בהחובל (בבא קמא דף פה.):
51,Pesachim,20,2,מנחות,מאי איכא למימר - הא ליכא התם שינוייא דהא קוצרין קתני ובמגל ולא גזרינן דילמא אתי למיכל ואוקמיה לההיא כר' יהודה במסכת מנחות בפרק ר' ישמעאל (מנחות דף עא.) מדקתני סיפא אנשי יריחו קוצרין לפני העומר כו' ולא מיחו בידם חכמים ואמרינן מאן שמעת ליה דאמר מיחו ולא מיחו ר' יהודה:
52,Pesachim,25,3,מנחות,שתי הלחם של עצרת תלויין בשני כבשי שלמים - דכתיב (ויקרא כ״ג:י״ט-כ׳) ושני כבשים בני שנה לזבח השלמים והניף הכהן אותם על לחם הבכורים תנופה לפני ה' וגמרינן להו מלחמי תודה שאין קדושים אלא בזביחתה במנחות בפרק התכלת:
53,Pesachim,25,0,"ב""ק","כאבוה - בב""ק בפרק מרובה (בבא קמא ד' עו:):"
54,Pesachim,35,0,סוטה,שלישי שפסול בתרומה - לרבנן דפליגי אדר' עקיבא ונפקא לן בקל וחומר מטבול יום ומה טבול יום דמותר בחולין אסור בתרומה שני שפסול בחולין אינו דין שיעשה שלישי בתרומה במסכת סוטה בפרק כשם שהמים בודקין ובקודש דין הוא שיעשה בה רביעי מקל וחומר ממחוסר כפורים:
55,Pesachim,47,1,זבחים,"אשר לה' - קרא יתירה הוא דה""ל למכתב מזבח השלמים וטומאתו עליו וכתיב אשר לה' לרבות אף בשר הקרב לה' שאם אכלו בטומאה ענוש כרת ומשני התם בטומאת הגוף איירי והאי וטומאתו עליו מוקמינן לה בזבחים בפרק ב""ש (זבחים דף מג:) בטומאת הגוף הכתוב מדבר והכא רבינהו לאזהרת טומאת בשר כשנטמאו הם והוא טהור שיהא מוזהר עליהן והכא ליכא כרת אלא לאו דאימעט מכרת בזבחים בפרק ב""ש:"
56,Pesachim,54,1,נזיר,חטאת העוף הבא על הספק - כגון הפילה ספק ולד ספק אינו ולד אינה אוכלת בקדשים שמא ולד הוא עד שתביא כפרתה העולה באה על תנאי אם ילדתי הרי היא לחובתי ואם לאו הרי היא נדבה וחטאת העוף מביאתו על הספק ואין כאן משום חולין בעזרה דמקראי נפיק במסכת נזיר בפרק מי שאמר (נזיר דף כט.) ואסורה באכילה שמא חולין היא ומליקתה שויה נבילה ופליגי בה רבי יהודה ורבנן בפרק בתרא דתמורה חטאת העוף הבא על הספק תשרף רבי יהודה אומר יטילנה לאמה:
57,Pesachim,60,0,ערכין,ואתי מלוה ופריק - מן ההקדש בדבר מועט כדי שלא יאמרו הקדש יוצא בלא פדיון וגובה חובו כדתנן בערכין בפרק שום היתומים הקדיש בתשעים מנה והיה חובו מאה מנה מוסיף מלוה זה על הלואתו דינר ופודה את הנכסים הללו מיד הקדש בדינר זה ונוטלן בחובו ודינר דיהיב מפרש טעמא התם שלא יאמרו הקדש יוצא בלא פדיון ואף על גב דאמר רבא (כתובות דף נט:) הקדש חמץ ושיחרור מפקיעין מידי שיעבוד דוקא קדושת הגוף קאמר רבא כגון קונמות או בהמה לקרבן או בגד שפירסו על המת כי ההיא דיבמות (דף סו:) גבי איצטלא דמילתא דפירסוה יתמי אמיתנא דהוה משתעבד לכתובת האשה דאמר רבא קנייא מיתנא אבל קדושת דמים לא אמרינן:
58,Pesachim,68,1,מנחות,"חייבת בחלה - דמין דגן הוי ואע""ג דחלת לחם כתיב בה וגמר לחם לחם מלחם עוני במנחות בפרק ר' ישמעאל (מנחות דף ע:) אורז נמי לחם הוא:"
59,Pesachim,70,1,מנחות,"מרור אינו בכורים - דתנן (בכורים פ""א מ""ג) אין מביאין בכורים אלא מז' מינין דכתיב מארצך משבח ארצך במנחות בפרק כל קרבנות (מנחות דף פד.) ולקמן במקום שנהגו (פסחים דף נג.):"
60,Pesachim,75,0,מנחות,רביעית היא - חצי לוג שמן מביא לתודה וחוצהו חציו לעשר חלות ועשר רקיקין וחציו לרבוכה במסכת מנחות בפרק שתי מדות (מנחות דף פט.) ובנזירות לא היתה רבוכה אלא חלות ורקיקין ולא היה מביא אלא רביעית כדאמרינן נמי התם הלכך רביעית שמן לעשרים חלות גדולות שנעשות משבע עשרונות פחות שליש עשרון שזה הוא שיעורן כדאמרינן התם בהתודה אין כאן עושר:
61,Pesachim,109,2,מנחות,"וכורכין את שמע - מפרש בגמרא: וקוצרין לא גרסינן דהא היתר גמור הוא דקיימא לן במנחות בפרק רבי ישמעאל (מנחות דף עא.) ממקום שאי אתה מביא אתה קוצר ותבואת יריחו של עמקים היא ואינה כשירה למנחות דתנן (שם פה.) אין מביאין סולת למנחה לא מבית השלחין ולא מבית העמק וכו' ולהכי אינה כשירה לעומר דאין מנחות באה ממנו דבעינן משבח ארץ ישראל דילפינן התם ג""ש ארץ ארץ:"
62,Pesachim,114,2,"יומא, סדר יומא",ר' ישמעאל סבר מוספין קודמין - לסילוק בזיכין והקטרתן וזמן מוספין אורחייהו בשש דכתיב בהו יום ולא כתיב בהו בקר דכתיב דבר יום ביומו וקיימא לן בסדר יומא בפרק אמר להן הממונה (דף לד.) בקר הוי הקדמה ויום משמע איחור:
63,Pesachim,116,0,"יומא, סדר יומא",תמיד קודם לקטרת וקטרת קודם לנרות - טעמא מפרש בסדר יומא בפרק אמר להן הממונה:
64,Pesachim,116,0,זבחים,וקיימא לן - בזבחים בפרק כל התדיר (זבחים דף צ.) דהאי בנין אב לא איצטריך אלא לחטאת העוף הבאה עם עולת בהמה כגון יולדת עשירה שמביאה עולתה בהמה וחטאתה עוף שתקדים חטאת לעולה:
65,Pesachim,121,0,מנחות,וכי תימא מאי חומרא דזריקה - משחיטה דמוקמית קולא דמקצת ערלה לא פסלה אשחיטה אבל זריקה אפי' מקצתה פסלה היינו חומרא דילה דלא מקיים פיגול אלא בזריקה אם חישב באחת מארבע עבודות על מנת לאכול הימנו כזית חוץ לזמנו פיגול הוא וחייבין עליו כרת אפילו אכל ממנו תוך זמנו כדכתיב (ויקרא ו) והנפש האוכלת ממנו עונה תשא ובלבד שיעשו כל עבודות שלאחריה שלא בפסול אחר אלא או בשתיקה או בכשרות על מנת תוך זמנו או על מנת פיגול כמותה אבל חישב באחת מעבודות שלאחריה פסול אחר כגון חוץ למקומו שוב אין בו כרת כדאמרי' בזבחים (דף כח:) ובמנחות בפרק שני (דף טז.) הרצאה כתיבה בפיגול נאמר לא ירצה בפיגול ונאמר בכשר מיום השמיני והלאה ירצה כהרצאת כשר כך הרצאת פיגול מה הרצאת כשר עד שיקרבו כל מתיריו בכשרות אף הרצאת פיגול עד שיקרבו כל מתיריו או בפיגול או בכשרות אלמא לא מיקבע וודאי של פיגול אלא בזריקה שהיא סוף העבודה דכל שעתא קאי בספק שמא יחשב פסול אחר בעבודה הבאה ויפקיע שם פיגול ממנו:
66,Pesachim,127,0,זבחים,מאן תנא פסח בזריקה - למרחוק ולא בשפיכה בנחת מקריב הכלי לכותל המזבח דאיכא למאן דאמר בפרק בתרא (דף קכא.) פסח בשפיכה ורבי ישמעאל היא דמפיק ליה מודם זבחיך ישפך במסכת זבחים בפרק בית שמאי אין לך קרבן שצריך מתנה באצבע אלא חטאת בלבד אבל כל שאר קרבנות מתן דם על ידי זריקת כל הכלי:
67,Pesachim,128,0,זבחים,שמא לא נתקבל בכלי - אותו שאתה רוצה להכשיר שמא לא נתקבל בכלי ותו לא מהניא ליה זריקה דתנן נשפך מצואר בהמה על הרצפה ואספו פסול בזבחים בפרק שני (דף טו.):
68,Pesachim,129,1,זבחים,אלא ר' יהודה לטעמיה דאמר אין דם מבטל דם - הלכך לא בטיל ההוא דאישתפיך ובכל פורתא דמטי מיניה למזבח זריקה היא ומיתכשר ומילתיה דרבי יהודה בזבחים בפרק כל הזבחים שנתערבו דקתני גבי דם זבחים דם שנתערב במים אם יש בו מראית דם כשר נתערב בדם בהמת חולין או בדם חיה רואין את הפסול כאילו היה מים ואם יש בכשר כדי להיות בהן מראית דם כשר ואם לאו פסול ר' יהודה אומר אין דם מבטל דם:
69,Pesachim,132,0,נדה,לרבות טמא שרץ - לשילוח והוא הדין לנוגע בנבילה וכל טמאי מגע וכיון דכתב רבוייא לטמאי מגע לא איצטריך למיכתב זב דחמיר מטמא שרץ שהרי טומאה יוצאה עליו מגופו זב אינו מטמא מחמת אונס אם ראה מחמת מאכל ומשתה או חולי או קפיצה כדאמר במסכת נדה בפרק בנות כותים (נדה דף לה.) מבשרו ולא מחמת אונסו ומשנינן כי האי גוונא זב טמויי נמי מטמא כגון טומאת טמאי שרץ שאינו אלא טומאת ערב:
70,Pesachim,135,1,עירובין,הא - דעירובין ביד ומתניתין בכלי דהוי מלאכה גמורה ובעירובין בפרק בתרא איתא נמי כולה הך סוגיא ומקשינן התם והא גבי שבות תני לה דקתני אלו שמשום שבות לא אידחו כו' אלמא לאו בכלי קאי:
71,Pesachim,144,0,"חולין, שחיטת חולין",השוחט חטאת - גר' ובשחיטת חולין בפרק שני מפרש אמאי נקט חטאת:
72,Pesachim,151,0,יומא,כיון דקרבן ציבור הוא - אף על גב דכל יחיד ויחיד מיחייב קרי ליה קרבן ציבור משום דאתיא בכינופיא באסיפת חברים ברגל במסכת יומא בפרק הוציאו לו (יומא דף נא.):
73,Pesachim,179,0,שחיטת קדשים,מתני' האונן - שמתו מוטל לפניו כדאמרי' בשחיטת קדשים בפרק טבול יום (זבחים דף ק:) איזהו אונן כל זמן שלא נקבר:
74,Pesachim,180,1,שחיטת קדשים,"שהיא בלא תעשה - אבל כרת דשחוטי חוץ ליכא ובשחיטת קדשים בפרק בתרא (זבחים דף קיד:) מוקי לה בקודם חצות דמחוסר זמן הוא להתקבל בפנים דכתיב אשר ישחט מחוץ למחנה ואל פתח אהל מועד לא הביאו הראוי לפתח אהל מועד חייב עליו ושאינו ראוי לאהל מועד אינו חייב עליו ויליף מהכא דמחוסר זמן בחוץ אע""פ שאינו בכרת בלא תעשה מיהא הוי הואיל וראוי לבא לאחר זמן:"
75,Pesachim,192,1,תמורה,דריש לקיש - במס' תמורה בפרק ולד חטאת (תמורה דף כב.) והתם מותיב לה ממתניתין דהתם דקתני ושעברה שנתה כו' ומתרץ לה דהכי קתני שעברה שנתה ואבדה [או אבדה] ונמצאת בעלת מום:
76,Menachot,7,1,נזיר,יפלו לנדבה - לשופרות דהלכה היא בנזיר למשה מסיני וכן מפרש בנזיר בפרק מי שאמר הריני נזיר ושמע חבירו כו' (דף כד:):
77,Menachot,9,0,זבחים,פגימת המזבח מההיא קרא נפקא וזבחת עליו את עולותיך (שמות כ׳:כ״א) בזמן שהוא שלם כתיב עליו כולו במשמע במסכת זבחים בפרק קדשי קדשים (זבחים דף נט.) ואם פיגל בקומץ בשעת פגימת המזבח לאו פיגול הוא ואם יתקן המזבח באותו היום יקטירנו:
78,Menachot,10,0,בכורות,מקריבין כקריבין - דמום פסול בכהן כמו בזבח אבל טריפות לא פסיל בכהנים דתנן בבכורות בפרק מומין אלו (בכורות דף מה:) ואלו כשרין באדם ופסולין בבהמה אותו ואת בנו וטריפה ויוצא דופן להכי איצטריך קרא:
79,Menachot,11,0,נדה,תנא אזאת תורת העולה סמיך - כדאמר במסכת נדה בפרק יוצא דופן (נדה דף מ:) תורה אחת לכל העולין שאם עלו לא ירדו והאי דנקט במה קצת סמכא בעלמא היא אבל עיקר טעמא מהתם יליף:
80,Menachot,31,1,יומא,"בד' פרים וד' שעירים - פר ושעיר פנים וחישב עליו ונשפך הדם לאחר הזאות פנים והביא פר ושעיר א' להיכל וא' למזבח לשבע הזאותיו וכן לקרנות דבכל א' קרבו מתירין דהא כולם כשרים וא""צ לחזור ולהזות מן השני בפנים ובמקום שפוסק הוא מתחיל כדאמרינן במסכת יומא בפרק הוציאו לו (יומא דף סא.):"
81,Menachot,34,0,סוכה,הא מפני - הא משמע לשון טעם כלומר הרי מפני שרבי יהודה בנו של רבי אילעאי ורבי אילעאי תלמידו של רבי אליעזר כדאמרי' במסכת סוכה בפרק הישן (סוכה דף כז:) מעשה ברבי אילעאי שהלך להקביל פני ר' אליעזר כו':
82,Menachot,35,0,מנחות,ממנחת ישראל - דיציקה במנחת ישראל כתיב וגמרי' מינה שאר מנחות בפרק אלו מנחות (לקמן מנחות דף עה.) דדרשינן ויצקת עליה שמן מנחה לרבות כל המנחות לקמיצה וליציקה:
83,Menachot,39,0,זבחים,דם נפסל בשקיעת החמה - דאינו ראוי לזרוק בלילה דכתיב ביום צוותו את בני ישראל להקריב וגו' (ויקרא ז׳:ל״ח) ודם למחר נפסל בלינה כדאמרינן במס' זבחים בפרק איזהו מקומן (זבחים דף נו.) מנין לדם שנפסל בשקיעת החמה תלמוד לומר ביום הקריבו את זבחו וגו' והתם יליף לה שפיר וכן קומץ דלעיל מביום צוותו כתב זאת התורה לעולה ולמנחה וגו' אבל אברי עולה הותרו להקריב כל הלילה כדאמרינן בהאי פירקין (דף כו:) מנלן מבא השמש כלומר לאחר בא השמש ומקטירן כל הלילה:
84,Menachot,49,1,יבמות,"במזיד אין תרומתו תרומה - דרבנן קנסוהו משום דהזיד ופליגי בה אמוראי ביבמות בפרק האשה איכא למ""ד אין תרומתו תרומה לתקן את השירים אבל תרומה הוי:"
85,Menachot,53,0,שחיטת קדשים,"שאם חיסר [אחת] מהן לא עשה כלום - אין לי אלא מתן שבעה דפרכת הוא דעיכבו שהן מתן שבע מעכבין בכל מקום כגון פרה אדומה ובהזאה דמצורע והכי מפ' לה בזבחים בפ' ב""ש (זבחים דף לט.) מנין לרבות במזבח הזהב שאם חיסר פסל אע""ג דשאר ד' מתנות דמזבח החיצון לא מעכבין כדאמרי' בשמעתא קמייתא דסנהדרין (ד' ד:) וכפר וכפר וכפר אפי' ג' מתנות ואפי' ב' ואפי' אחת ת""ל כן יעשה מרבינן כל עשיותיו שיעכבו מרישיה דקרא ועשה לפר (ועשה הא) דרשינן (אלא) לפר לרבות פר יה""כ ובשחיטת קדשים בפרק ב""ש פריך למאי הילכתא אי נימא לעכב פשיטא חוקה כתיב בה ומשני לה התם לשפיכת שירים דלא כתיבי בפר יה""כ ועוד מילי אחרנייתא כאשר עשה לפר לרבות פר כהן משיח שאם חיסר אחת ממתנותיו פסל החטאת לרבות שעירי עבודת כוכבים של ציבור כדכתיב בפרשת שלח לך וכי תשגו וגו' בעבודת כוכבים מדבר ואותן שעירים טעונין הזייה על הפרכת ועל מזבח הזהב דדרשי' בת""כ דהאי חטאת לרבות שעירי עבודת כוכבים:"
86,Menachot,67,1,סנהדרין,ולמאן דאמר - בסנהדרין בפרק נגמר הדין (סנהדרין דף מז:):
87,Menachot,78,1,יבמות,לפי שאין בקיאין - לדרוש סמוכין דכלאים בציצית מותר ואתו למישרי כלאים בכל מקום ואי קשיא כיון דמדאורייתא חייב היכי מצו רבנן לעקור דבר מן התורה ולמיפטריה מציצית משום גזירה (היא) הא אותיבנא ביבמות בפרק האשה רבה (יבמות דף צ:) ומשנינן דכל דבר שאמרו לך בית דין שב ולא תעשה מצות עשה זו שבתורה וראו טעם לדבריהם אין זה עוקר דבר מן התורה דממילא מיעקר ולא איהו עקר לה בידים:
88,Menachot,80,0,בבא קמא,אלא הכי קאמר ליה טצדקי למיפטר עצמך מציצית - תבקש תחבולות לפטור עצמך מציצית. טצדקי תחבולות וחבירו בבבא קמא בפרק הכונס (בבא קמא דף נו.) כל טצדקי דאית לה למיעבד עבדה:
89,Menachot,87,0,ערכין,על הנסכים אומרים שירה - הלוים במס' ערכין בפרק אין נערכין (ערכין דף יא.):
90,Menachot,95,0,נזיר,ושאר שלמי נזיר - דלעיל מיניה קאי אקרבנות נזיר בתוספתא דנזיר בפרק נזיר שאכל אחד מכל האיסורין וקתני הראויין לבוא בן שנה והביאו בן שתים שתים והביאו בן שנה תגלחתו פסולה וזבחיו לא עלו לו ושאר שלמים כגון שלמי נזיר דחובה הן ששחטן שלא כמצותן שלא לשמן ולאידך לישנא בן שנה דשלמי נזיר איל כתיב בהו ואיל בן שתי שנים:
91,Menachot,96,0,נדה,תנא אזאת תורת העולה קאי - תורה אחת לכל העולים שאם עלו לא ירדו במסכת נדה בפרק יוצא דופן (נדה דף מ.) והאי דנקט במה אסמכתא וסימנא בעלמא:
92,Menachot,101,0,שקלים,ז' דברים - במסכת שקלים בפרק מעות שנמצאו:
93,Menachot,116,1,יומא,פיגולא - בשירי עומר נוהג פיגול שהרי קומץ מתירן ובלחם הפנים נוהג פיגול דבזיכין מתירין אותו וקיימא לן במסכת יומא בפרק הוציאו לו (יומא דף ס.) כל דבר שיש לו מתירין בין לאדם בין למזבח נוהג בו פיגול אבל מנחת כהנים כולה כליל ואין לה מתירין ואין פיגול נוהג בה:
94,Menachot,133,2,עירובין,דאפי לה פחות מה' רבעים קמח ועוד - דלא מחייב בחלה דזהו שיעור עיסה לחלה במסכת עירובין בפרק כיצד משתתפין (עירובין דף פג:):
95,Menachot,142,0,יבמות,"[רבו של אביו] - ר""ש תלמידו של ר""ע כדאמר ביבמות בפרק הבא על יבמתו (יבמות דף סב:) והיה העולם שמם עד שבא ר""ע כו':"
96,Menachot,190,0,יומא,מסוכן הוא - שאחזו בולמוס ותנן מי שאחזו בולמוס מאכילין אותו עד שיאורו עיניו אפילו ביום הכפורים ביומא בפרק בתרא (דף פג.):
97,Menachot,198,0,"יומא, סדר יומא","והורידו כ""ג כו' - מפרש בסדר יומא בפרק שלישי (דף כט.) היכא קאי:"
98,Menachot,209,0,שחיטת קדשים,"ואע""ג דאמר מר - בשחיטת קדשים בפרק כל הזבחים שנתערבו בחטאות המתות (דף עו:):"
99,Menachot,214,0,שקלים,מותר לחמי תודה ירקב - דלאו חטאת איקרו ונדבת יחיד לא קרבי דבפני עצמו אי אפשר להקריבו שלא מצינו לחם קרב בפני עצמו ועם תודה אחרת אי אפשר להקריבו שהרי אין תודה קריבה בלא לחמה והכי מפרש בשקלים בפרק שני:
100,Sukkah,96,1,זבחים,רבי יוסי בר יהודה אומר אף הסובב - מעכבו דקסבר כרכוב המזבח זהו הסובב והרי נאמר בו המזבח ורבנן סבירא להו זהו הכיור והכי אמרינן בזבחים בפרק קדשי קדשים (שם):
101,Yoma,10,0,נדה,"כמאן כרבי עקיבא דאמר הרואה דם מטמאה את בועלה - למפרע כל מעת לעת כשם שגזרו שמטמאה טהרות מעת לעת למפרע ופלוגתייהו במסכת נדה בפרק כל היד (נדה דף יד.) והכי תנן דרך בנות ישראל משמשות בשני עדים אחד לו ואחד לה נמצא על שלו טמאין שניהן כל שבעה דודאי היה דם בשעת ביאה שאין דרך האיש לצאת ממנו דם נמצא על שלה אותיום והוא לשון מיד בלשון יוני שקנחה בפרישת יציאת השמש מיד טמאים ודאי נמצא לאחר זמן כלומר שהרחיקה בדיקה טמאים מספק ואיזהו אחר זמן כדי שתרד מן המטה ותדיח את פניה של מטה ואח""כ מטמאה מעת לעת ואינה מטמאה את בועלה והכי פירושה ואם יותר מכאן שהתה לבדוק ואח""כ בדקה ומצאה הרי היא כשאר נשים לטמא למפרע טהרות של מעת לעת ואינה מטמאה את בועלה שלא גזרו טומאת מעת לעת לענין טומאת בועלה ר""ע אומר אף מטמאה בועלה:"
102,Yoma,16,0,סוטה,לפי ששלח - יוחנן כהן גדול שגזר על הדמאי בסוטה בפרק עגלה ערופה (סוטה דף מח.):
103,Yoma,26,0,זבחים,הניחא למאן דאמר כו' - פלוגתא היא בזבחים בפרק התערובת (זבחים דף פ.):
104,Yoma,40,1,זבחים,שברי כלי חרס - שמבשלים בהן קדשי קדשים ובליעתן נאסרת משום נותר וטעונין שבירה כדכתיב (ויקרא ו׳:כ״א) וכלי חרש אשר תבושל בו ישבר ושבירתו במקום קדוש כדאמרי' התם בזבחים בפרק דם חטאת (זבחים דף צג:) ואם אין נבלעין נמצאו אשפתות של שברים בעזרה:
105,Yoma,66,1,פסחים,תנאי היא - רבי ישמעאל ורבי עקיבא פליגי בה בפסחים בפרק תמיד נשחט (פסחים דף נח.):
106,Yoma,73,0,גיטין,שמע מינה כו' - ופלוגתא היא במסכת גיטין בפרק הניזקין (גיטין דף ס.):
107,Yoma,112,0,זבחים,הניחא למאן דאמר וכו' - פלוגתא בזבחים בפרק איזהו מקומן (זבחים דף נז.):
108,Yoma,119,1,זבחים,והאמר רבי יוחנן - במסכת זבחים בפרק השוחט והמעלה בחוץ (שם קיא.) תנא רבי נחמיה כדברי האומר שירים מעכבי דקאמר רבי נחמיה התם שירי הדם שהקריבן בחוץ חייב אלמא עבודה הן בפנים וקרינן בהו (ויקרא י״ז:ט׳) ואל פתח אהל מועד לא יביאנו וגו' ונכרת:
109,Yoma,121,0,סנהדרין,אין לו טהרה עולמית - דבעינן קרא כדכתיב ופליגי בסנהדרין בפרק נגמר הדין:
110,Yoma,147,0,כריתות,הא דאמר רב אידי בר אבין - בכריתות בפרק דם שחיטה (כריתות דף כא.) אף כל לאתויי כוי דקתני התם כל דם לא תאכלו לעוף ולבהמה מה עוף ובהמה מיוחדים וכו':
111,Yoma,148,1,סוטה,דאמר מר - במסכת סוטה בפרק קמא (דף א:):
112,Sotah,28,0,מנחות,חטאתו ואשמו של מצורע - איתרבו בהדיא לנסכים במסכת מנחות בפרק שתי מדות (מנחות דף צא.):
113,Sotah,28,1,ערכין,על שבעה דברים נגעים באין - ומפרש להו בערכין בפרק יש בערכין (ערכין דף טז.):
114,Sotah,39,0,פסחים,שמא תפרוס נדה - אגב ביעתותא דמים המרים והנדה והזב והזבה ובעל קרי אסורים במחנה לויה כדילפינן בפסחים בפרק אלו דברים (פסחים ד' סז.):
115,Sotah,46,2,כתובות,"ולא נוטלת כתובתה - ואע""ג דשאר אלמנה לכ""ג לא קנסוה רבנן כתובה כדאמרינן בכתובות בפרק אלמנה נזונית (דף ק:) זו אין לה דסתירתה גרמה לה ליאסר עליו ואפי' היא ראויה לו הלכך לאו בת כתובה היא דלא עדיפא מכשרה:"
116,Sotah,48,0,כתובות,עוברת על דת - יהודית שאינה צנועה יוצאה וראשה פרועה וטווה בשוק ומדברת עם כל אדם דאמר בכתובות בפרק המדיר (כתובות דף עב.) דיוצאה שלא בכתובה:
117,Sotah,88,0,"ב""מ","זכה ביה - ותו לא הוי שכחה דבעינן שכוח מעיקרו כדאמר בב""מ בפרק קמא (דף יא.):"
118,Shevuot,7,0,סנהדרין,"דדריש ריבויי ומיעוטי - מדרשא דריבויי ומיעוטי נפקא ליה בפ""ג (לקמן שבועות כו.) שלא היה דורש את התורה במשמעות כללות ופרטות אלא במשמעות רבויין ומיעוטין וגבי שבועות הכי דריש נפש כי תשבע ריבה כל השבועות להרע או להיטיב מיעט את הריבוי ולימד שאינו חייב אלא על הדומה למיעוט שיהא להבא כמותו ולא דדריש ליה במשמעות כלל ופרט דנימא להרע או להיטיב פירושו של כלל הוא ואין לך להביא בו אלא הוא לבדו הרעה והטבה ולא שאר דברים ואפילו להבא שאינו הרעה והטבה שכל הדורש התורה כלל ופרט אית ליה אין בכלל אלא מה שבפרט וכי הדר אתי כללא אחרינא בתר פרטא כי הכא דכתיב בתריה לכל אשר יבטא וגו' די לך אם תוסיף על הפרט בכלל אחרון דברים שאין בהן הרעה והטבה ויהיו כעין הפרט בלהבא ולא לשעבר שאינו דומה לפרט כלל דלהכי אהני כלל קמא למעוטי והיינו דאומר כלל ופרט וכלל אי אתה דן אלא כעין הפרט כלומר דן אתה להוסיף על הפרט ע""י כלל האחרון אבל אי אתה דן להוסיף עליו אלא הדומה לו אבל הדורש בריבה ומיעט אין הפרט פירושו של כלל אלא ממעטו במקצת כלומר לא את הכל ריבה בריבוי הראשון אלא זה וכיוצא בו בלא ריבוי בתרא משתמע ליה זה וכיוצא בו הלכך כי אתא ריבוי אחרינא בתריה לרבות בא ואפי' שלא כעין הפרט ולא מיעט המיעוט אלא דבר אחד הראוי להוציא מן הכלל הזה יותר מן הכל ור""ע הכי דריש בפ""ג להאי כי תשבע ואינו ממעט מן המיעוט אלא נשבע לבטל את המצוה פרט הוא לשון פירוש לפיכך כלל ופרט אין בכלל אלא מה שבפרט מיעוט אינו פירוש אלא ממעט את משמעות הכלל במקצת ומשייר את כל הדומה למיעוט כך מפורש בסנהדרין בפרק נגמר הדין (סנהדרין דף מו.) גבי והומת ותלית דריבה ומיעוט לחודיה מביא כל כעין הפרט בלא רבויא בתריה ורבי נמי דריש ריבוי ומיעוט כלומר שמעי' ליה בעלמא שדורש את התורה במשמעות ריבוי ומיעוט ולא במשמעות כלל ופרט:
"
119,Shevuot,12,1,מנחות,"אחת לכלל - ההיא דאל הקדשים שכלל את הכל ואחת מן השתים לפרט ומדה זו נדרשת בתורת כהנים בתחלת הספר דבר שהיה בכלל ויצא מן הכלל ללמד כו' כיצד והנפש אשר תאכל מבשר זבח השלמי' וגו' והלא שלמים בכלל כל הקדשים היו ולמה יצאו להקיש אליהם מה שלמים מיוחדין קדשי מזבח אף כל קדשי מזבח יצאו קדשי בדק הבית שאין חייבין עליהן משום טומאה וא""ת למה אין נידונים בכלל ופרט ואין בכלל אלא מה שבפרט שלמים אין מידי אחרינא לא משום דמרוחקין זה מזה בשני ענינים וכך מפורש במנחות בפרק כל המנחות באות מצה (מנחות דף נה:) דהיכא דפרט מרוחק מן הכלל נידון במדה זו ללמד על הכלל וכו' ואם תאמר מה בין זו למדת כלל ופרט וכלל שאתה דן כעין הפרט הרבה יש שמדת כעין הפרט באה להוסיף על הפרט בכלל אחרון דברים אחרים שאין כתובין בו וזו באה לגלות על הפרט ולא להוסיף עליו ודברים רבים למידין במדה זו שאינן באין במדת כעין הפרט כגון בהבערה שאנו אומרים לחלק יצאתה ובמדה זו היא באה הבערה בכלל היתה ולמה יצאה להקיש אליה ולגלות על כל. הכלל שכשם שחייב על הבערה בפני עצמה כך חייב על כל אב מלאכה שבכלל בפני עצמו:"
120,Shevuot,12,0,זבחים,"ולר""ש דאמר כו' - במסכת זבחים בפרק ב""ש (זבחים דף מה:):"
121,Shevuot,13,0,סנהדרין,במזיד ולא אתרו ביה - ואינו נהרג בלא התראה כדאמרי' בסנהדרין בפרק היו בודקין (סנהדרין דף מא.):
122,Shevuot,14,0,נדה,ולרבי שמעון דאמר כו' - במסכת נדה בפרק המפלת (נדה דף לא:):
123,Shevuot,14,0,ערכין,ז' דברים - מפרש במסכת ערכין בפרק יש בערכין אלמא על חטאת אתי קרבן דיליה:
124,Shevuot,17,0,זבחים,"שעיר ושעיר - שעיר הוה מצי למיכתב בכולהו וכתיב ושעיר וי""ו מוסיף על ענין ראשון להקיש ומהו ההיקש איתקוש שעירי הרגלים לשל ר""ח והוא כבר למד בבנין אב מיוה""כ ודבר הלמד בבנין אב חוזר ומלמד בהיקש כל המלמד בכל המדות חוזר ומלמד חוץ מהלמד בהיקש שאין חוזר ומלמד בהיקש בקדשים והכי אמרינן בזבחים בפרק איזהו מקומן (זבחים דף מט:):"
125,Shevuot,21,0,זבחים,"וכן שעירי ע""ז - צבור שחטאו בע""ז בהוראת ב""ד מביאין פר לעולה ושעיר לחטאת כדכתיב בפרשת שלח לך ואותו שעיר מתן דמו על הפרוכת ועל מזבח הזהב כדאמר בזבחים בפרק ב""ש (זבחים דף לט:):"
126,Shevuot,21,1,תמורה,"דר""ש - במסכת תמורה בפרק בתרא (דף לב:):"
127,Shevuot,21,0,מנחות,"פרה מטמאה טומאת אוכלין - אע""ג דאית ליה לר""ש איסורי הנאה אין מטמאין טומאת אוכלין ויליף ליה מכל האוכל אשר יאכל אוכל שאתה יכול להאכילו לאחרים קרוי אוכל ושאין אתה יכול להאכילו לאחרים אין קרוי אוכל במסכת מנחות בפרק המנחות והנסכים (מנחות דף קא:) ופרה איסורי הנאה היא:"
128,Shevuot,29,1,יבמות,"אין בנין בית המקדש דוחה את יום טוב - כדאמרינן ביבמות בפרק קמא (דף ו.) יכול יהא בנין בית המקדש דוחה שבת ת""ל את שבתותי תשמורו ומקדשי תיראו אני ה' כולכם חייבין בכבודי אתם והמקדש חייבין בכבודי שהזהרתי על השבת וימים טובים נמי שבתות איקרו:"
129,Shevuot,35,2,נדה,עונה - במסכת נדה מפורש או יום או לילה אם וסתה ביום יפרוש כל היום ואם וסתה בלילה יפרוש כל הלילה והכי מפרש לה במסכת נדה בפרק האשה (דף סג:):
130,Shevuot,51,0,שבת,כמונבז - במסכת שבת בפרק כלל גדול:
131,Shevuot,82,2,כתובות,וכדאבימי בריה דרבי אבהו - גרסינן והוא במסכת כתובות בפרק הכותב (כתובות דף פה.) דמטא כי האי מעשה לידיה:
132,Shevuot,82,0,"ע""ז","אימור דאמרי זיל בתר רוב דעות הני מילי לענין אומדנא - דשומא כדאמר במסכת ע""ז בפרק השוכר (דף עב.) א""ל כדשיימי בתלתא אפי' תרי מגו תלתא כדאמרי בי תלתא עד דאמרי בתלתא כדשיימי בד' עד דאמרי בד' וכ""ש כדאמרי בארבעה:"
133,Shevuot,89,0,"ב""מ","אי הכי - דבעה""ב טרוד ושמא שכח אפי' תבעו שכיר לאחר שעבר זמן גבייתו המפורש בב""מ בפרק המקבל (בבא מציעא דף קו:) שכיר יום גובה כל הלילה שכיר לילה גובה כל היום לישבע נמי שכיר ולשקול:"
134,Temurah,6,0,סנהדרין,"לא תקלל חרש - דמשמע בין קללה סתם בין קללה שבשם דקאי לאו עלה וקאתא קרא ליראה את השם לאשמועינן דלוקה שנאמר והפלא ה' את מכותך. ע""א לא מצית אמרת דלא יתכפר במלקות גרידתא דודאי מתכפר במלקות לחודיה דהא כתיב לא תקלל חרש וילפינן בסנהדרין בפרק ארבע מיתות (סנהדרין דף סו.) ג""ש מהאי לאו דכתיב גבי אומללין כגון לא תקלל חרש שהוא גרוע שבכולן וכתיב גבי נשיא ונשיא בעמך לא תאור וכי היכי דהתם ליכא אלא מלקות גרידתא הכי נמי באומללין סגי ליה במלקות גרידתא ומוקמי ליה התם במקלל בשם דקא גמר ממקלל אביו דכתיב ביה בנקבו שם הלכך לא מצית אמרת דלא תיסגי ליה במלקות ולא מפי מורי אלא מפי ר' יצחק בר' מנחם ז""ל:"
135,Temurah,9,1,בכורות,ותנן - בפ' אלו קדשים (לקמן תמורה דף כא.) מה בין בכור ומעשר לשאר כל הקדשים כל פסולי המוקדשין נשחטין באיטליז ובשוק ונמכרין באיטליז ונשקלין בליטרא לימכר כשאר חולין ולא חיישינן לבזיון קדשים לפי שהנאתו להקדש כדאמרינן בבכורות בפרק כל פסולי המוקדשין (בכורות דף לא:) דאי שרינן ליה לאדם הפודה את פסולי קדשים למכרן בשוק יקפצו עליהן לוקחין ויפדה ביוקר אבל בכור ומעשר הנאתן לבעלים הנאת בכור לכהן והנאת מעשר לבעלים ומשום הרווחה דידהו לא מזלזלינן בקדשים:
136,Temurah,9,0,יומא,"ורבא - מהתם לא נפקא דלא מערב להו אלא נותן מזה בפני עצמו ומזה בפני עצמו וסבר לה כר' (יוחנן) [יונתן] דאמר במס' יומא בפרק הוציאו לו (יומא דף נז:) אין מערבין דם פר ושעיר לקרנות מזבח הפנימי אלא נותן זה בעצמו וזה בעצמו:
"
137,Temurah,11,0,בבא קמא,"בשינוי קונה - דאביי סבר שינוי ששינה ועבר על דעת המקום קונה בר מהיכא דכתיבי קראי ולרבא לא קני אלא היכא דכתיבי קראי. ולא איתפרש לן דליהוי מידי בינייהו אלא תירוצי דהני תיובתא דמר אית ליה דמשום דמהני ולא מהני הוא ומר אית ליה משום טעמא דקראי. ונ""ב דמצינו למימר בשינוי קונה כגון גוזל עצים ועשאן כלים צמר ועשאן בגדים דלאביי קנה ואינו משלם אלא עצים וצמר ולרבא לא קנה ומשלם הבגדים והכלים וכי פרכינן לעיל לרבא מהא דקתני הגוזל עצים ועשאן כלים כו' לא תימא שאני התם דכתיב אשר גזל אלא הכי תימא אנא דאמרי כמאן דאמר שינוי לא קני דפלוגתא היא בבבא קמא בפרק מרובה (בבא קמא דף סו.) ובהגוזל קמא (שם צד.) דאיכא למאן דאמר שינוי קונה ומפיק טעמא מאשר גזל כעין שגזל ואיכא למאן דאמר שינוי לא קני ויליף מוהשיב את הגזילה מכל מקום אם כן מה ת""ל אשר גזל לומר שאינו מוסיף חומש על גזל אביו: "
138,Temurah,14,1,בכורות,"אלא לאו בזמן המקדש - ודידן הוה יהבינן לכהן לאקרוביה ואילו דידהו זכי להו אע""ג דכהן נמי חייבת בהמתו בבכורה כדאמרינן בבכורות בפרק שני במשנה (דף יג.) לא נפטרו אלא מפדיון הבן ופטר חמור הני ירעו משום דבשאר בכורות כהן אינו מפסיד כלום שמקריב הוא עצמו את אימורי בכור ואוכלו אבל הני דאיכא חד דזר אי הוי יהביה בכורם לאקרוביה תו לא אכלי מיניה דבכור תם בזמן המקדש אינו נאכל לזרים כדאמרינן באיזהו מקומן (זבחים דף נו:) הבכור נאכל לכהנים הלכך ירעה ולכשיסתאב יאכלנו במומו דכל חד וחד אמר לכהן אני כהן ובכור אני אוכלנו דכיון דנפל בו מום אין בו אלא איסור גזל והכא איסור גזל נמי ליכא דשמא זה כהן וזכה בו והמוציא מחבירו עליו הראייה:"
139,Temurah,15,1,בכורות,בכור זה נתן לי כהן במומו - אבל כהן לכהן ליכא למימר הכי דכהן המביא בכור להראותו לחכם צריך להביא עדים שנפל בו אותו מום מאליו דאמרינן בבכורות בפרק כל פסולי המוקדשין (בכורות דף לה.) כל מומין הראוין לבא בידי אדם רועי ישראל נאמנים רועי כהנים אינם נאמנים דנחשדו כהנים על הבכורות:
140,Temurah,22,0,פסחים,"אחר אחרון אני בא - שהוא גורם את החימוץ ואם נפל האיסור בסוף אסורה ומתני' אע""ג דלא נפל מעיסה ראשונה לתוך האחרונה אלא כדי חימוץ ונמצא שרוב החימוץ חולין היה אפילו הכי קאסר ליה רבי אליעזר דסבירא ליה זה וזה גורם אסור. ואחר אחרון דקאמר רבי אליעזר לאו דוקא דאי נמי נפל האיסור תחילה ואח""כ ההיתר אם לא קדם וסילק את האיסור אלא הניח וחימצוה בין שניהם אסורה דזה וזה גורם אסור אית ליה לרבי אליעזר בפרק קמא דבכורות (דף ז.) וכן בכל דוכתא והכי שני לה אביי בפסחים בפרק כל שעה (פסחים דף כז.) לא שנו אלא שקדם וסילק את האיסור אבל לא קדם וסילק אסור ואף על גב דפרכינן לה התם בהא מילתא סוף סוף מסקנא דשמעתא היא דסבירא ליה לרבי אליעזר דזה וזה גורם אסור:"
141,Temurah,37,0,"חולין, שחיטת חולין","מחוסר זמן וא""ר שמעון דקדיש - כדאמרינן בשחיטת חולין בפרק אותו ואת בנו (חולין דף פא.) דקתני שהיה רבי שמעון אומר כל הראוי לבא לאחר זמן השוחטו בחוץ עובר בלא תעשה:"
142,Temurah,39,0,מנחות,ולא סומך עליה - דקרבן צבור אין בו סמיכה חוץ מפר העלם דבר של צבור ושעיר המשתלח דגמירי שתי סמיכות בצבור במנחות בפרק שתי מדות (מנחות דף צב.):
143,Temurah,43,0,יומא,"אליבא דמאן דאמר - במסכת יומא בפרק הוציאו לו בכוס אחד עושה את חבירו דיחוי דחטאת שקיבל דמה בארבע כוסות ונתן מן האחת ארבע מתנות כדין חטאת עשאן לאלו דחויין ושיריו נשפכין ליסוד והן נשפכין לאמה (דהא איתכשר בארבע מתנות אבל הכא דאבד האחד) לא תיבעי לך דודאי פסולה החטאת דהתם דכולהו לקמן הוא דהוי הזבח כשר אע""ג דהג' כוסות נשפכין לאמה דהא איתכשר בד' מתנות אבל הכא דאבד האחד כיון דאילו הוה קמן הוי דיחוי לישפך לאמה השתא כי אבד הוי להו תרתי לריעותא כחטאת שעברה שנתה ואבדה והזבח גופיה פסול:"
144,Temurah,54,0,זבחים,"מתני' כל האסורין [לגבי מזבח] אוסרין בכל שהן - אפי' נתערבו אחד באלף כולן אסורין למזבח אם אינו ניכר. וכולהו משכחת להו דאינן ניכרין אבל טרפה לא משכחת לה אלא כדמוקים לה במסכת זבחים בפרק כל הזבחים שנתערבו (זבחים דף עד:) כגון שנתערבה דרוסת הזאב בנקיבת הקוץ אי נמי בולד טרפה ואליבא דר""א דאמר לא יקרב:"
145,Temurah,54,1,"חולין, שחיטת חולין",ובשר בחלב - חתיכת בשר שנתבשלה בחלב ושוב נתערבה באלף חתיכות כולן אסורות ואליבא דמאן דאמר בשר בחלב אסור בהנאה בשחיטת חולין בפרק כל הבשר (חולין דף קיד:):
146,Temurah,62,0,ערכין,וכן חרמי כהנים - אין לו שום חלק בהם ואפי' טובת הנאה משום דאינו רשאי ליתנן אלא לכהן שבאותו משמר ואליבא דמאן דמקיש מטלטלין לחרמי קרקעות בערכין בפרק המקדיש (ערכין דף כח.):
147,Gittin,40,0,כתובות,קטנה - אביה מקבל גיטה כדנפקא לן בכתובות בפרק נערה (כתובות דף מז.) מויצאה והיתה:
148,Gittin,65,0,כתובות,מעשה ועשה רבי - בכתובות בפרק אלמנה ניזונית:
149,Gittin,73,0,כתובות,הרי אלו לא יפרעו - בכתובות בפרק הכותב אלמא לא מהימן לומר היה לי ואבד דעל כרחיך בדטעין היה לי ואבד עסקינן דאי לאו הכי צריכא למימר דשביעית משמטת:
150,Gittin,99,0,כתובות,"כמאן דכתיבי דמי - דתנאי בית דין הוא ומשניסת לו קול יוצא שהוא משועבד לה דתנן לא כתב לה בנן נוקבין דיהוו ליכי מינאי כו' ואת תהא יתבא בביתי כו' חייב שהוא תנאי ב""ד בכתובות בפרק נערה (כתובות דף נב:):"
151,Gittin,106,0,ביצה,"המעשר בשבת - איסור שבות דרבנן היא כדתנן במשילין (ביצה דף לו.) אלו הן משום שבות של מצוה אין מגביהין תרומות ומעשרות דמיחזי כמתקן והך המעשר בשבת סתם משנה היא במסכת תרומות (פ""ב מ""ג) וכן המטביל כליו מטביל נמי איסורא דרבנן היא במסכת ביצה בפרק י""ט (דף יח.) מפני שנראה כמתקן כלי וכל הני רמינן דרבי מאיר אדרבי מאיר דקניס לעיל בדרבנן:"
152,Gittin,127,0,יבמות,אינה מתגרשת - דכתיב ושלחה מביתו מי שמשלחה ואינה חוזרת יצתה זו שמשלחה וחוזרת הכי דרשינן לה ביבמות בפרק חרש שנשא (יבמות דף קיג:) הלכך אפילו בקבלת אביה אינה מתגרשת:
153,Gittin,130,1,"ב""ב","במקצת - ששייר לעצמו שלא נתן כל נכסיו ובעי קנין דהכי קיי""ל בב""ב בפרק מי שמת (בבא בתרא דף קנא:) דכיון ששייר לגרמיה מידי אינו כמצוה מחמת מיתה הואיל וחס על פרנסת עצמו והרי היא כמתנת בריא:"
154,Gittin,149,1,כתובות,"רבי יהודה אומר שמנה עשר חדש - לר' יהודה זמן הנקת תינוק עד שיהו לו י""ח חדשים בכתובות בפרק אע""פ (כתובות דף ס:):"
155,Bekhorot,18,1,כריתות,ואינה צריכה הכשר - הואיל ויש עליה טומאה חמורה לטמא אדם ובגדים אם היה אוכלה ואמר בכריתות בפרק דם שחיטה (כריתות דף כא.) וכי יותן מים וכו' מה זרעים מיוחדין שאין סופן לטמא טומאה חמורה צריכין הכשר אף כל שאין סופן לטמא טומאה חמורה צריכין הכשר ולא שייך הכשר אלא בטומאה קלה דאוכלין וכן מחשבה:
156,Bekhorot,18,2,כריתות,"בכפרים - דעניים הם ואין רגילין לאכול עופות ושומן צריכין מחשבה להאכילן לעובד כוכבים ואם לאו אין מטמאין טומאת אוכלין. וא""ת נבלת בהמה טמאה טומאת אוכלין למה לה הא מטמאה אדם וכלים כ""ש אוכלין תריץ כדאמר בכריתות בפרק דם שחיטה (כריתות דף כא.) דאי איכא פחות מכזית טמאה דאין עליה טומאת נבלות שהרי אין בה שיעור וצירפו לפחות מכביצה אוכלין אם חישב על פחות מכזית זה לאכילה מצטרף עם שאר אוכלין להשלימה לכביצה שאם יגע בהן שרץ יטמאו. והחלב לא גרסינן דליכא למימר ביה אין צריך הכשר דאי בחלב נבלה הא אין מטמא טומאה חמורה דכתיב (ויקרא ז׳:כ״ד) יעשה לכל מלאכה ואמאי לא ניבעי הכשר ואי בשחוטה ומשום שכבר הוכשר הא שנינו בגמ' בהעור והרוטב (חולין קכח.) חזר ר""ע להיות שונה כר' יהודה דהכשר שחיטה לא מהניא לחלב משום דאכתי לאו אוכל הוא דהא דכפרים לאו בר אוכל הוא עד דחשיב עליה ובטהרות במשנה לא גרסינן ליה:"
157,Bekhorot,20,0,עירובין,רבינא קשיא ליה - אמאי מוקמת למימרא דריש לקיש כרבי שמעון הא קיימא לן דרבי יהודה ורבי שמעון הלכה כרבי יהודה בעירובין בפרק מי שהוציאוהו (עירובין דף מו:) וסתם לן תנא דמתניתין כרבי יהודה דאסר לפטר חמור בהנאה דקתני מפריש טלה לאפקועיה לאיסוריה:
158,Bekhorot,21,0,מנחות,כפירותיו - של עובד כוכבים דודאי חלפינהו וצריך להפריש מהן מעשר. האי תנא סבר דאין מירוח העובד כוכבים פוטר ופלוגתא היא במנחות בפרק ר' ישמעאל (מנחות דף סו:):
159,Bekhorot,29,1,תמורה,זכר לרבות את הולד - גבי שלמים כתיב (ויקרא ג׳:א׳) אם זכר אם נקבה תמים וקרא יתירא הוא דנישתוק קרא מיניה ומדלא קבע בה זכר כדקבע בעולה ממילא דנקבה נמי חזיא זכר ונקבה תו למה לי זכר לרבות ולד שלמים. ואי קשיא תיפוק ליה מאשר יהיו לך תריץ תנאי היא איכא דמייתי לה מהכא ואיכא דמייתי לה מהכא והכי מפרש במסכת תמורה בפרק אלו קדשים (תמורה דף יז:):
160,Bekhorot,29,2,תמורה,איכא למאן דאמר - במס' תמורה בפרק אלו קדשים (שם) קדשי ליקרב:
161,Bekhorot,30,0,זבחים,והשוחטן בחוץ פטור - סיפא דברייתא לעיל אקדשים שקדם הקדשן את מומן קאי ואפילו הכי פטור דאין חייבין על שחיטת חוץ אלא על המתקבל בפנים כדתנן בזבחים בפרק פרת חטאת (זבחים דף קיב.) בעלי מומין בין קבועין בין עוברין שהקריבן בחוץ פטור ומפיק טעמא מהאי קרא ואל פתח אהל מועד לא הביאו הא כל שאינו ראוי לבא אל פתח אהל מועד אין חייבין עליו:
162,Bekhorot,32,0,"חולין, שחיטת חולין",כי היכי דפליגי חנניה ורבנן - בשחיטת חולין בפרק אותו ואת בנו (חולין דף עח:) דחנניה מחייב וחכמים פוטרין:
163,Bekhorot,32,2,"חולין, שחיטת חולין","והשני - שנשאר לישראל ירעה עד שיסתאב ואח""כ יאכל דספק בכור הוא הילכך אינו נשחט תמים. ובאותו של כהן לא אצטריך למימר דודאי אינו נשחט עד שיהא בו מום דבזמן הזה מיירי א""נ בזמן הבית מיירי ודכהן לא חזי להקרבה וספק בכור הוא ואיכא למיחש משום חולין בעזרה לפיכך נמי יאכל במומו. והאי דנקט של ישראל ירעה עד שיסתאב משום דבעי למימר וחייב במתנות גבי ישראל דאילו כהן פטור מן המתנות לגמרי כדמפרש בשחיטת חולין בפרק הזרוע והלחיים (חולין דף קלב.) הילכך תנא כולה מתניתין בישראל מיהו דכהן נמי ירעה עד שיסתאב ויאכלנו במומו:"
164,Bekhorot,41,1,תמורה,שכן גואל מום תמורת אכילה - בכור ומעשר אין נפדין דבבכור נאמר (במדבר יח) לא תפדה ובמעשר (ויקרא כז) לא יגאל אבל קדשים נפדין במומן. וקדושין במומן קדושה גמורה מה שאין כן בקדשים כדאמרינן בפירקין דלעיל (בכורות דף יד.) כל הקדשים שקדם מום קבוע להקדשן כו' חוץ מבכור ומעשר. ובכור ומעשר אין תמורתן קריבה דכתיב לא תפדה קדש הם את דמם תזרוק וגו' ואמרינן הן קריבין ואין תמורתן קריבה במסכת תמורה בפרק אלו קדשים (תמורה דף כא.) אבל שאר קדשים תמורתן קריבה כדאמרינן בפירקין דלעיל (בכורות ד' יד:) רק קדשיך אלו התמורות:
165,Bekhorot,42,2,נדה,רבי שמעון אומר הולד נימוק - ומוקמינן התם דטעמא דר' שמעון דאמר הבית טהור משום ביטול ברוב נגעו בה במסכת נדה בפרק המפלת (נדה דף כז.):
166,Bekhorot,44,1,מנחות,דאי אפשר לשחוטה שתיעשה נבילה - ומאן דגריס שאי אפשר לנבילה שתיעשה שחוטה שבשתא היא דהא אפשר לנבילה שתהא לה תורת שחוטה שלא תטמא כלום כגון כי מסרחא לה פרחה טומאה מינה כדאמרינן לקמן הראויה לגר קרויה נבילה והכי מפרש במנחות בפרק הקומץ רבה: 
167,Bekhorot,50,2,עירובין,אבל - באמת וחבירו בעירובין בפרק בכל מערבין (עירובין דף לח.) בסופו:
168,Bekhorot,55,0,"ב""ק","גמ' ר""מ דאין דינא דגרמי - בב""ק בפרק הגוזל עצים (בבא קמא דף ק.) מחיצת הכרם שנפרצה אומר לו גדור נתייאש הימנה ולא גדרה הרי זה קידש וחייב באחריותו. גרמי דגרם לאסור תבואתו של חבירו:"
169,Bekhorot,60,0,נדרים,כדאמר רב חסדא אמר רבי יוחנן ביחיד מומחה - במסכת נדרים בפרק נערה המאורסה (נדרים דף עח.):
170,Bekhorot,77,1,מנחות,אחד מארבעה בטפח - לפי שאין האצבעות שוות דאמרינן במנחות בפרק התכלת (מנחות דף מא:) טפח דאורייתא ד' אצבעות בגודל שית בקטנה חמש (ותילתא באצבע) וקאמר הכא דהיכא דהזכירו חכמים באצבע אחד מארבע בטפח של כל אדם בעינן והיינו גודל:
171,Bekhorot,78,0,מנחות,שושן הבירה - יציע שעשוי על שער מזרח ומקרי שושן הבירה במנחות בפרק שתי הלחם (מנחות דף צח.):
172,Bekhorot,82,0,תמורה,לא קדושין בתמורה - כלומר אפילו תמורה שחלה על בעל מום קבוע אינה חלה עליהן וטעמא מפרש במסכת תמורה בפרק יש בקרבנות (תמורה דף יז.):
173,Bekhorot,87,3,יומא,"מהדרי לעין עיטם - שבו כ""ג טובל ביוה""כ כדאמרי' במסכת יומא בפרק ג' (דף לא.): "
174,Bekhorot,88,1,נדה,"מטמא במגע ובמשא ובאהל - וכגון שיש בה בשר קצת ולא כזית דאי הוה בה כזית בשר אפי' אינה נספרת או אין בה עצם נמי הוה מטמא באהל דהא כזית מן המת מטמא באהל ואי לא הוה בשר כלל אפילו נספרת נמי דחשיב אבר לא מטמא באהל דאין עצמות מטמאין באהל אלא רוב בנין או רוב מנין או רובע הקב אבל השתא דאיכא מקצת בשר מטמא אע""ג דליכא כזית הואיל ונספרת על גב היד דחשיב אבר דהכי אמרינן במס' נדה בפרק יוצא דופן (נדה דף מג:) האברים אין להם שיעור אפילו פחות מכזית מן הנבילה ופחות מכזית מן המת:"
175,Bekhorot,92,1,יבמות,"הויא זרה - כדאמרינן ביבמות בפרק אלמנה לכהן גדול (יבמות דף סח.) מנין לכהנת לויה וישראלית שבאו עליה עובד כוכבים ועבד שפסלוה ת""ל ובת כהן כי תהיה לאיש זר כיון שנבעלה לפסול לה פסלה ואע""ג דלויה נמי קתני התם מתרומה דקא פסיל לה שלא תינשא לכהן אבל מדין לויה לא מיפסלא:"
176,Bekhorot,112,0,תמורה,וכן השותפין - במסכת תמורה בפרק כל האסורין:
177,Bekhorot,112,2,תמורה,הני נמי לא - דהא כולהו פסולי בקדשים דתניא בתמורה בפרק כל האסורין (תמורה דף כח.) מן הבהמה להוציא רובע ונרבע וכגון שאין בדבר אלא עד אחד דאי שני עדים בת קטלא היא דכתיב ואת הבהמה תהרוגו מן הבקר להוציא את הנעבד מן הצאן להוציא את המוקצה:
178,Bekhorot,113,0,נדה,"ולד מעליא הוא - במסכת נדה בפרק יוצא דופן (נדה דף מ.) קא""ר שמעון דהרי זה כילוד ואמו טמאה לידה וריש לקיש מפרש טעמא בגמרא תלד לרבות יוצא דופן והכי נמי אמרינן כי יולד לרבות יוצא דופן:"
179,Berakhot,35,3,כתובות,כל כי הנך שני – מספר השנים שלא נכנסת בישיבתו של רבי אפס במס' כתובות בפרק הנושא את האשה (כתובות דף קג:):
180,Berakhot,36,4,גיטין,דוגמא השקוה – על שהיו דומים להם הם השקוה שהיו שמעיה ואבטליון מבני בניו של סנחריב כדאמרינן בגיטין בפרק הנזקין (גיטין דף נז:):
181,Berakhot,36,1,בבא מציעא,וברכוהו – לפי שהרבה מאד לחלוק בדבר זה כדאמרינן בבבא מציעא בפרק הזהב (בבא מציעא דף נט:):
182,Berakhot,39,0,"ב""ק","מתני' בעל קרי – מתקנת עזרא ואילך שתקן טבילה לבעלי קריין לעסוק בתורה כדאמרינן בב""ק בפרק מרובה (בבא קמא דף פב:):"
183,Berakhot,43,0,"ב""ק","דאמר מר – גבי עשר תקנות בב""ק בפרק מרובה:"
184,Berakhot,45,0,סנהדרין,ולאביי דאמר הזמנה מילתא היא – גבי אורג בגד למת בסנהדרין בפרק נגמר הדין (סנהדרין ד' מז:):
185,Berakhot,53,0,שבת,"לבית המרחץ – סלקא דעתך לאחר שגזרו על הזיעה ועל הרחיצה בשבת כדאמרי' במסכת שבת בפרק כירה שהסיקוה (ד' מ.) אלמא אע""ג דצלי לא בדיל מאיסורי שבת:"
186,Berakhot,97,2,זבחים,לפני הבירה – מקום בהר הבית שיש שם בית הדשן גדול ששורפין פסולי קדשים קלים כדאמרינן בזבחים בפרק טבול יום (זבחים דף קד:):
187,Arakhin,4,0,יומא,לקדש - לערב מים חיים באפר חטאת. טעמייהו דרבנן ורבי יהודה מפרש במס' יומא בפרק טרף בקלפי (יומא דף מג.):
188,Arakhin,20,2,"חולין, שחיטת חולין",מתניתא גוזמא - דרך משניות לשנות גוזמא כגון הנך דאמר בשחיטת חולין בפרק גיד הנשה (חולין דף צ:):
189,Arakhin,46,0,בכורות,"רב ושמואל דאמרי תרוייהו אין מקדישין לגאול בגירוע פחות מב' שנים - המקדיש שדה אחוזה בשנה ראשונה של יובל ובא לגואלה נותן בבית כור נ' סלעים כדכתיב זרע חומר שעורים ואם הקדישה עשר שנים או עשרים לאחר היובל מחשבין השנים הנותרות עד היובל הבא ונותן סלע ופונדיון לכל שנה כדכתיב (ויקרא כ״ז:י״ח) ואם אחר היובל יקדיש שדהו וחשב לו וגו' ונגרע מערכך והיינו גירוע שאינו נותן חמשים סלעים והמקדיש שתי שנים לפני היובל פודה אותה בשני סלעים ושני פונדיונין כדכתיב על פי השנים הנותרות. וכן עולה החשבון של גאולת שדה אחוזה לכל שנה סלע ופונדיון שהרי אם הקדישה בשנה ראשונה שלאחר היובל היה פודה בחמשים שקל כדכתיב אם משנת היובל יקדיש שדהו וגו' משנת ולא שנת יובל בכלל אלמא בשנה שלאחר היובל קאי קרא וקאמר יתן חמשים צא לתשעה ומ' שנים הבאים עד יובל הבא תשע וארבעים סלעים נמצא סלע יותר על סלע לכל שנה חלקיהו לפונדיונין דבסלע יש מ""ח פונדיונין הרי לכל שנה סלע ופונדיון פחות פונדיון הילכך המקדיש שדהו לאחר היובל שתים או שלש שנים נותן לכל שנה עד היובל סלע ופונדיון. ואף על פי שכשתחשוב סלע ופונדיון למ""ט שנים תמצא חמשים סלע ופונדיון כגון מ""ט סלעים ומ""ט פונדיונין והסלע אינו אלא מ""ח פונדיונין הא פרכינן ליה בבכורות בפרק יש בכור לנחלה (דף נ.) פונדיון זה מה טיבו קולבון לפרוטרוט. וקאמרי רב ושמואל דהמקדיש פחות משתי שנים לפני היובל אין כאן דין גירוע ואם בא לגאלה נותן נ' סלעים דגבי גירוע כתיב (ויקרא כ״ז:י״ח) על פי השנים הנותרות ונגרע ומיעוט שנים שתים ועצה טובה קמשמע לן מתני' שיהא אדם חס על נכסיו ולא יפדה פחות משתי שנים שלא יפסיד מ""ח סלעים:"
190,Arakhin,63,0,"ב""ק","עשרה דברים - מפרש בב""ק בפרק מרובה (בבא קמא דף פב:) וזה אחד מהם:"
191,Chullin,28,1,"ב""ק","במזיד לא יאכל עולמית כו' - לאו משום קנסא הוא דהא אחריני לא עבוד איסורא אלא מקראי יליף לה רבי יוחנן בכתובות באלו נערות (כתובות דף לד:) ובב""ק בפרק מרובה (בבא קמא דף עא.) ושמרתם את השבת כי קדש וגו' מה קדש אסור באכילה אף מעשה שבת אסורים באכילה יכול אפילו בשוגג ת""ל מחלליה מות יומת במזיד אמרתי ולא בשוגג:"
192,Chullin,33,0,שחיטת קדשים,מזבח - שנפגם פסול כדילפינן בשחיטת קדשים בפרק קדשי קדשים (זבחים דף נט.) וזבחת אליו את עולותיך ואת שלמיך וגו' וכי עליו אתה זובח אלא בזמן שהוא שלם ולא בזמן שהוא חסר והאי עליו בשבילו הוא כלומר כשהוא בחזקתו:
193,Chullin,38,1,שחיטת קדשים,"שן וצפורן בהדיא תנא להו - לעיל (חולין דף טו:) במתני' חוץ ממגל קציר והמגירה והשינים והצפורן ואוקמינן במחוברת. ואית דמפרשי דמרישא ממעט שן תלושה וצפורן תלושה דכשר בשחיטה ופסול במליקה ולא היא דא""כ למה הוזכר שן וצפורן לימא הכי למעוטי תלוש דפסול במליקה אלא תלוש לאו מילתא היא דנימא כשר בשחיטה ופסול במליקה דהא בתלוש לא מיקריא מליקה ואפי' מליקה פסולה לא מיקריא דהא פירש לן קרא דמליקה בעצמו של כהן היתה ובכלי לא מיקריא מליקה דלא אשכחן בכלי דמיקריא מליקה ומנא תימרא דמליקה בעצמו של כהן דתניא בשחיטת קדשים בפרק קדשי קדשים (זבחים דף סה.) והקריבו הכהן אל המזבח וכי תעלה על דעתך שזר קרב גבי מזבח אלא מגיד שלא תהא מליקה אלא בעצמו של כהן ולההוא לישנא פרכינן שן וצפורן בהדיא קתני להו בתורת כהנים כדפרישית והא נמי ליתא דלא פרכינן בהדיא קתני לה אלא א""כ שנויה במשנה דרוב ברייתות שבתורת כהנים ושבתוספתא שנאום חכמים במשנתינו ולא פרכינן הכי אלא היכא דסתם במתניתין תרי זמני או בחד מסכתא או בתרתי:"
194,Chullin,44,0,מנחות,"וא""ר יוחנן - מנא לן דמביא עליו נסכי איל של שני עשרונים ושלישית ההין יין דכתיב בפרשת נסכים בשלח לך אנשים או לאיל האחד וגו' או לרבות את הפלגס בנסכים הללו ומדאיצטריך קרא לרבויי ש""מ קסבר רבי יוחנן דת""ק דאמר אין עולה לו מזבחו משום דבריה הוא ולענין נסכים רחמנא רבייה דאי ספיקא הוא לא מרבייה קרא דכיון דשמא איל הוא פשיטא דבעי אתויי נסכי איל ואתנויי דאי איל הוא ליהוי דידיה ואי כבש הוא יהא היתר נדבה שהרי מתנדבין נסכים בלא קרבן כדאמרינן במנחות בפרק בתרא (דף קז.) ואע""ג דתני אין מתנדבין לוג אחד ולא ב' וה' אלא שלשה כדי שיהו קרויין נסכי כבש או ארבעה שיהו קרויין נסכי איל או ששה הראוין לפר הכא כי האי גוונא בהדי אחריני קרבי:"
195,Chullin,45,0,מנחות,"מייתי ומתני - דסבירא ליה ספק הוא והכא קא מבעיא לן אליבא דבר פדא במאי מסתפק ומאי מתני ואו לאיל דריש ליה לדרשא אחרינא במנחות בפרק שתי מדות (מנחות דף צא:) וקא מיבעיא לן הכא מאי מתני מי פשיטא ליה לבר פדא דלאו בריה הוא אלא ספק איל ספק כבש הוא וכי מתני איל וכבש הוא דמתני אי איל הוא ליהוי כוליה דידיה ואי כבש הוא עשרון סולת רביעית היין ליהוי דידיה ואינך לנדבה אבל בבריה לא צריך לאתנויי ולמימר אי בריה הוא ואינו ראוי לנסכים ליהוי כולהו לנדבה וגבי בעיין דלעיל כיון דודאי לאו בריה הוא יוצא ידי נדרו ממ""נ דהא או כבש או איל הוא והוא נדר באיזה שירצה:"
196,Chullin,49,2,בכורות,"ופטורין ממעשר בהמה - כל הנולדים להם כל ימי שותפותם שהשותפות פוטר ממעשר בהמה בבכורות בפרק בתרא (דף נו:) יהיה לך ולא של שותפות והתם מוקי ליה להאי קרא במעשר ואע""ג דבבכורות כתיב:"
197,Chullin,57,0,שחיטת קדשים,מר לא אמר הכי - דאילו בעוף אם שחט סימן ראשון בחוץ מיחייב שהרי דכוותה כשר בפנים במליקת חטאת העוף. השוחט עוף קדשים בחוץ חייב דיליף מריבויא דאשר ישחט בשחיטת קדשים בפרק השוחט (דף קז.) אבל המולק את העוף פטור:
198,Chullin,68,0,סוטה,"אלא קדש מקודש - אא""כ היה שלישי של קדש מקודש דהאי שלישי עביד רביעי בקדש מעלה היא דרבנן דהא גבי מעלות דחומר בקדש קתני להו (חגיגה דף כ:) בה' מעלות אחרונות דאמרינן התם (שם כא:) דלית להו דררא דטומאה מדאורייתא וכי תקינו רבנן בשלישי דקדש מקודש הוא דתקון. ואע""ג דמייתינן לה בק""ו ממחוסר כיפורים לאו ק""ו דאורייתא הוא דהא משלישי דתרומה הוא דמייתינן והיא גופה לאו כתיבא בהדיא ואסמכתא בעלמא הוא תדע דהא גבי מעלות תנייה וק""ו דכוותיה אמרינן במסכת סוטה בפרק כשם (דף כט:) דאמרינן ק""ו מאוכל הבא מחמת טבול יום דעביד רביעי בקדש והוא גופיה לאו מכתב כתיב ולא בק""ו אתי:"
199,Chullin,72,0,זבחים,ואמר מר - בזבחים בפרק חטאת העוף (זבחים דף ע.):
200,Chullin,73,1,זבחים,"מכלל דמסוכנת לאו טרפה מיקרי - ואצטריך לאשמעינן בהך נבלה דאתיא מכח מסוכנת ולא אתיא מכח טרפה שלא נטרפה קודם לכן דתיחול אאיסור חלב. ומק""ו דטרפה דאמרינן ומה מחיים כו' לא מצינן למילף גבי נבלה דאיסור נבלה חייל אאיסור חלב דטעמא דטרפה לאו משום קירוב מיתה הוא אלא משום חסרון כדמצרכינן לתרווייהו בזבחים בפרק חטאת העוף (זבחים דף ע.):"
201,Chullin,75,2,זבחים,"שהבעלים מפגלין - וטעמא מפרש בזבחים בפרק ב""ש (זבחים דף מז.) בסופו דכתיב והקריב המקריב וגו' אלמא בעלים קרי מקריב הלכך איתנהו בכלל המקריב לא יחשב אם חשבו על שחיטת כהן או על זריקתו ע""מ לאכול חוץ לזמנו הוי פיגול:"
202,Chullin,79,1,זבחים,"הכא בחטאת העוף עסקינן - דמליקתה בסימן אחד בפ""ק (לעיל חולין דף כא.) וחיוב שחיטתה דידיה נמי בחוץ בסימן אחד דהשוחט עוף קדשים בחוץ חייב והמולקו בחוץ פטור כדתנן בזבחים בפרק השוחט והמעלה (זבחים דף קיא.) ויליף מאו אשר ישחט לרבות את העוף:"
203,Chullin,97,3,שבועות,יפה כח הבן מכח האב - ברייתא היא בשבועות בפרק כל הנשבעין (שבועות דף מח:) שהבן גובה בשבועה ושלא בשבועה והאב אינו גובה אלא בשבועה והתם מפרש לה:
204,Chullin,124,2,גיטין,וזהו שהביא שמיר למקדש - דהא נגר טורא מתרגמינן ליה והוא תרנגולא ברא ובגיטין בפרק מי שאחזו (גיטין דף סח:) מפרש מאי עביד ביה דמנגר ביה טוריא:
205,Chullin,162,0,כריתות,"ואמר ריש לקיש אומר היה רבי שמעון פרה נפדית - אם מצא נאה הימנה אפילו על גב מערכתה אפילו שחטה כהלכתה על מערכת של עצים שהיא נשחטת עליה כדאמרי' במס' פרה (פ""ג מ""ט) וקסבר ר""ש כל העומד לפדות כפדוי דמי וקרינא ביה שאתה יכול להאכילו. ואי קשיא למה לי קבלת טומאה היא גופה מטמאה אדם ובגדים מפרשינן כה""ג בכריתות בפרק דם שחיטה (כריתות דף כא:) כגון בשר שחפהו בפחות מכביצה בצק אי משוית ליה אוכל מצטרף בהדי בצק ומקבל האי בצק טומאה אם יגע בטומאה ומטמא שאר אוכלין ואי לאו אוכל הוא לא מקבל האי בצק טומאה דלית ביה שיעורא וכי נגעו ביה אוכלין אחריני טהורים הן שאינם נוגעין בנבלה אלא בבצק:"
206,Chullin,162,0,כריתות,"והא""ר ינאי - בקדושין ובכריתות בפרק בתרא (דף כה.):"
207,Chullin,174,3,נדה,חוץ ממשקה שהוא אב הטומאה - כגון שלשה מעיינות הזב המנויין במס' נדה בפרק דם הנדה (נדה דף נד:) שהן אב הטומאה לטמא אדם וכלים זובו ורוקו ומימי רגליו ושכבת זרעו של כל אדם דילפינן מרוק דכתיב (ויקרא ט״ו:ח׳) וכי ירוק הזב מה רוק שהוא מתעגל ומתאסף יחד ואחר כך יוצא אף כל שהוא מתעגל ויוצא ומשקין אחרים יוצאין ממנו שאינם אב הטומאה לפי שאינם מתעגלים ויוצאין כרוק ואלו הן דמעת עינו דם מגפתו וחלב האשה:
208,Chullin,179,0,פסחים,ממשקה ישראל - מקרא הוא בספר יחזקאל שה אחד מן הצאן מן המאתים ממשקה ישראל ולענין קרבנות ונסכיהם כתיב ומפרשינן ליה בפסחים בפרק אלו עוברין מן המותר לישראל אבל גיד הנשה לא וכי רבי קרא פרשו דהיתירא רבי ולא מחוברין דאיסורא:
209,Chullin,179,1,יומא,"כ""ד חוטין - מקראי ילפינן במסכת יומא בפרק בא לו כהן גדול (יומא דף עא:) שחוטה כפול עשרים וארבעה:"
210,Chullin,202,1,כריתות,טמאין אתה מצווה על דמן - בכריתות בפרק דם שחיטה (כריתות דף כא.) לא יצאו מכלל אזהרתו אלא שרצים ודגים וחגבים ומהלכי שתים:
211,Chullin,204,1,זבחים,דאמר מר - רבא אמרה בזבחים בפרק חטאת העוף (זבחים דף ע.):
212,Chullin,234,0,פסחים,"תנור מטמא אוכלין באוירו - שהתנור תחלה הוי ואוכלין שניים כדתניא בפסחים בפרק ראשון (דף כ:) דת""ר תוכו אע""פ שלא נגע מה תוכו האמור לטמא כו' אלמא תנור מטמא לאוכלין אע""פ שאינן נוגעין בו תאמר בנבלה ובזרעים טמאין שאינן מטמאין אחרים אא""כ נגעו בהן כל הנך דקאמר תיתי מיניה בבנין אב קאמר טימא כאן וטימא כאן מה מצינו כאן שהיד מוציאה טומאה לאחרים אף כאן יד מוציאה טומאה לאחרים:"
213,Chullin,239,0,מעילה,"שרצים איסור אכילתם בכעדשה כטומאתן דתני ר' יוסי בר' חנינא והבדלתם בין הבהמה הטהורה לטמאה וגו' פתח הכתוב באכילה וסיים בטומאה לומר לך מה טומאה בכעדשה אף אכילה בכעדשה במעילה בפרק קדשי מזבח (מעילה דף טז:) הילכך אי לא כתיב מיחוי בגופייהו ויליף מהנך ה""א לא מחייב אמיחויין בפחות מכזית:"
214,Chullin,258,0,בכורות,"והשוחטן בחוץ פטור - ואילו בקדם הקדשן את מומן תנן מתניתין לקמן דחייב אם שחט בחוץ קודם פדיונן ואע""ג דאינן ראוים לפתח אהל מועד דהא בעלי מומין נינהו ותנן (זבחים דף קיב.) הראוי לפתח אהל מועד חייבין עליו בחוץ ושאינו ראוי בפנים אין חייבין עליו בחוץ הא מוקמינן לה בבכורות (דף טז.) בדוקין שבעין ואליבא דר""ע דאמר אם עלו לא ירדו הילכך הואיל ובפנים לא ירדו חייבין עליהן בחוץ. וכולה הך מתני' מיתניא בבכורות בפרק שני (דף יד.) והתם תני לה משום בכורות והכא תני לה משום מתנות:"
215,Chullin,269,0,מנחות,"ואיבעית אימא שותפות עובד כוכבים בתרומה רבנן חיובי מחייבי - חלקו של ישראל ולא מצי למפטר שותפות דעובד כוכבים בראשית הגז בהיקשא דתרומה הילכך צאנך למעוטי שותפות עובד כוכבים אתא ודגנך למעוטי דיגון עובד כוכבים כגון עובד כוכבים שלקח שדה של ישראל ומירחה הלוקח אותה תבואה מן העובד כוכבים פטור מלעשר ואף על פי שגדלה בשדה של ישראל כדאמרינן במנחות בפרק רבי ישמעאל (מנחות דף סז.) מירוח העובד כוכבים פוטר אי נמי דגנך ולא דגן עובד כוכבים ולאשמועינן דיש קנין לעובד כוכבים בארץ ישראל להפקיע מיד מעשר וחלקו של עובד כוכבים פטור שאם חזר ומכרו לישראל אינו חייב לעשר אבל חלקו של ישראל חייב ואע""ג דמצאנך משמע להו ולא שותפות עובד כוכבים לא משמע להו מדגנך למעוטי של שותפות עובד כוכבים דדגן כמאן דפליג דמי שהרי חולקין אותה במדה וקרינא ביה דגנך בחלקו של ישראל אבל צאן כל בהמה ובהמה יש לעובד כוכבים חלק בה ולא קרינא בחדא מינייהו צאנך:"
216,Chullin,271,0,בכורות,בפני - בכור וגז נוהגים אף שלא בפני הבית אבל מעשר לא כדמפרש בגמ' דבכורות בפרק בתרא (דף נג.) גזרה משום לקוח ומשום יתום. בכור וגז ממתנות כהונה הן ולא מעשר דנאכל הוא לבעלים כשלמים:
217,Rosh Hashanah,2,0,בכורות,למעשר בהמה - שאין מעשרין מן הנולדים בשנה זו על הנולדים בחבירתה דכתיב (דברים י״ד:כ״ב-כ״ג) עשר תעשר את כל תבואת זרעך היוצא השדה שנה שנה ואמר מר בבכורות בפרק מעשר בהמה (בכורות דף נג:) בשתי מעשרות הכתוב מדבר אחד מעשר בהמה ואחד מעשר דגן:
218,Rosh Hashanah,24,0,כתובות,"ארץ צבי - מה צבי קל ברגליו מכל החיות אף א""י קלה לבשל פירותיה מכל הארצות הכי מפרש לה במס' כתובות בפרק בתרא (דף קיב.):"
219,Ketubot,2,2,בבא קמא,"בשני ובחמישי - אחת מעשר תקנות שתקן עזרא בבבא קמא בפרק מרובה (בבא קמא דף פב.) מפרש לכולהו ולכך תקנו שתנשא ברביעי שאם היה לו טענת בתולים ישכים לב""ד בעוד כעסו עליו [ואם יש שהות בינתים יש לחוש] שמא יתפייס ותתקרר דעתו ויקיימנה ושמא היא זינתה תחתיו ונאסרה עליו כדילפינן (סוטה דף כח.) מונסתרה והיא נטמאה ומתוך שיבא לבית דין יתברר הדבר כשיצא הקול שמא יבואו עדים ובגמר' פריך ותינשא באחד בשבת:"
220,Ketubot,39,0,נזיר,עילה מצאו - עלילה בעלמא מצאו חכמים והחזיקו בה לתלות עליה ולטהר את ארץ ישראל במסכת נזיר בפרק בתרא אלמא מספיקא לא מחזקינן טומאה בקרקעה של ארץ ישראל:
221,Ketubot,48,3,יבמות,ואמר מר - ביבמות בפרק יש מותרות בבת כהן שניסת לישראל ונעשית אלמנה וגרושה וזרע אין לה שחוזרת לתרומת אביה ואינה חוזרת לחזה ושוק ויליף לה מהאי קרא כי תהיה לאיש זר היא בתרומת הקדשים לא תאכל עוד:
222,Ketubot,61,0,עירובין,פלוגתא דרבי אליעזר ורבנן בעירובין בפרק כל גגות:
223,Ketubot,66,2,בבא קמא,"דר' שמעון - בבבא קמא בפרק מרובה (בבא קמא עד:) קדשים שחייב באחריותן משלם ארבעה וחמשה משום דגורם לממון הוא ואע""ג דהקדש לאו ממון בעלים הוא ובהקדש לא שייך קנס דרעהו כתיב: "
224,Ketubot,121,0,נדרים,מתני' המדיר את אשתו - כגון דאמר יאסר הנאת תשמישך עלי אבל הנאת תשמישי עליך לא מיתסרא דהא משועבד לה דכתיב ועונתה לא יגרע והכי מוקמינן בנדרים בפרק ואלו נדרים (נדרים דף פא:):
225,Ketubot,140,0,נדרים,מעשה דבית חורון - בנדרים בפרק השותפין:
226,Ketubot,152,1,סנהדרין,ערב וצידן וראיה אחרונה - ערב בגט פשוט צידן במי שאחזו קורדיקוס ראיה אחרונה בסנהדרין בפרק זה בורר ובשתי ראיות נחלק הלכה כמותו בראשונה ולא באחרונה אמרו לו הבא ראיה אמר אין לי ראיה כו':
227,Ketubot,159,3,בבא בתרא,"וב""ה אומרים נכסים - דצאן ברזל בחזקתן ובבבא בתרא בפרק מי שמת (בבא בתרא דף קנח:) מפרש בחזקת מי הם מוחזקין אי בחזקת יורשי הבעל הואיל ואחריותן עליו או בחזקת יורשי האשה שהיו שלה:"
228,Ketubot,160,1,יבמות,"ב""ש היא - ביבמות בפרק האשה שהלכה דקאמרי ב""ש והלא מספר כתובה נלמד לכשתנשאי לאחר תטלי מה שכתוב ליכי והואיל והיא נישאת ע""פ עצמה שבאה ואמרה מת בעלי אף כתובתה גובה ע""פ עצמה:"
229,Ketubot,170,3,בבא קמא,"ומאן דלא דאין כו' - פלוגתייהו בבבא קמא בפרק בתרא (דף קטז:) ורבי מאיר אית ליה דינא דגרמי כדתניא (שם דף ק:) נתייאש הימנה ולא גדרה הרי זה קידש וחייב באחריותו גבי כלאים וקיי""ל כוותיה:"
230,Ketubot,175,0,גיטין,"אינה תובעת כתובתה אין היורשין משביעין אותה - משום שבועת אפוטרופסת דהויא לה אפוטרופוס שמינהו אבי יתומים וס""ל לא ישבע כאבא שאול דאמר חילוף הדברים וטעמייהו מפרש בגיטין בפרק הניזקין רבנן סברי מינוהו בית דין לא ישבע דא""כ מימנע ולא הוי אפוטרופוס הואיל וחשדינן ליה אבל מינהו אבי יתומים לא מימנע דאי לאו דה""ל הנאה מיניה בחייו לא הוה מימני ליה ואבא שאול סבר מינהו אבי יתומים אי ידע דמשבעי ליה מימנע ולא הוי אפוטרופוס אבל מינוהו בית דין אע""ג דידע דמשבעי לי' לא מימנע דחשיבותא הוא לגביה דמהימן להו לבי דינא:"
231,Ketubot,175,2,גיטין,"אינה תובעת כתובתה אין היורשין משביעין אותה - משום שבועת אפוטרופסת דהויא לה אפוטרופוס שמינהו אבי יתומים וס""ל לא ישבע כאבא שאול דאמר חילוף הדברים וטעמייהו מפרש בגיטין בפרק הניזקין רבנן סברי מינוהו בית דין לא ישבע דא""כ מימנע ולא הוי אפוטרופוס הואיל וחשדינן ליה אבל מינהו אבי יתומים לא מימנע דאי לאו דה""ל הנאה מיניה בחייו לא הוה מימני ליה ואבא שאול סבר מינהו אבי יתומים אי ידע דמשבעי ליה מימנע ולא הוי אפוטרופוס אבל מינוהו בית דין אע""ג דידע דמשבעי לי' לא מימנע דחשיבותא הוא לגביה דמהימן להו לבי דינא: ה""ג ר""ש כאבא שאול ורבנן דמתני' כרבנן:"
232,Ketubot,199,1,יבמות,אין להן כתובה - ממאנת משום דמעצמה יוצאה שניה קנסא דרבנן הוא כדאמרינן ביבמות בפרק יש מותרות (יבמות דף פה:) מפני שהיא מרגילתו לנושאה שאינה מפסדת כלום בנשואין שאינה נפסלת בהן וולדה כשר איילונית משום דמקח טעות הוא:
233,Ketubot,211,2,מנחות,"מותר נסכים - פליגי בה במס' מנחות בפרק שתי מדות (מנחות דף צ.) רבי חייא ב""ר יוסף אמר בירוצי מדות שהמספקין סלתות שקבלו מעות הקדש לספק סלתות כל ימות השנה מודדין להקדש במדה מבורצת טפופה ולא מחוקה והמקריבן מוחק המדה והם מותר נסכים ומוכרים אותן ור' יוחנן אמר כאותה ששנינו המקבל עליו לספק [כל ימות השנה להקדש] סלתות מארבע סאין בסלע ועמדו משלש שנתייקרו מספק מארבע והמקבל לספק משלש והוזלו ועמדו מד' מספק ד' וזו היא ששנינו מותר נסכים לקיץ המזבח:"
234,Zevachim,16,1,בכורות,במעשר בהמה כתיב יהיה קודש לא יגאל ודרשינן בבכורות בפרק כל פסולי המוקדשין (בכורות דף לב:) דהאי לא יגאל לא ימכר הוא:
235,Zevachim,21,1,מנחות,שהן טעונים מתן ארבע - שתי מתנות שהן ארבע ובכור במתנה אחת כדתנן באיזהו מקומן (לקמן זבחים נו:) סמיכה ונסכים ליתנהו בבכור כדילפינן במנחות בפרק שתי מדות (מנחות דף צ:):
236,Zevachim,22,0,בכורות,ליל שמיני נכנס - הולד להתעשר וקיימא לן בבכורות בפרק מעשר בהמה (בכורות דף נז.) מחוסר זמן אינו נכנס לדיר להתעשר:
237,Zevachim,25,0,סוטה,"אלא כיון דלא סגי דלא יהיב - קומץ לכלי לקדשו בתוכו כדאמרינן לעיל (זבחים דף יא.) שלא בכלי שרת פסולה ואמרינן טעמא במסכת סוטה בפרק שני (דף יד:) מידי דהוה אדם לאו אע""ג דקדישתיה סכין בצואר בהמה הדר בעי לקבוליה וקדושיה בכלי זימנא אחריתי קומץ נמי אע""ג דקדשה מנחה כולה בכלי בעי לקדושי קומץ זימנא אחריתי הלכך עבודה חשובה היא ומפגלה הכי נמי בטבילת אצבע כיון דלא סגי כו' היינו הולכה שמוליך הדם באצבעו לקרבן למזבח:"
238,Zevachim,71,0,בכורות,דבר רע - מום בגלוי שהוא מגונה קרי דבר רע בבכורות בפרק על אלו מומין (בכורות דף לז.):
239,Zevachim,104,7,ברכות,עד חצות - סייג עשו חכמים לתורה להרחיק אדם מעבירת כרת כדתנן בברכות בפרק קמא (דף ב.) כל הנאכלין ליום אחד מצותן כו':
240,Zevachim,113,0,"יומא, סדר יומא","ה""ג ואיבעית אימא חוץ מפנים בחד זימנא גמיר - והכי איתא בסדר יומא בפרק הוציאו לו (יומא דף נז.) כלומר נהי נמי דהיקש מקומות כהיקש בהמות הואיל והיקש צורך פנים הוא אפ""ה לא דמי לההוא דלעיל דאילו היכל כולה מילתא בעי למילף מפנים ואיידי דניתן היקש לידרש בדברים המפורשים בפנים כמו למטה בפר ולמעלה בשעיר נדרש ולמד בבת אחת ובא אף מה שלמד בפנים בהיקש עמו וגבי היקש דלעיל נמי אם כתוב בתודה והוקש בכור לתודה ללמוד לו חזה ושוק ולמדתה בהיקש אי הוי הוקש בכור לתודה עצמה והיה למד ממנה תנופת חזה ושוק ואכילת יום ולילה דמתוך שיכולה ללמוד עליו זמן לאכילה שהוא כתוב בה מלמדת נמי עליו תנופת חזה ושוק אבל השתא לתודה עצמה לא הקישה הכתוב אלא לחזה ושוק שבתודה ובתודה עצמה לא למדתה אלא בהיקש:"
241,Zevachim,114,3,יומא,מערכה שניה של קטרת - אצל מערכה גדולה היו מסדרין מערכה קטנה ליטול ממנה גחלים להכניס על מזבח הפנימי שלשה קבין לכל בקר וערב להקטיר עליהם קטרת ובמסכת יומא בפרק טרף בקלפי (יומא דף מה:) בסופיה ילפינן מקרא דעל מזבח החיצון צריך להיות מערכה לכך:
242,Zevachim,127,2,"יומא, סדר יומא",גבי קמיצה נמי תניא זו היא עבודה קשה - שצריך למחוק בגודלו מלמעלה ובאצבעו קטנה למטה שלא יהא הקומץ מבורץ וכן בחפינת יום הכפורים נמי תניא זו היא עבודה קשה ותרוייהו בסדר יומא בפרק הוציאו לו (יומא דף מז: ודף מט:):
243,Zevachim,145,1,מנחות,חטאת שנתערבה בעולה - בעופות קתני דלית להו תקנתא ברעייה שאין פדיון לעוף כדאמרינן במנחות בפרק המנחות והנסכים (מנחות דף ק:):
244,Zevachim,174,0,מנחות,בירוצי מדות איכא בינייהו - למאן דתני אין מקדשין אלא מתוכן קסבר בירוצי מדות לא נתקדשו אלא מה שבתוך חללו של כלי בירוצי מדות גודשי מדות ופלוגתא היא במנחות בפרק שתי מדות (מנחות דף צ.):
245,Zevachim,178,0,מנחות,"והא רב פפא הוא דאמר - במנחות בפרק התכלת (מנחות דף מז:) גבי שתי הלחם שיצאו בין שחיטה לזריקה דפליגי נמי ר""א ורבי עקיבא:"
246,Zevachim,182,0,שבת,"אבל לא של עץ - דבת כיבוי הוא ואיסורא דאורייתא הוא ואי כר""ש לא משכחת כיבוי אלא במתכוין לעשות פחמין בכיבויו וצריך להם דאר""ש מלאכה שאינה צריכה לגופה פטור עליה וכיבוי לאו צורך גופו הוא שיהא צריך לו דהלואי שלא בא עליו ודמי למוציא את המת לסלקו מעל פניו דפטר עליה ר""ש במסכת שבת בפרק המצניע (שבת דף צד.):"
247,Zevachim,188,0,שבת,ומשני דרצף ליה מרצף - אחר שפוחתו מכין עליו בקורנס ומחברו וחזר שם כלי עליו וגבי כלי חרס איכא למימר דניקבו דמתניתין במוציא משקה ליטהר ועדיין כלי הוא לקבל זיתים במס' שבת בפרק המצניע (שבת דף צה:):
248,Zevachim,191,0,סוכה,ואפי' לרבי יוסי כו' - במסכת סוכה בפרק החליל (סוכה דף נ:):
249,Zevachim,199,2,פסחים,"ולאכילת פסחים - הוי יום שמועה כיום ליקוט עצמות דקיימא לן בפסחים בפרק האשה (דף צב.) השומע על מתו והמלקט עצמות טובל ואוכל בקדשים לערב והוינן בה מלקט עצמות הזאה שלישי וז' בעי ומשנינן אימא שליקטו אחרים עצמות דאמרינן במו""ק (דף ח.) המלקט עצמות אביו ואמו הרי זה מתאבל עליהם כל היום ואשמועינן בפסחים דלערב מותר בקדשים והכא אשמועינן יום שמועה לענין אכילת פסחים לא כיום קבורה הוא דאילו יום קבורה לא אכיל פסחו לערב ואפילו מת באתמול בי""ג אלא כיום ליקוט עצמות הוי ומותר בכל הקדשים והא דנקט פסחים משום דיום קבורה נקט ליה למימר דביום קבורה אפילו פסח נמי לא:"
250,Zevachim,207,0,פסחים,גמ' ששם שורפים פסולי בשר קדשי קדשים - שמחיצת אכילתן בעזרה ופסולי אימורים אפילו של קדשים קלים דהואיל והקטרת הכשירין בעזרה אף שריפת פסוליהן בעזרה כדילפינן בפסחים בפרק כל שעה (פסחים דף כד.) מבקדש באש תשרף:
251,Zevachim,212,0,נדרים,"לגזירה שוה - מפורשת ביש נוחלין (ב""ב דף קכ:) ובנדרים בפרק בתרא (דף עח.):"
252,Zevachim,214,0,"חולין, שחיטת חולין","נהי דלא אמרינן מגו - לחול איסור על איסור ואפילו הוא כולל מיהו הני מילי היכא דשניהן שוין אבל הכא תיתי טומאת הגוף דחמירא ותיחול בכולל על טומאת בשר דקילא דהכי אמרינן בשחיטת חולין בפרק גיד הנשה (חולין דף קא.) דרבי יוסי הגלילי לית ליה איסור חל על איסור אפילו ע""י כולל ובאיסור חמור אית ליה איסור חל על איסור כשהוא איסור כולל גבי אוכל גיד הנשה של עולה דאוקימנא כרבי יוסי הגלילי דקתני חייב שתים:"
253,Zevachim,217,0,מנחות,"וכולן שחסרו כל שהוא - קודם הקטרה ע""י איבוד או שריפה נפסלו בחסרונן כדאמר במנחות (דף ט:) מן המנחה פרט לשחסרה היא ושחסר קומצה והאי וכולן לאו אלבונה קאי דהא מיפליג פליגי בה במנחות בפרק קמא (דף יא:) בלבונה שחסרה דלר""ש כשירה אפילו עמדה על קורט אחד ולר' יהודה בשני קרטין ואי אלבונה נמי קאי מיירי שחסרה משיעור הכשרה למר כדאית ליה ולמר כדאית ליה:"
254,Megillah,37,0,יומא,"בד""א בקטן שלא הגיע לחינוך - לחינוך מצות כגון בן תשע ובן עשר כדאמרינן ביומא בפרק בתרא (דף פב.):"
255,Megillah,40,0,בבא קמא,בשני ובחמישי בשבת ובשבת במנחה - עזרא תיקן שיהו קורין בשני ובחמישי בבבא קמא בפרק מרובה (בבא קמא דף פב.) והכא אשמעינן דשלשה הן כהן ולוי וישראל:
256,Megillah,51,0,סנהדרין,"ואפי' למ""ד - במסכת סנהדרין בפרק נגמר הדין (סנהדרין דף מז:) גבי אורג בגד למת דאסור בהזמנה בתכריכי המת דאסירי בהנאה דגמרינן שם שם מעגלה ערופה כדמפרש התם:"
257,Megillah,59,1,תענית,במעשה בראשית - במסכת תענית בפרק בתרא (דף כו.) שנויה סדר קריאתן ביום הראשון בראשית ויהי רקיע בשני יהי רקיע ויקוו המים בג' יקוו המים ויהי מאורות ברביעי יהי מאורות וישרצו המים בחמישי ישרצו המים ותוצא הארץ בששי תוצא הארץ ויכולו השמים והתם (דף כז:) מפרש טעמא מאי קורין במעשה בראשית במעמדות שבשביל הקרבנות מתקיימים שמים וארץ:
258,Beitzah,33,0,פסחים,ושוין שמשיקין את המים - מי שיש לו מים יפין לשתות ונטמאו ממלא מהן כלי אבן ונותנם במקוה מים מלוחים עד שמשיק מים למים ונמצאו אלו זרועים ומחוברים למי המקוה ובטלי אגבייהו וטהרו ואין עוד טהרה במקוה לכל אוכל ומשקה אלא למים ולא בתורת טבילה אלא בתורת זריעה כדאמרינן בפסחים בפרק כל שעה (פסחים דף לד:):
259,Beitzah,43,3,כתובות,וחכמים אוסרין - בשלשתן בכבוד משום אשוויי גומות ובמוגמר משום דלאו צורך כל נפש הוא ומהאי טעמא אסרינן ליה בכתובות בפרק ראשון (דף ז.) אשר יאכל לכל נפש דבר השוה לכל נפש וזה אינו אלא למפונקים או למי שריחו רע ובגדי מקולס מפני שדומה לקדשים ויאמרו מותר להקדיש ולאכול קדשים בחוץ:
260,Beitzah,76,2,עירובין,הרי הן כרגלי כל אדם - אין להם שום שביתה לא במקומן ולא כרגלי הבעלים ולא כרגלי הממלא אלא כל אדם מוליכן ברגליו דכל מידי דנייד לית ליה שביתה והכי מפרשי' בעירובין בפרק מי שהוציאוהו:
261,Shabbat,27,0,יבמות,ובא השמש וטהר - ומקמי הכא לא ואוקמינן להאי קרא בתרומה ביבמות בפרק הערל (יבמות ד' עד:) ואפילו לנגיעה אשכחן קרא התם כל כלי אשר יעשה מלאכה בהם במים וגו' והאי נגיעה היא ובעינן הערב שמש אלמא פסיל בנגיעה דאי לא פסיל למאי קרי ליה וטהר השתא מכלל דמעיקרא לא הוי טהור גמור והאי כלי לאו בר אכילה הוא ומיהו טמויי לא מטמינן דהא לאו טמא איקרי:
262,Shabbat,28,3,עירובין,"חמשה ועוד חייבין - דסבר ר' יוסי מדה מדברית היו ביצים גדולים משלנו והכי נמי א""ר יוסי בעירובין בפרק כיצד משתתפין (עירובין דף פג:) כמה שיעור חצי פרס שני ביצים שוחקות והתם מפרש האי ועוד אחד מכ' בביצה לכל ביצה:"
263,Shabbat,41,3,מנחות,מעלין בקדש ואין מורידין - מקרא ילפינן לה במנחות בפרק שתי הלחם (מנחות דף צט.):
264,Shabbat,48,3,יבמות,"אסור לאונן - ק""ו ממעשר אבל תרומה מותרת לאונן ביבמות בפרק הערל (יבמות דף ע:) זר זר ב' פעמים זרות אמרתי לך ולא אנינות. אונן כל זמן שלא נקבר מתו:"
265,Shabbat,143,0,סנהדרין,"דרבי אמי - במסכת סנהדרין בפרק ד' מיתות יליף למילתיה מקרא דאין חילוק חטאות לעכו""ם:"
266,Shabbat,162,1,עירובין,ואינו מקנח בצרור - דלאו בר טלטול הוא הלכך מקנח בעשבים כשהן במחובר ולא יזיזם ומשום שימוש במחובר לא מיתסר כדאמרי' בעירובין בפרק ג' (דף לד:) דלא אסרו אלא באילן ובקנים עוזרדין לפי שהן קשין:
267,Shabbat,191,0,כריתות,"ולר""א כו' - במסכת כריתות בפרק אמרו לו:"
268,Shabbat,227,2,"יומא, סדר יומא","כדאמר אביי - בסדר יומא בפרק ג' גבי נברשת שעשתה הילני המלכה על פתחו של היכל בשעה שהחמה זורחת ניצוצות יוצאות הימנה והכל יודעים שזמן ק""ש הגיע ומותבינן ורמינהו הקורא ק""ש עם אנשי משמר לא יצא אלמא לאו בזימנא קריין ואמר אביי הא סימן דנברשת לשאר עמא שיקראו ק""ש בעונתה:"
269,Shabbat,231,1,יבמות,יומא דאסתנא - רוח צפונית שהיא בינונית לא חמה ולא צנה כדאמרינן ביבמות בפרק הערל (יבמות דף עב.) ואיזו רוח המסרחת רוח מזרחית בשעת החום כדאמרינן בגיטין (דף לא:) אפילו שכבת זרע שבמעי אשה מסרחת בו דכתיב (הושע י״ג:ט״ו) יבא קדים רוח ה' ממדבר עולה וגו' יש מפרשין יומא דאסתנא רוח דרומית שהיא צוננת אמת שרוח דרומית צוננת אבל אסתנא על כרחיך צפונית היא ונוחה כדאמר בעלמא (עירוביץ ד' סה.) צריכא שמעתא צילותא כיומא דאסתנא ורוח דרומית היא בלשון ארמי יומא דשותא:
270,Shabbat,240,7,נדה,"דייה לטבילה שתהא באחרונה - במסכת נדה בפרק המפלת גבי אשה שיצאה מלאה ובאה ריקנית ואינה יודעת מתי ילדה דמצרכינן לה ל""ה טבילות לספק ד' טבילות שעליה טבילת זכר לז' או טבילת נקבה לשבועיים ובלילה או שמא יולדת זכר בזוב וצריכה אף טבילת זבה ביום שבעה לספורים שלה או יולדת נקבה בזוב היתה ומשום דלא ידעינן מתי ילדה ואימתי מטי זמן טבילה דידה מצרכינן לה טבילה כל לילה וכל יום שיש לספוקי בזמן טבילתה ופליג ר' יוסי ברבי יהודה עלה ואמר דייה לטבילה שתהא באחרונה לסוף ספורים של נקבה דהיינו לסוף שלש שבועים שאם ילדה נקבה בזוב טמאה שבועיים ללידתה וז' נקיים בשביל הזיבה ולא אמרינן טבילה בזמנה מצוה:"
271,Shabbat,259,3,עירובין,"מותר לטלטל בכולו - מה שנמצא בתוכו או בגדיו שהוציאן מן הבית לתוכו דרך מלבוש פושטן ומטלטלן בכולו לדברי הכל דג' מחלוקות הן בעירובין בפרק כל גגות לדברי ר' מאיר גגין רשות לעצמן ומטלטלין מזה לזה ואפילו של בעלים הרבה וחצרות רשות לעצמן לטלטל מזו לזו בלא עירוב כלים ששבתו בתוכם אבל לא מגגין לחצרות וקרפיפות רשות לעצמן ולדברי חכמים גגין וחצרות רשות אחת וקרפיפות רשות אחת ולדברי ר""ש כולן רשות אחת חוץ מן הבתים:"
272,Shabbat,260,1,יבמות,"ושמעינן ליה לרבי אליעזר דאמר - גזירה שוה שאינה מופנה משני צדדיה אלא מצד אחד למדין ממנה אם אין להשיב אבל אם יש להשיב משיבין ובמסכת יבמות בפרק מצות חליצה שמעינן ליה דאמר הכי דקתני חליצה בשמאל פסולה ורבי אליעזר מכשיר דלא יליף רגל רגל ממצורע ופרכינן ור' אליעזר לא יליף ממצורע והא תניא ר""א אומר מנין לרציעה שהיא באוזן ימנית נאמר כאן אוזן ונאמר להלן אוזן וכו' ומשנינן אזן אזן מופנה רגל רגל לא מופנה והאי לאו מופנה דקאמרינן משני צדדין קאמר דרגל דכתיב בחליצה איצטריכא לגופה אבל מצד אחד מופנה הוא דפרשת מצורע מופנה הוא ההיא דעני דכולהו כתיבין במצורע עשיר:"
273,Shabbat,276,1,ברכות,"וקי""ל - בברכות בפרק כיצד גבי ערלה וה""ה לכלאים שאף היא מצוה התלויה בארץ ואינה נוהגת מן התורה אלא בארץ:"
274,Shabbat,283,3,זבחים,נותן עליה מים עד שתכלה - ומיהו כיבוס ממש לא והואיל וסתם כרים וכסתות רכים נינהו שייך למימר בהו כיבוס בעורות רכין ומיהו שרייתן לא זהו כבוסן וכן מפורש בזבחים בפרק דם חטאת:
275,Eruvin,3,1,זבחים,"משפת קלעים ולמטה - למטה מאותן ט""ו שנעדפו מזה ומזה לפתח היו עוד חמש גובה שוה לשאר הקלעים ועליהן ניתוספו ט""ו בגובה מב' עברי הפתח דהוו להו כ' לישנא אחרינא בגובהה הוא דכתיב דגובה כל קלעי החצר סביב ט""ו אמה אבל לרוחב הפתח לא למדנו שיעור ולהך לישנא גרסינן במסקנא ההוא משפת מזבח ולמעלה שהמזבח גובהו עשר והקלעים גבוהות ממנו חמש דהוו להו ט""ו כדי שלא יהא כהן עומד עליו ועבודה בידו וכל העם רואין אותו מבחוץ ושתיהן שמעתי וזה עיקר וכן מפורש בזבחים בפרק קדשי קדשים (זבחים ד' נט:) והמפרש לשון ראשון טועה הוא שהיה סבור דמאן דפריך לילפו מפתח שער החצר אגובהה פריך למיפסל גובה יותר מה' אמות ומשום הכי אהדר לאוקומי פתח החצר בגובה כ':"
276,Eruvin,6,4,מנחות,"וזה גב המזבח - כלומר באמה קטנה זו נמדד האמה של מזבח הזהב דכתיב ביה אמה ארכו ואמה רחבו (שמות ל) ובמסכת מנחות בפרק שתי הלחם (מנחות ד' צז:) מפרש ליה להאי קרא דאמה יסוד דקאמרי בקטנה לאו ברוחב כניסת היסוד אלא בגובה עלייתו דאמר מר עלה אמה וכנס אמה זהו יסוד אבל רוחב הכניסה באמת בת ששה ואמה סובב כניסה דילה באמה קטנה ולא חמש אמות של עליית גובהה באמה קטנה כדתנן עלה חמש וכנס אמה זה הסובב וקרנות לא שנא גובהן ולא שנא רוחבן באמה קטנה: הג""ה - כאשר מפורש בקונטרס שמע רבינו מר' יעקב בר יקר ועתה חזר בו דקשיא ליה מה שתרגם יונתן אמה אמה וטפח אמתא דהיא אמתא ופשך ונמצא דבאמה גדולה מיירי ועוד אם כדברי הזקן לא הי לו לכתוב וחיק כי אם חיק האמה ופירש לנו רבינו הכי למעלה הזכיר מדות המזבח והאריאל שתים עשרה אמה ושאר מדותיו ועתה כך אמר הכתוב אלא מדות המזבח שאמרתי לך הכל נמדדו באמה שהיא אמה וטפח וחיק שהיא יסוד אינו נמדד אלא באמה שהיא אמה קטנה ולא באמה שהיא אמה וטפח ועתה דברי יונתן בן עוזיאל קיימין כך שמעתי ועיקר. ע""כ הג""ה:"
277,Eruvin,12,2,בכורות,כמלא מקדח - וכדי שינטל מן החי וימות מפרש להו בבכורות בפרק שלישי:
278,Eruvin,27,0,שבת,"הילמי - במסכת שבת בפרק שמנה שרצים [שבת דף קח:] הילמי שלמוייר""א בלע""ז:"
279,Eruvin,55,0,פסחים,"לא הוזכרו וכו' - בתוספתא דשביעית (פ""ז) היא ומייתי בגמרא דפסחים בפרק מקום שנהגו אוכלים בתאנים עד שיכלו פגי ביתוני רבי יהודה אומר כו':"
280,Eruvin,59,1,נדה,מוקף - סמוך כמו מקיפין בבועי (חולין מו:). שסומכים זו לזו ורואין אם דומות זו לזו וכמו מקפת וקורא לה שם דמסכת נדה בפרק בתרא (דף עא:):
281,Eruvin,125,0,שבת,"בטילו רשותייכו - דמבוי לגבי חד מינייכו ואף על גב דאינהו אסורים להוציא מחצרותיהם למבוי כדתנן נתנו לו רשותן הוא מותר והן אסורין אהני ליה מיהא לטלטל בכל המבוי כלים ששבתו בתוכו וכלים ששבתו בבית היחיד שבטלו רשותן אצלו דאי לאו הכי אסירי לטלטולי ביה כדאמרינן במס' שבת בפרק ר""א אומר אם לא הביא כלי (דף קל:):"
282,Eruvin,128,1,יבמות,כיומא דאיסתנא - כשמנשבת רוח צפונית יום אורה הוא ונוח לכל כדאמר ביבמות בפרק הערל (יבמות דף עב.) מפני מה לא מלו ישראל במדבר מפני שלא נשבה בהן רוח צפונית אבל ביומא דשותא אמר התם לא מהלינן ביה ולא מסוכרינן ביה:
283,Eruvin,134,0,פסחים,מה הזאה שבות ואינה דוחה שבת - ואפי' במקום מצוה כגון לשחוט פסחו כדתנן בפסחים בפרק אלו דברים (ד סה:):
284,Eruvin,155,1,ברכות,בית - שטומאת מת בתוכו ומילאוהו עפר או צרורות וביטלו מבוטל והוי טומאה רצוצה שאין לה אהל לעצמה ובוקעת ועולה עד לרקיע והמאהיל על הגג טמא וכל טומאה שאין לה אהל טפח בוקעת ועולה עד הרקיע כדאמר בברכות בפרק מי שמתו:
285,Eruvin,157,1,סוטה,"דרע""ק - במסכת סוטה בפרק כשם (דף כז.):"
286,Eruvin,168,1,שבת,"זה מוציא זיז כל שהוא - מכתלו עד לבור וממלא דרך חלונו וכן זה דכיון דמופלגת ד' לא שלטי ביה לאסור זה על זה ומשום שיהא רשות לשניהן במבוי נמי ליכא שאין דיוריהן פתוחין לחצר לצאת ולבא ברגל ואין תשמישתן בכך אלא דרך אויר ובדין הוא דזיז נמי לא ליבעי אלא משום היכר בעלמא שלא ישתמשו ברשות אחרת של שנים בלא עירוב משום הכי מתקני הכא פורתא ודכוותה אתמר במסכת שבת בפרק הזורק (שבת דף ק:) ספינה רב הונא אמר מוציא הימנה זיז כל שהוא וממלא ומוקימנן לה התם דאינו אלא היכר בעלמא דלא לייתי לטלטולי מכרמלית אחרת לרה""י וים לגבי מילוי ס""ל דלאו כרמלית היא אלא קרקעיתא אבל אוירא דמיא מקום פטור הוא דמיא כמאן דליתנהו דמו:"
287,Eruvin,204,0,סוטה,"ואידך - הרכיבו והבאתו גופה מלאכה גמורה היא דלא ס""ל להאי תנא בפסחים כר' נתן דאמר במס' שבת בפ' המצניע (שבת דף צד.) חי נושא את עצמו ובתחומין סבר לה כרבי עקיבא דאמר במס' סוטה בפרק כשם שהמים בודקין (דף כז:) תחומין דאורייתא:"
288,Eruvin,205,1,שבת,"בשיניו אין - דשבות הוא בכלי לא ואפי' בשיניו חבירו אין ואיהו לא דחבירו לא מתקן ליה שפיר והכי אמר במסכת שבת בפרק המצניע דפליגי רבי אליעזר ורבנן בנוטל צפורניו זו בזו או בשיניו שר""א מחייב חטאת וחכמים אוסרין משום שבות ואוקימנא התם דכי מחייב ר""א בנוטל לעצמו אבל לחבירו דברי הכל פטור:"
289,Eruvin,205,1,שחיטת קדשים,הוי יתור בגדים - ותניא בשחיטת קדשים בפרק שני (זבחים דף יח.) לבש שני מכנסים שני אבנטים חסר אחת או יותר אחת או שהיתה לו רטיה על בשרו תחת בגדו ועבד עבודה עבודתו פסולה ויליף לה התם מקראי בני אהרן הכהנים בכהונם כלומר בבגדי הדיוט הזקוקין להם כהן הדיוט שלבש בגדי כהן גדול ועבד עבודתו פסולה דהיינו יתור בגדים:
290,Bava Metzia,5,0,בבא מציעא,הודאת בעל דין כמאה עדים - ברייתא היא בתוספתא דבבא מציעא בפרק ראשון:
291,Bava Metzia,95,1,בבא בתרא,רבי יוסי לטעמיה דאמר - בבבא בתרא בפרק גט פשוט (בבא בתרא דף קסח.):
292,Bava Metzia,104,4,יבמות,"והערב שמש - לטומאה דאורייתא משא""כ במעשר דאמר מר טבל ועלה אוכל במעשר ומקרא ילפינן לה ביבמות בפרק הערל (יבמות דף עד:):"
293,Bava Metzia,106,0,בכורות,הרי אמרו - במסכת בכורות בפרק בתרא (ד' נא.):
294,Bava Metzia,176,0,שבת,"מכדי כל מילי איתנהו בחסימה - כלומר על כרחך שור לאו דוקא וכל שאר בהמות איתנהו בתורת חסימה דילפינן שור שור משבת בפרק שור שנגח את הפרה (ב""ק דף נד:) דגבי שבת כתיב וכל בהמתך וכיון דשור לאו דוקא למה לי דכתביה רחמנא ליכתוב לא תדוש בחסימה:"
295,Bava Metzia,179,1,סנהדרין,סבירא להו כרבי חידקא - בסנהדרין בפרק ד' מיתות (סנהדרין דף נו:): 
296,Bava Metzia,180,0,"ב""ק","רבא אמר אתנן אסרה תורה אפילו בא על אמו - ונתן לה טלה באתנן אתנן הוא ואסור לקרבן דאתנן סתמא כתיב (דברי' כנ) ל""ש אמו ול""ש פנויה ואע""ג דאי תבעה ליה בדינא קמן תן לי אתנני לא מחייבינן ליה דהא קם ליה בדרבה מיניה כי יהביה ניהלה אתנן הוא אלמא אפילו במקום מיתה נמי רמו תשלומין עליה אלא שאין כח לענשו בשתים אבל ידי שמים לא יצא עד שישלם דאי לא רמו תשלומין עליה כי יהביה ניהלה מי הוה אתנן מתנה בעלמא הוא דיהיב לה וגבי חוסם נמי תשלומין רמו עליה אלא שאין כח בב""ד לענשו שתים וכיון דרמו תשלומין עליה לא יצא ידי חובתו עד שישלם אי נמי אי תפיס לא מפקינן מיניה כך שמעתי מפי מורי הזקן ויש דוגמתו בב""ק בפרק מרובה (בבא קמא דף ע:) ושם מפורש יותר והביא לי מורי ראיה על זה:"
297,Bava Metzia,211,2,ברכות,"עד זמן דכי אתא אריסא מדברא - ונכנס לבית בזמן שהן רגילין ליכנס דהיינו לאחר תשע שעות ביום קרוב לסוף העשירית קיימא כימה שהוא זנב טלה להדי רישייהו בראש כל אדם דהיינו באמצע הרקיע שנראה לכל אדם כאילו הוא על ראשו והן הן ימי אדר לפי שבגלגל קבועין בו שנים עשר מזלות וזהו סידרן טש""ת סא""ב מע""ק גד""ד ולעולם ששה עולין וששה שוקעין בניסן לעולם בתחילת עלות השחר טלה מתחיל לעלות ומאזנים שוקע ושתי שעות המזל שוהה לעלות לאחר שתי שעות העולה גמר עלייתו והשוקע גמר שיקועו נמצא הששה עולים בשתים עשרה שעות ביום וששה בלילה כל ימי ניסן ראש טלה מתחיל לעלות ובאייר שור ובסיון תאומים וכן הסדר נמצא באדר מזל דגים מתחיל לעלות בבוקר סוף שתי שעות טלה מתחיל לעלות ולסוף ארבע גמר עלייתו ושור עולה לסוף שש גמר שור עלייתו ומתחיל תאומים לסוף שמנה גמר תאומים ומתחיל סרטן ונמצא ראש טלה באמצע שהרי עברו שש שעות משהתחיל ובשש שעות ראשו מגיע לאמצע שהרי מתחילת עליית המזל עד תחילת שיקועו שנים עשר שעות נמצא שמשעה שמתחיל לעלות עד שש שעות מגיע לאמצע הרקיע ולסוף שמנה שעות משעלה הוי זנבו באמצע הרקיע נמצא באדר זנב טלה בסוף שעה עשירית באמצע הרקיע הוא והכי אמרינן במסכת ברכות בפרק הרואה (ברכות דף נח:) שכימה בזנב טלה הוא:
"
298,Bava Metzia,218,0,כתובות,לאו מי אוקימנא - בכתובות בפרק האשה שנפלו לה נכסים (דף עט:):
299,Chagigah,8,1,"ע""ז","זיבורא ועקרבא - נקיט הכי משום דאמרינן במסכת ע""ז בפרק אין מעמידין (עבודה זרה דף כח:) חמימי לעקרבא וקרירי לזיבורא וחילופא סכנתא הלכך היכא דנכתיה זיבורא ועקרבא נעשות צרות זו לזו דלית ליה תקנתא לא בקרירי דקשה לעקרב ולא בחמימי דקשה לזיבורא:"
300,Chagigah,10,0,שבת,"ישנה לפני הדיבור - קודם מתן תורה הקריבו שלמים בסיני דכתיב וישלח את נערי בני ישראל (שמות כד) ואע""ג דהאי קרא כתיב בואלה המשפטים לאחר עשרת הדברות קודם עשרת הדברות הוה ואין מוקדם ומאוחר בתורה והכי תניא במסכת שבת בפרק ר' עקיבא (שבת דף פח.) רבי יוסי אומר בשני עלה וירד בשלישי עלה וירד ברביעי ירד ושוב לא עלה בחמישי בנה מזבח והקריב עליו קרבן בששי ניתנה תורה ואין אתה מוצא בנתינת התורה בנין מזבח אלא באותו שנאמר וישלח את נערי בני ישראל וגו' ולקמן פריך התם נמי עולה הואי:"
301,Chagigah,16,0,פסחים,הניחא למאן דאמר כו' - פלוגתא היא במסכת פסחים בפרק מי שהיה טמא (פסחים דף צג.):
302,Chagigah,31,0,שבת,"שמע מינה - מדרבי יוחנן דאוקי טעמא משום שבות צדדין אסורין ואע""ג דגבי שבות רכיבה אמרינן. הוא הדין לכל שימוש ואפילו במקום שאינו עשוי להשתמש כגון צידי הבהמה והוא הדין צידי האילן ופליגי אמוראי בהא מילתא במסכת שבת בפרק בתרא (דף קנד:):"
303,Keritot,5,1,זבחים,שוחט ומעלה איכא ב' כריתות באחרי מות וחד לאו בראה אנכי השמר לך פן תעלה עולותיך בכל מקום [וכו' וכל מקום] שנאמר השמר פן ואל אינו אלא לא תעשה אבל בשחיטה ליכא לאו בהדיא דהאי דכתיב בפרשת (ויקרא י״ז:ז׳) ולא יזבחו עוד את זבחיהם וגו' מוקים ליה בזבחים בפרק השוחט והמעלה (זבחים דף קו.) בזובח בהמה למרקוליס:
304,Keritot,6,0,"ב""ק","ויליף שור שור משבת - למען ינוח שורך (שמות כ״ג:י״ב) מה התם חיה ועוף כיוצא בו דהכי מוקמינן בב""ק בפרק שור שנגח את הפרה (בבא קמא דף נד: ע""ש):"
305,Keritot,10,1,שקלים,"והיו בהן דברים הראויין לקרבן ציבור - דקיי""ל המקדיש נכסיו ויש בהן דבר הראוי למזבח אינו יוצא מידי מזבח לעולם הראוי ליחיד מוכרין אותו ליחיד הצריך קרבן והראוי לציבור א""א להקריבו דבעי לקנותו מתרומת הקופות הילכך נותנין אותה לאומנין בשכרן ובגמרא מפרש באומני בית אבטינס שהיו נוטלין קטרת במס' שקלים בפרק התרומה מה היו עושין (פ""ד ה""ד):"
306,Keritot,11,1,מנחות,דיבור רע ליין - במסכת מנחות בפרק כל הקרבנות (דף פז.) זרק הגיד של שמרים הגזבר הקיש שהגזבר מקיש בקנה למוציא היין ורומז לו ובלא דבור שרע הוא לנסכים ולא היה מדבר בפיו שהדבור רע ליין:
307,Keritot,13,1,פסחים,"אלא כרת במברך את השם מנא להו - במברך את השם כתיב איש כי יקלל אלהיו ונשא חטאו (ויקרא כ״ד:ט״ו) ונאמר בפסח (במדבר ט׳:י״ג) חטאו ישא האיש ההוא מה להלן כרת אף כאן כרת והכי נמי איכא דדריש ליה בפסחים בפרק מי שהיה טמא (פסחים דף צג:) ודרשי הכי וחדל לעשות הפסח ראשון דהא קרבן ה' לא הקריב במועדו חטאו ישא ולא נאמר כרת דמגדף במקום קרבן ולא גמרינן ליה אלא מכרת דפסח שאינה בת חטאת דמצות עשה היא. ור""ע אית ליה כרת בשני ומוקי לחטאו ישא בפסח שני וגמר לה ממגדף וסבר מגדף היינו מברך את השם ובפסחים (שם) נמי איכא דדריש ליה הכי:"
308,Keritot,13,0,נדה,מתני' כמין בהמה חיה ועוף - מפרש טעמא במסכת נדה בפרק המפלת (נדה כב:) הואיל ונאמרה בו יצירה כאדם:
309,Keritot,15,3,"ב""ק","כבימים - אם ראה ג' ימים רצופין כדמפרש בב""ק בפרק ב' (דף כד.) זבה לא מטמאה אלא בימים:"
310,Keritot,19,0,יבמות,כל העריות כולן עשה בהן מערה כגומר - במסכת יבמות בפרק הבא על יבמתו (יבמות דף נג:):
311,Keritot,23,0,עירובין,אכל אוכלין טמאין - נפסל גופו מן התרומה אם אכל חצי פרס כדאמרינן בעירובין בפרק כיצד משתתפין (שם) וחצי חציה לפסול את הגויה:
312,Keritot,24,0,שבת,וכי תימא לא איתכשר - האי חלב ולאו טמא הוא דחלב אין בו תורת משקה דמשקה הבא לאוכל כאוכל דמי במסכת שבת בפרק חבית שנשברה (דף קמד:) הלכך בעי הכשר:
313,Keritot,25,0,נדה,רוקו בכל שהוא - דכתיב (ויקרא ט״ו:ח׳) וכי ירוק הזב בטהור וגו' וזובו ומי רגליו ילפינן מרוקו במסכת נדה בפרק דם הנדה (נדה דף נה.):
314,Keritot,29,0,מנחות,לפני זריקת דמים - שייכא מעילה אבל נזרק הדם דהיתה לה שעת היתר לכהנים שוב אין בו מעילה וכן מפורש במנחות בפרק התכלת (מנחות דף מז:):
315,Keritot,33,0,נדה,נמצא על שלו - במסכת נדה בפרק כל היד (נדה דף יד.) דרך בנות ישראל משמשות בשני עדים שני סדינים לקנח אחד לו ואחד לה נמצא על שלו ודאי בשעת תשמיש היה ובועל נדה בשוגג הוה וחייבים שתי חטאות:
316,Keritot,37,0,בבא קמא,מקלקל בחבורה חייב - דהכי אמרינן בבבא קמא בפרק המניח את הכד (דף לד:) כל המקלקלין פטורין חוץ מחובל ומבעיר:
317,Keritot,41,0,"ב""ק","חיה ועוף כיוצא בהן - בב""ק בפרק שור שנגח את הפרה (בבא קמא דף נד:) אחד השור ואחד כל בהמה לנפילת הבור כו' ולכלאים ולשבת וכן חיה ועוף כיוצא בהן:"
318,Keritot,43,0,שחיטת קדשים,<b>ורבי עקיבא אין היקש למחצה </b>לא גרסינן לה דלאו היינו היקש למחצה ובשחיטת קדשים בפרק איזהו מקומן (זבחים דף מח.) איתא לכולה הא שמעתא ולא גרסינן להא אלא הכי גרסינן <b>ורבי עקיבא אשם בכסף שקלים מנא ליה כו'</b> - הילכך על כרחיך הקישא לאפוקי מגזירה שוה אתא למיהוי גזירה שוה למחצה דאי לאו להכי אתא היקישא למאי תדרוש ליה:
319,Keritot,45,1,בכורות,"דקסבר ולדות קדשים בהוייתן הן קדושין - והויה לישנא דקרא דאיתרבי מיניה ולדות קדשים דגרסינן בבכורות בפרק ב' (דף יד:) רק קדשיך אלו התמורות אשר יהיה לך אלו הוולדות וההיא דרשא דגבי טומאת הגוף דלעיל אשר לה' לרבות האימורים לית ליה ומוקי ליה לדרשא אחרינא בת""כ לרבות את הלן ואת היוצא:"
320,Keritot,47,0,פסחים,"(אלא) אשם ודאי - מסתמא לא אקדשיה אי הוה ידע דלא צריך ליה הילכך הקדש טעות הוא אבל אשם תלוי הא ספק הוא ליה והוה סבור דשמא לא חטא ואפ""ה אקדשיה הילכך גלי אדעתיה דלבו נוקפו וגמר והקדישו ולא הוי חולין שנשחטו בעזרה אלא כשאר קדשים שאירע בהן פסול ובשרפה כדאמרינן בפסחים בפרק כל שעה (פסחים דף כד.):"
321,Keritot,47,0,"ב""ק","כל העומד ליזרק כזרוק דמי - בב""ק בפרק מרובה (בבא קמא דף עו:):"
322,Keritot,50,0,נדה,יולדת חוטאת היא - במסכת נדה בפרק המפלת (נדה דף לא:) בשעה שהיא כורעת לילד נשבעת שלא תזקק לבעלה:
323,Keritot,50,0,נזיר,ספק מצורע - מפרש במסכת נזיר בפרק שני נזירים (נזיר דף ס.) דמייתי קרבן וכן נזיר שנטמא בספק. ספק מצורע כגון ספק קדם שער לבן לבהרת וטהור ספק בהרת ללבן וטמא:
324,Keritot,50,0,ערכין,על ז' דברים - בערכין בפרק יש בערכין (ערכין דף טז.):
325,Keritot,50,1,נזיר,לא נייתי - חטאת העוף הבא על הספק דאמרינן במסכת נזיר בפרק שני נזירים דמייתי:
326,Keritot,52,0,מנחות,ועל הדא אמרה - במסכת מנחות בפרק התודה (מנחות דף עט:):
