,Masechet,Daf,Line,Number,Comment
0,Bava Kamma,30,3,בפרק שני,ושור המזיק כו' מחלוקת רבי טרפון ורבנן - בפרק שני והאדם:
10,Bava Kamma,186,0,בפרק ראשון,אין שמין - בפרק ראשון (דף יא.) גבי בעלים מטפלין בנבילה אמר שמואל דלנזקין הוא דשמין את הנבילה לניזק ומוסיף עליה מזיק עד שמשלים לו נזקו אבל גנב וגזלן שנטלו בהמה ומתה או כחשה אין שמין את הנבילה אלא שלהם תהא והם ישלמו בהמה מעליא אלמא שינוי קני:
12,Sanhedrin,3,2,בפרק ג',הודאות והלואות - שניהן על עסקי מלוה הן הודאות שבא לדון בעדי הודאה שמביא עדים שאומרים בפנינו הודה לו הלואות שבא לדון בעדי הלואה שמעידין בפנינו הלוהו והלה כופר בשתיהן וכי האי לישנא טובא איכא בהך מכילתא הודאה אחר הודאה הלואה אחר הלואה מצטרפין בפרק ג' (לקמן סנהדרין דף ל.) גבי עדים זוממין ואית דמפרשי הודאות שמודה במקצת הלוואות שכופר הכל וראשון עיקר דמכדי שניהן על עסקי מלוה הם כדאוקימנא טעמא לקמן משום נעילת דלת בפני לוין מאי שנא דהא קרי הלוואה והא לא קרי הלוואה הודאות וכפירות איבעי ליה למיתני:
13,Sanhedrin,61,0,בפרק קמא,דיני קנסות - אלהים כתיב בהן (שמות כב) ובעינן סמוכין ובבבל אין סמיכה כדאמרינן בפרק קמא (דף יד.):
14,Sanhedrin,62,0,בפרק קמא,דיני ממונות בשלשה - הא ילפינן בפרק קמא (דף ב:):
15,Sanhedrin,62,1,בפרק קמא,"ודיני נפשות מטין ע""פ אחד לזכות - שנים עשר מזכים ואחד עשר מחייבים זכאי אבל לחובה אין מטין אחר הרוב אלא אם כן רבו המחייבין על המזכין שנים כדאמרינן בפרק קמא (דף ב.) לא תהיה אחרי רבים לרעות ובדיני ממונות ליכא לאוקמה כדאמר לקמן (סנהדרין דף לו:) לא תטה משפט אביונך אבל אתה מטה משפט שור הנסקל וכל שכן שאר דיני ממונות:"
16,Sanhedrin,104,0,בפרק בתרא,הבא על האם - בשוגג חייב עליה שתי חטאות דבכולהו עריות כתיב בהו כרת וכתיב בהו חלוק חטאות ואפילו בגוף אחד כדאמרינן בפרק בתרא דמסכת מכות (דף יד.) לחייבו על אחותו שתים שהיא אחותו מאביו ואחותו מאמו והכא נמי כתיב בהו חלוק לרבנן כדמפרש בגמרא:
17,Sanhedrin,104,0,בפרק שלישי,חייבי כריתות - שאסורין עליו באיסור כרת דקיימא לן בקדושין בפרק שלישי (דף סז.) דלא תפסי בהו קדושין:
20,Sanhedrin,109,4,בפרק בתרא,בא עליה אחד מן הפסולין - כגון עובד כוכבים או חלל או נתין וממזר פסלה מן התרומה דהא ביאתה ביאה וביבמות (דף סח.) ובקדושין בפרק בתרא (דף סט:) ילפי לה מהאי קרא ובת כהן כי תהיה לאיש זר וגו' כיון שנבעלה לפסול לה פסלה עולמית מהתם יליף לה שפיר ולוויה וישראלית מרבו מרבויא דבת ובת:
22,Sanhedrin,150,0,בפרק ד',רבא אמר בשלמא התם - גבי בת כהן בנשואה או בארוסה משתעי קרא כדילפינן בפרק ד' מיתות כי אפיקתיה לבועל מדינא דבת כהן:
23,Sanhedrin,174,1,בפרק קמא,י' כהנים - כדמפרש בפרק קמא י' כהנים כתובין בפרשה אם נפדית בפחות מעשרה בני אדם עדיין הקדש היא ומועלין בה ולרבנן אין מועלין בה:
24,Bava Batra,2,3,בפרק שני,"אומר לו - לבעל הכרם גדור אתה שלא יאסרו גפניך את תבואת השדה משום כלאים לפי שסמך בעל השדה את זרעיו סמוך לגדר כדתנן בפרק שני (דף כו.) היה גדר בינתים זה סומך לגדר מכאן את אילנותיו וזה סומך לגדר את זרעיו מכאן וכשאין שם גדר תנן בפ' שני לא יטע אדם אילן סמוך לשדה חבירו אא""כ הרחיק ממנו ד' אמות כדי עבודת הכרם דבהכי הוי כלאים:"
25,Bava Batra,42,0,בפרק אחרון,דלא הוו בסיומא - יש אומרים שלא היו בעצה כשנעשה רב נחמן ריש כלה ויש אומרים דלא הוו בסיומא דפירקא דרבא דדריש בשבת הרגל הלכות האמורות בפרק אחרון של בכורות:
27,Avodah Zarah,28,2,בפרק בתרא,"מחמר לא שייך למימר אלא בבהמה הטעונה משאוי ופעמים שנותן עליה משא לנסותה אם הולכת יפה וה""ל מחמר בשבת ואיכא למ""ד בפרק בתרא במסכת שבת (דף קנד.) דחייב חטאת והתם פלוגתא:"
29,Avodah Zarah,53,0,בפרק קמא,יעקב איש כפר סכניא - כדאמרן בפרק קמא (דף יז.):
30,Avodah Zarah,88,1,בפרק בתרא,"ומה שעליהן - כגון אם ציפום זהב וכסף אסור שנאמר לא תחמוד כסף וזהב עליהם ולקחת לך ואע""ג דאינהו לאו עבודת כוכבים מקרו ולא מתסרי גזירת הכתוב היא (שהרים וגבעות שהן קרקע עולם אין בהן כח לאסרן אבל עבודת כוכבים מיהא הוי) דתלוש שעליהם כתלוש של שאר עבודת כוכבים שנאמר לא תחמוד עליהם על כל שהן נעבדין משמע ועל כרחנו אנו צריכין לפרש דלאו עבודת כוכבים מיקרו דאמרינן בהשוחט (חולין דף מ.) הא דאמר להר והא דאמר לגדא דהר שהשוחט לשם הר לא מיקרי זבחי מתים והא דתניא לקמן ועובדיהם בסייף משום האי טעמא הוא דאע""ג דלאו עבודת כוכבים נינהו לענין איתסורי עובדיהם מיהא לשם עבודת כוכבים עבדי להו ולעבודת כוכבים מיכווני חייב דהוא דומיא דמחובר (בפרק בתרא (דף נד)):"
31,Avodah Zarah,99,1,בפרק ד',"שבר מקל בפניה חייב - כדאמרינן בפרק ד' מיתות (סנהדרין דף ס:) דכל עבודות שבפנים שעבד בהן עבודת כוכבים בין דרכה בכך בין שאין דרכה בכך חייב דכתיב זובח לאלהים וגו' אלא מידי דחזי לשם אסור לכל עבודת כוכבים ודבר שאינו כעין פנים דרכה בכך חייב דנפקא לן מאיכה יעבדו הגוים האלה וגו' אין דרכה בכך פטור וזו אם לא היו עובדין אותה במקל לא מחייב בשבר מקל דלא שייכא בפנים ואם היו עובדין אותה בזריקת מקל לא מצי למידק זרק מקל בפניה פטור ואם בשבירת מקל פלחי לה פשיטא דחייב ואפי' לא דמי לפנים אלא כגון שהיו עובדין אותה בקשקוש מקל או בענין אחר הלכך שבר מקל בפניה חייב ואע""פ שאין עבודתה בכך דכיון דדמי שבירה לזביחת בהמה של פנים ששובר מפרקתה הרי זבח לפניה דבר שרגילה בו אבל זרק פטור הואיל ואין עבודתה בכך והא לא דמיא לעבודת פנים כדמפרש לקמן:"
32,Makkot,3,1,בפרק ג',לאו שאין בו מעשה אין לוקין עליו - לקמן יליף לה בפרק ג' (דף יג.):
33,Makkot,15,0,בפרק קמא,חיותיה הוא - ואף זו מצוה על האב ללמדו דילפינן לה מקרא בפרק קמא דקדושין (דף ל:) דכתיב ראה חיים עם אשה אשר אהבת הקיש אומנות שהוא חיותו לאשה כשם שאביו חייב להשיאו אשה כדכתיב וקחו לבניכם נשים כך חייב ללמדו אומנות:
35,Yevamot,15,0,בפרק ד',לכדר' שמעון - בפרק ד' אחים (לקמן יבמות דף כח:) ג' אחין שנים מהם נשואין שתי אחיות או אשה ובתה ומתו ונפלו לפני השלישי הרי אלו חולצות ולא מתייבמו' לפי ששתיהן זקוקות לו מקדושי שני אחיו וזיקה הוי כקצת קדושין ואי מייבם חדא מנייהו קנסיב אחות זקוקתו בחייה וזקוקתו הויא כאשתו אבל חליצה בעיא דלא אלים למיהוי כאחות אשה ממש להפטר בלא כלום ותניא בברייתא רבי שמעון פוטר בשתיהן מן החליצה ומן הייבום ויליף טעמא מלצרור בשעה שנעשו צרות זו לזו כגון הכא דנעשו האחיות צרות זו לזו בזיקה לא יהא לך ליקוחין אפילו באחת מהן:
36,Yevamot,17,0,בפרק ד',"והאמר רב יהודה אמר רב - בפרק ד' אחין דתנן ד' אחין שנים נשאו שתי אחיות ומתו הנשואין את האחיות הרי אלו חולצות ולא מתייבמות לפי ששתיהן זקוקות לזה ושתיהן זקוקות לזה ואי נסיב האי קא פגע באחות זקוקתו ודמיא לאחות אשה בחייה וקתני התם היתה אחת מהן אסורה על האחד איסור ערוה כגון שהיתה חמותו או כלתו אסור בה ומותר באחותה דלאו אחות זקוקתו היא משום דהך ערוה היא ולא זקוקה ליה דרחמנא פטרה מיניה מדרשת עליה עליה והשני אסור בשתיהן היתה השניה אסורה על השני איסור ערוה כגון שהיתה חמותו האסורה לזה מותרת לזה כגון רחל ולאה שתי אחיות ונפלו לפני לוי ויהודה רחל חמותו של לוי ולאה חמותו של יהודה רחל אסורה ללוי ומותרת ליהודה דלאו אחות זקוקתו היא דלאה לא זקוקה ליה דהא חמותו היא ולאה אסורה ליהודה ומותרת ללוי ואינה אחות זקוקתו דרחל לא זקוקה ליה דהא חמותו היא וקתני התם זו היא שאמרו אחותה כשהיא יבמתה או חולצת או מתייבמת שתי אחיות שהן יבמות זו לזו שנשאו לשני אחין ונפלו לפני שני אחים או חולצות או מתייבמות ראויות לחליצה או לייבום וכגון שהיתה כל אחת אסורה על האחד איסור ערוה כדפרישית וקאמר רב יהודה בכולן ט""ו עריות אני קורא בהם משנה זו האסורה לזה מותרת לזה כו' כלומר אפשר להתקיים ומשכחת בכולן שיהו ב' אחיות נופלות לפני ב' אחים וזו אסורה לזה משום בתו וזו אסורה לזה משום בתו וכן בת בתו וכן כולן ותהא האסורה לזה מותרת לזה והאסורה לזה מותרת לזה ויתייבמו שתיהן אע""פ שהן שתי אחיות ולא אמרינן אחות זקוקתו היא. בתו לא משכחת לה אלא בתו מאנוסתו שאי אפשר לבתו של ראובן ובתו של שמעון להיות אחיות מן האם שהרי אשת ראובן שילדה לו בת וגירשה לא נישאת שוב לשמעון שגרושת אחיו היא אלא הכי משכחת לה ראובן אנס אשה וילדה לו בת וחזר שמעון ואנס את אנוסת אחיו שמותרת לו דלא אסרה תורה אלא אשת אח על ידי קידושין וחזרה וילדה לו בת לשמעון הרי בת ראובן ובת שמעון אחיות מן האם ונישאו ללוי ויהודה אחי אביהן ומתו ונפלו לפני ראובן ושמעון בת שמעון מתייבמת לראובן דלאו אחות זקוקתו היא ובת ראובן לשמעון. וכן בת בתו של ראובן ובת בתו של שמעון שהיו אחיות מן האב ונישאו ללוי ויהודה. וכן בת בנו של ראובן [וכן בת בנו של] שמעון שהיו אחיות מן האם. וכן בת אשתו של ראובן ובת אשתו של שמעון שהיו אחיות מן האב כגון נחשון שנשא ב' נשים וילדו לו ב' בנות ומת נחשון ונישאו ב' נשיו לראובן ושמעון וב' בנותיו ללוי ויהודה ומתו לוי ויהודה בת אשת שמעון תתייבם לראובן ואחותה לשמעון. וכן בת בתה של אשת ראובן ובת בתה של אשת שמעון שהיו אחיות מן האב וכן בת בנה של אשת זה ושל אשת זה שהיו אחיות מן האם וכן חמותו של ראובן וחמותו של שמעון שהיו אחיות וכן אם חמותו וכן אם חמיו. וכן אחותו של ראובן מאמו ואחות שמעון מאמו היו אחיות מן האב ונפלו לפניהם מלוי ויהודה כגון ראובן ולוי בני יעקב מרחל היו ולה בת מנחשון וכן שמעון ויהודה בני יעקב מבלהה וגם לה היה בת מנחשון ונשא לוי בת בלהה מנחשון ויהודה נשא בת רחל מנחשון והן שתי אחיות ומתו לוי ויהודה ונפלו לפני ראובן ושמעון בת בלהה אשת לוי אחות שמעון מאמו ואסורה לו מתייבמת לראובן ובת רחל אשת יהודה אחות ראובן מאמו [אסורה לו] ומותרת לשמעון. וכן אחות אמו של ראובן ואחות אמו של שמעון היו אחיות מן האב כגון כלב שנשא שתי נשים חלאה ונערה (דברי הימים א ד׳:ה׳-ו׳) וילדו לו שתי בנות ומת ונשא יחצאל לאחר מיתתו את שתי נשיו וילדו לו שתי בנות ונשא יעקב את שתי בנות יחצאל זו לאחר מיתת אחותה וילדה לו בת חלאה מיחצאל את ראובן ובת נערה מיחצאל את שמעון ולוי בן יעקב מאשה אחרת נשא את בת כלב מחלאה שהיא אחות אמו של ראובן מן האם ויהודה נשא את בת כלב מנערה שהיא אחות אמו של שמעון מן האם ומתו לוי ויהודה אשת לוי אחות אם ראובן מותרת לשמעון שהיא בת כלב מחלאה ואם שמעון היתה בת יחצאל מנערה ואשת יהודה אחות אם שמעון מותרת לראובן. וכן אשת אחיו מאמו כגון יעקב שנשא בלהה ולה נפתלי מאיש אחר והוליד ממנה ראובן ולוי ועוד נשא זלפה ולה יששכר מאיש אחר וילדה ליעקב שמעון ויהודה ונשאו נפתלי ויששכר שתי אחיות ומתו ועמד לוי ונשא אשת יששכר בן זלפה שלא היה קרוב לו ויהודה נשא אשת נפתלי בן בלהה שהרי נכרית אצלו ומתו בלא בנים ונפלו לפני ראובן ושמעון אשת לוי אסורה לשמעון מפני יששכר בעלה שהיה אחיו מאמו ומותרת לראובן ואשת יהודה אסורה לראובן מפני נפתלי בעלה הראשון שהיה אחיו מאמו ומותרת לשמעון. וכן אחות אשתו [כגון] נפתלי שהיו לו שתי נשים עדה וצלה וילדה לו עדה את דינה וצלה ילדה את נעמה ומת ונישאו נשיו לאחר וילדו שתי בנות ונשאו ראובן ושמעון את הבנות האחרונות ראובן נשא את בת עדה ושמעון בת צלה ולוי ויהודה נשאו את שתי בנות נפתלי לוי דינה בת עדה ויהודה נעמה בת צלה ומתו בלא בנים ונפלו אחיות הללו לפני ראובן ושמעון ונמצאת אשת לוי אחות אשתו של ראובן מותרת לשמעון ואשת יהודה אחות אשתו של שמעון מותרת לראובן:"
37,Yevamot,27,1,בפרק ד',ובאחיות - בפרק ד' אחין (לקמן יבמות כו.):
38,Yevamot,45,0,בפרק ד',"הכי השתא - התם זקוקות שתיהן להן אי למ""ד בפרק ד' אחין טעמא דאין מתייבמת אפילו אחת מהן משום דיש זיקה דמרישא מיתסרא משום דקפגע באחות זקוקה וכי חליץ (מייבם) חד לחדא ופקע זיקה לא משתריא אחותה לאידך דכל יבמה שנאסרה שעה אחת על יבמה אפילו לאחר נפילה הרי היא כאשת אח שיש לה בנים ואסורה לעולם:"
39,Yevamot,58,1,בפרק ראשון,וזהו שאמרו - בפרק ראשון נתגרשו העריות צרותיהן מותרות:
40,Yevamot,61,1,בפרק שני,מייבם לאיזו שירצה - כדקתני טעמא בפרק שני בברייתא אם מאמרו של שני מאמר אשת שני הוא בועל ואם אינו מאמר אשת ראשון הוא בועל:
41,Yevamot,79,0,בפרק קמא,דר' יוחנן - בפרק קמא (לעיל יבמות י:):
42,Yevamot,102,0,בפרק ד',הואיל דאמר מר - בפרק ד' אחין (לעיל יבמות דף כט:):
43,Yevamot,115,2,בפרק ד',"וב""ש היא דאמרי - בפרק ד' אחין (לעיל יבמות דף כט:) מאמר קונה קנין גמור ליעשות ארוסה גמורה והפריח את זיקת היבום ותו לא מקניא ליה בביאת מזיד אלא במסירת חופה כאשה בעלמא כדאמרינן בד' אחין (שם) ומשום הכי קרי לה שומרת יבם אפילו לאחר ביאה דאי לב""ה לא אלים מאמר להפריח זיקת יבמין וליחול זיקת אירוסין ונישואין והוי קני לה בביאת זנות לגמרי:"
46,Yevamot,162,0,בפרק בתרא,והא רבה הוא דאמר - בפרק בתרא (דף קיט.):
47,Yevamot,172,0,בפרק ד',"כרבי עקיבא דדריש ווי - בפרק ד' מיתות (סנהדרין נא:) א""ל ר""ע ישמעאל אחי בת ובת אני דורש:
"
48,Yevamot,213,0,בפרק קמא,כל שיכולה למאן - בפרק קמא (לעיל יבמות ב:) בתו קטנה הנשואה לאחיו ולא קיבל אביה קידושין כגון שהשיאה אביה תחלה לאחר ונתגרשה והיא יתומה בחיי האב ויכולה למאן ולא מיאנה בו ומת צרתה חולצת שאינה צרת הבת להפטר משום צרת ערוה הואיל והבת יכולה למאן אינן נישואין גמורין ולא מתייבמת הואיל ולא מיאנה הבת הויא לה הך צרת ערוה במקצת:
50,Kiddushin,2,0,בפרק שני,"ומאי שנא התם - בפרק שני (לקמן קידושין דף מא ע""א) דתנא ""האיש מקדש בו ובשלוחו"", ניתני הכא: האשה מתקדשת."
53,Kiddushin,118,1,בפרק ד',ומשני אם אתה מצריכה חליצה אתו נמי ליבומה - דאמר מדאצרכוה חליצה קים להו לרבנן דלאו גיטא הוא ואתו לייבומי גרושה והיא בכרת ופרכינן הכא נמי במהיום ולאחר מיתה ניחוש דלמא אתי ליבומה שאם אתה אומר חולצת מתייבמת ומשני תתייבם ואין בכך כלום דגיטא דשייר ביה לאו גיטא הוא כלל והא דקתני לא מתייבמת חששא דרבנן היא דגזרו אטו מהיום אם מתי אחזקה דיבם מוקמינן לה לא שייך למיתני הכא אלא ביבמות גבי מילתא אחריתי דמשום ספיקא בפרק ד' אחין (יבמות לא.) אבל הכא דאפילו ספיקא ליכא לא בעי חזקה דהא ודאי יבמה היא:
54,Kiddushin,126,1,בפרק בתרא,"להשיאה לחלל - לנולד מאלמנה לכ""ג דאמר לקמן בפרק בתרא (קידושין דף עד:) עמוני ומואבי כותי נתין חלל וממזר מצרי ואדומי שבאו על כהנת לוייה וישראלית פסלוה:"
55,Kiddushin,132,0,בפרק בתרא,גמ' גר שנשא ממזרת דיש קידושין ואין עבירה - דגר מותר בממזרת לר' יוסי דאמר קהל גרים לא מקרי קהל לקמן בפרק בתרא (קידושין דף עג.):
56,Kiddushin,136,2,בפרק קמא,מאי ניהו - מאי הוה אמר ליה איסורא לא היה מינסיב עצה למיעבד ומשני דמינסיב לו עצה ואמר ליה זיל גנוב ותיזדבן לעבד עברי ותהא שפחה מותרת לך דמכרוהו בית דין רבו מוסר לו שפחה כנענית ולא מוכר עצמו ולהכי נקט זיל גנוב והוא הדין נמי מצי לאקשויי מי שרי לאנסובי עצה למיגנב אלא מקשיא אחרת סלקיה דאי הוה מקשי ליה הא הוה מצי ליה לשנויי אלא דאמר ליה מכור עצמך לעבד עברי וכרבי אליעזר דאמר בפרק קמא (לעיל קידושין דף יד:) זה וזה רבו מוסר לו שפחה כנענית:
57,Niddah,22,0,בפרק שני,וזהו עדן של צנועות - כלומר מדת חסידות שנו כאן ולאו חיובא הוא דאמרינן בפרק שני (שם.) הצנועות מתקנות להן שלישי לתקן את הבית. זהו עדן אלפני תשמיש קאי:
60,Niddah,106,0,בפרק אחרון,"ותשמש בתשסר - דקיימא לן בפרק אחרון (לקמן נדה עב:) יום אחד עשר לימי זיבה לא בעי שימור יום כנגדו וזו למה משמרת י""ט בשביל י""ח שהוא סוף זיבה:"
61,Niddah,119,0,בפרק קמא,עוברה - דמיה מסולקין וכן מניקה וזקנה. בתולה האי בתולה בתולת דמים שלא ראתה מימיה ואפילו היא נשואה קרי לה בתולה להכי כדאמרינן בפרק קמא (לעיל נדה דף ח:):
65,Pesachim,42,0,בפרק שני,חולין שנשחטו בעזרה - דאסירי בהנאה לאו דאורייתא בפרק שני דקדושין (דף נח.) איפליגו בה:
66,Pesachim,53,2,בפרק קמא,שאם לא מצא עצים ישב ויבטל - בתמיה ואף על גב דאמרי' בפרק קמא (דף יב:) לרבי יהודה אבל בשעת ביעורו השבתתו בכל דבר גבי פלוגתייהו מיהא קולא היא במי שהוא רוצה לצאת בשיירא או בתוך שלשים דאמרינן זקוק לבער וכשאין עצים לשורפו יהא יושב ובטל ולא יבערנו:
69,Pesachim,55,2,בפרק בתרא,כתיב בהאי - ערל ובן נכר וכתיב טמא ושהיה בדרך רחוקה דליכול מצות ואף על גב דמצי יליף מיניה הלכך איצטריך היקישא לקובעו חובה ומקראי אחריני טובא כגון שבעת ימים מצות תאכלו וכגון מצות יאכל את שבעת הימים לא נפקא ליה קביעות חובה דהנהו לאו חובה נינהו אלא מצות יאכל ולא חמץ ואם רצה ליזון שלא מחמץ ושלא ממצה הרשות בידו ותדע דהא בכולהו כתיב את שבעת הימים וחובת מצה אינו אלא לילה הראשון כדילפינן בפרק בתרא אבל מההוא קרא נפקא לן חובת לילה הראשון מדכתיב להיקישא גבי פסח וכדכתיב תאכל עליו מצות כי פסח לילה הראשון אף היקישא שלא בזמן פסח ללילה ראשונה ואהני היקישא לקובעו חובה בזמן הזה ואהני עליו למימרא דקביעת חובה דהיקישא לאו לכל שבעה אלא ללילה הראשון:
72,Pesachim,67,3,בפרק קמא,"ה""ג אלא אי אמרת פסול הגוף הוי אמאי הורצה - ולא גרסינן פסול הגוף מי קא מרצי ציץ דהא פסול יוצא נמי לא מרצי ציץ כדאמרינן בפרק קמא (דף טז:) הא אינו נושא אלא עון טומאה:"
73,Pesachim,73,0,בפרק שני,לדברי רבי מאיר - דאמר בפרק שני דקדושין (דף נד:) מעשר ממון גבוה הוא פטורה מן החלה כדמפרש דעריסותיכם כתיב ולא של גבוה:
75,Pesachim,77,0,בפרק בתרא,כעין דאורייתא תקון - ואין לו היתר במושבות ומרור איתקש למצה מה מצה בעינן נאכלת בכל מושבות אף מרור נמי בעינן יש לו היתר. לישנא אחרינא מצה בזמן הזה דאורייתא ומרור מדרבנן בפרק בתרא (דף קטו.) וזה שמעתי וקשיא לי בזמן הזה מי מסקי מעשר שני לירושלים ואי למאן דאמר קדושה ראשונה קידשה לשעתה וקידשה לעתיד לבוא בהדיא איבעי ליה לפרושי בזמן הזה:
76,Pesachim,89,2,בפרק קמא,ונשרפת עם הטמאה בפסח - אם תרומה טהורה היא דכיון דלא חזיא לאדם מותר לטמאה בידים ואפילו לר' יוסי דאמר בפרק קמא (דף יד.) זו לעצמה וזו לעצמה:
77,Pesachim,98,1,בפרק בתרא,שלא לעשות - כדי שלא יהא טרוד במלאכה וישכח ביעור חמצו ושחיטת הפסח ותקון מצה לצורך הלילה דמצוה לטרוח מבעוד יום כדי להסב מהר כדאמר בפרק בתרא (דף קט:) חוטפין מצה בלילי פסחים בשביל תינוקות שלא ישנו:
82,Pesachim,138,0,בפרק בתרא,הלילה הזה כולו צלי - מתני' היא בפרק בתרא כולו צלי ואפי' החגיגה:
83,Pesachim,140,0,בפרק בתרא,ר' אליעזר בן עזריה - בפרק בתרא (דף קכ:) דאמר מדאורייתא אכילת פסח עד חצות ותו לא:
85,Pesachim,151,1,בפרק קמא,תשלומין כל שבעה - כדנפקא לן בפרק קמא דמסכת חגיגה (דף ט.) מוחגותם אותו חג לה' שבעת ימים:
89,Pesachim,185,0,בפרק בתרא,"בשעת אכילה - כל שעת אכילה שרחוק מחצות היום כל כך שאינו יכול ליכנס כל הלילה אכילת הפסח כל הלילה ורבנן עבוד הרחקה ואמור עד חצות לר""ע ולר""א דאורייתא עד חצות בפרק בתרא (דף קכ:) ובברכות בפ""ק (דף ט.):"
90,Pesachim,189,1,בפרק בתרא,נוטלין את לולביהן - אגררא נסבא דברייתא היא הכי בפרק בתרא (שם):
91,Pesachim,189,0,בפרק בתרא,הנאכל לששה - שאוכלין עליו מצות ששה ימים ולישנא דקרא נקט וקרא לדרשה אתא ללמד על ימות הפסח שהן רשות באכילת מצה חוץ מלילה הראשון בפרק בתרא (דף קכ.):
92,Pesachim,194,0,בפרק שני,"גמ' שמע מינה בעלי חיים נדחין - בהמה שנדחית בחיים דחויה דיחוי גמור שאף לכשנראית למה שהיתה ראויה אינה קריבה אלא רועה דהא דתנן תרעה ולא קרבה שלמים היא גופה שזו היא ראייתה כמתחלה שכל מותר פסח קרב שלמים ודלא כר""ש דאמר בעלי חיים אין נדחין בפרק שני שעירי (יומא דף סג:) דגמרינן מבעל מום שנדחה ולכשעבר מומו נראה ומרישא נמי שמעינן לה אלא משום דמהא שמעינן תלת נקט לה הכא:"
94,Menachot,48,0,בפרק ראשון,"ואימא עון שמאל - דלכתחילה בעינן ימין כדאמרינן בפרק ראשון (לעיל מנחות דף י.) כ""מ שנאמר אצבע כו':"
96,Menachot,96,0,בפרק קמא,ורבא לטעמיה - דאמר בפרק קמא:
99,Menachot,200,1,בפרק בתרא,חוץ ממנחת חוטא - שאפילו טהורה נפדית שהרי אמרה תורה בקרבן עולה ויורד (ויקרא ה) מחטאתו על חטאתו בכבשה או שעירה ובתורים כתיב (שם) מחטאתו ובמנחה כתיב על חטאתו ודרשינן (בפרק בתרא) דלהכי כתיב מחטאתו בכבשה דמשמע מקצת חטאתו שאם היה עשיר כשטימא מקדש והפריש מעות לכבשה או שעירה והעני יביא ממקצת דמי תורים או מנחה והשאר חולין ולהכי כתיב (שם) גבי עשירית האיפה על חטאתו דמשמע יוסיף שאם היה עני והפריש עשירית האיפה והעשיר יפדנה ויוסיף עליה מעות ויביא כבשה או שעירה:
100,Menachot,206,1,בפרק בתרא,ואמרינן - לקמן בפרק בתרא (מנחות דף קז:):
101,Menachot,206,5,בפרק בתרא,ואחד למותר אשם מצורע - דלא דמו להנך שבא להתירו במחנה ואינך מפרש בפרק בתרא (לקמן מנחות קז:) וכל הנך מותרות אזלי לנדבת צבור כשהמזבח בטל לוקחין באותם מעות עולות הבשר לשם ועורות לכהנים דזהו מדרשו של יהוידע במסכת תמורה (דף כג:):
105,Sukkah,41,0,בפרק קמא,והא ר' שמעון דאמר נמי סוכה קבע - דבעי ארבע' דפנות ואמרי' בפרק קמא (דף ז:) ר' יהודה ור' שמעון ורבן גמליאל ור' אליעזר ואחרים כולהו סבירא להו סוכה דירת קבע בעינן וקאמר במתניתין לפי דרכינו למדנו שהישן תחת המטה לא יצא ידי חובתו:
107,Sukkah,73,0,בפרק קמא,אסור להריח בו - דגמרינן מסוכה דילפינן בפרק קמא (דף ט.) דחל שם שמים על עצי סוכה ליאסר בהנאה כל שבעה הואיל והוקצו למצוה:
108,Sukkah,86,0,בפרק ראשון,"כהנים בעלי מומין - אף הם דוחקים ונכנסין להקיף ברגליהם וערבה בידם וא""א להקיף שלא יכנסו בין האולם למזבח וכל השנה אסורים ליכנס שם כדאמרינן במסכת כלים בפרק ראשון:"
110,Yoma,2,0,בפרק בתרא,"מתני' שבעת ימים קודם יוה""כ מפרישין כ""ג - שכל עבודת יוה""כ אינה כשירה אלא בו כדיליף בהוריות בפרק בתרא (דף יב:) דכתיב גבי יום הכפורים וכפר הכהן אשר ימשח אותו ובגמרא (דף ו.) מפרש למה מפרישין:"
111,Yoma,27,0,בפרק שלישי,"כאן בהטבת שתי נרות וכו' - לקמן בפרק שלישי (יומא דף לג.) אמרינן שמפסיק בהטבת הנרות משהטיב חמש פוסק וממתין עד שנעשה עבודה אחרת בנתים וחוזר ומטיב שתים ופליגא אבא שאול ורבנן איכא למאן דאמר בקטורת מפסיק להו ואיכא למ""ד בשחיטת התמיד וזריקת דמו מפסיק להו ולקמן (שם:) מפרש טעמא דהפסקה ותנא דידן סבירא ליה בקטרת מפסיק להו הלכך הא דקתני קטרת ברישא בהטבת שתי נרות קאמר והא דתנן הטבה ברישא בהטבת חמש ראשונות קאמר:"
113,Yoma,28,0,בפרק חמישי,"הזה ממנו כו' - לקמן בפרק חמישי [יומא דף נג:] כשהוא מזה מדם הפר כנגד עובי של כפורת וקא ס""ד אחת מאמצע עוביה למעלה ושבע מאמצעיתה ולמטה:"
114,Yoma,37,0,בפרק ראשון,בפרק ראשון - צריך בו כוונה שנאמר בו (דברים ו׳:ו׳) והיו הדברים האלה על לבבך:
115,Yoma,48,0,בפרק ג',כדקתני רב שמואל בר יהודה - לקמן בפרק ג' (יומא דף לה:) שהיו אמותיהן של כהנים עושות לבניהם משלהם כמין בגדי כהונה להראות תפארת עושרן ונוי מלאכתן וכמה הן מהדרות מצות דקתני כהן שעשתה לו אמו כתונת לובשה ועובד בה עבודת יחיד:
119,Yoma,144,0,בפרק קמא,ומקריב אונן - דכתיב ומן המקדש לא יצא (ויקרא כ״א:י״ב) כדפרישית בפרק קמא (דף יג:):
120,Yoma,144,4,בפרק בתרא,ופטור על טומאת מקדש - בהוריות נפקא לן מקרא בפרק בתרא וכולה הך מתניתא מפרש לה התם:
122,Sotah,36,3,בפרק ג',והגיש - לקרן מערבית דרומית כדתניא בפרק ג' בסדר מנחות (דף יט:) וכולהו הנך כתיבי במנחת סוטה תנופה והקרבה קמיצה והקטרה:
123,Sotah,42,0,בפרק קמא,המבעט ברבותיו - וקרי ליה קטן שלא כלו לו חדשיו על ידי שימיו מתקצרין כדאמרינן בפרק קמא דחגיגה (דף ה.):
125,Sotah,61,0,בפרק קמא,וטומאה בעלמא - עד א' שהעיד על אשה שלא קינא לה בעלה ואמר נטמאת מניין דלא מהימן ולא אמרינן אטומאת אשה הימניה רחמנא לא שנא לאחר קינוי ולא שנא בלא קינוי תלמוד לומר כו' וכי הימניה רחמנא בטומאה שאחר קינוי ויש עידי סתירה שנים ועד מעיד שנטמאת שרגלים לדבר ובפרק קמא (לעיל סוטה דף ג.) פרכינן והא כי כתיב קינוי בתר הכי כתיב ומשנינן ועבר כתיב שכבר עבר:
128,Sotah,92,0,בפרק בתרא,מתני' תצא ותרעה בעדר - כשאר חולין והאי תנא לית ליה הא דאמרינן בכמה דוכתי עגלה ערופה נאסרה מחיים וירידתה לנחל איתן אוסרתה ובמסכת כריתות מוקמינן לה למילתא בפלוגתא דתנאי בפרק בתרא (דף כה.):
129,Shevuot,2,0,בפרק שלישי,מתני' שבועות שתים שהן ארבע - בשבועת ביטוי שפתים הכתוב בויקרא אצל קרבן עולה ויורד קאמר כדמפרש בפרק שלישי (דף כ.):
130,Shevuot,4,2,בפרק שני,ואי רבי עקיבא האמר כו' - במתניתין בפרק שני ומתניתין קתני שהן ארבע:
134,Shevuot,26,0,בפרק ראשון, ידיעות. שהן ארבע - כבר פירשתי' בפרק ראשון במשנה (דף ב.):
137,Shevuot,76,0,בפרק ג',אלא על דעתנו - הא פרישנא טעמא משום קניא דרבא בפרק ג' (לעיל שבועות דף כט:):
139,Shevuot,82,14,בפרק קמא,חייב - לישבע אף על הקרקעות על ידי גלגול שבועה דילפינן לה בפרק קמא דקדושין (דף כז:) מקראי:
140,Temurah,12,2,בפרק שני,וקפריך אימור דשמעת ליה לחנן דלית ליה דחויין - דלא יביא שנים אחרים ויגריל וישחוט האחד לשם והאחר לעזאזל והראשון שכבר נשחט ידחה וישפך דמו לאיבוד דלית ליה הגרלה מי שמעת ליה דלמא לעולם יביא שנים מן השוק ויגריל ואותו שיפול עליו הגורל לעזאזל יעמד עם דם שבכוס וישלחנו והדם שבכוס מזה ממנו כמשפטו ואותו שנפל עליו הגורל לשם ירעה עד שיסתאב. הא מני דמצריך קרא לרבות שעיר דלא ליהוי בעל מום רבי שמעון הוא דלית ליה הגרלה והכי הוי מסקנא ותו לא פריך מידי. והגירסא אימור דשמעת ליה לרבי שמעון כו' שבשתא היא דהא במסכת יומא (דף סג:) תנינן לה לכולה סוגיא ולא פרכינן התם מידי בפרק שני שעירי: 
142,Temurah,12,0,בפרק שני,שמא לא שנינו - שיהא חייב משום הקדשה אלא בתמורה לפי שהתמורה חלה על בעל מום קבוע וקדוש קדושה גמורה שאינה יוצאה לחולין ליגזז וליעבד אפילו על ידי פדיון אלא הויא כשאר קדשים שקדם הקדשן את מומן והך משנה לקמן בפרק שני (תמורה דף טז:) כדכתיב טוב ברע או רע בטוב ואם המר ימיר וגו' והואיל וקדושה גמורה היא לוקה עליה אם המיר והביא בעלת מום שיקדיש ותפסה בתמורת בהמת קודש תמימה אבל הקדיש בעל מום מעיקרא לא אמינא דלילקי דדיקלא בעלמא הוא אלא אם כן הקריבו:
144,Temurah,14,1,בפרק קמא,"לא אמר בן עזאי אלא בבכור - שהפקיד [כהן בכורו] אצל אחר וכפר ונשבע (והודה) אבל שלמים לא היה ממונו הואיל וחיילא עלייהו קדושה שטעונין סמיכה ונסכים ותנופת חזה ושוק ומעשר נמי לא הואיל ואינו יכול למוכרו והכי מפרש בפרק קמא דנזיקין (ב""ק דף יב:):"
146,Temurah,22,1,בפרק שני,מי קרינא ביה כי ירחק ממך המקום וזבחת - דמהתם נפקא לן דאסור לשחוט חולין בעזרה דדרשינן בריחוק מקום אתה זובח ואי אתה זובח בקירוב מקום בעזרה בפרק שני דקדושין (דף נז:) והכא מי קרינא ביה הכי הא אינו יכול לשחוט בהמה זו אלא בעזרה שהרי שלמים היא:
148,Temurah,24,0,בפרק שני,לרבות שוגג כמזיד - ולקמן בפרק שני (תמורה דף יז.) מפרש לה כסבור להמיר שחור והמיר לבן זו דגבי קדשים לא קדיש דהוי הקדש טעות וגבי תמורה קדיש:
150,Temurah,31,0,בפרק קמא,מתני' ומקדישין אברין ועוברין אבל לא ממירין - רבי יהודה הוא דדריש בהמה בבהמה בפרק קמא (לעיל תמורה דף י:):
153,Gittin,6,0,בפרק בתרא,הילכתא כרבי אלעזר בגיטין - בהא מילתא דבלא עדים חתומים כשר והכי מוקמינן בפרק בתרא (לקמן גיטין דף פו:):
155,Gittin,17,1,בפרק שני,פסולא דרבנן - מוליך ומביא רבנן הוא דאצרכוהו למימר בפני נכתב עד כותי פסול מדרבנן בשאר שטרות דאחזקינהו סתמייהו לפסולא ערכאות לקמיה פריך והא ערכאות פסולא דאורייתא שאין עדותן כשר לפי שאינן בתורת גיטין וקידושין ורחמנא אמר וכתב ונתן מי שישנו בכלל נתינה ישנו בכלל כתיבה והכי מפרש בפרק שני (לקמן גיטין ד' כג:):
156,Gittin,19,0,בפרק בתרא,"ירד רבי שמעון לשטתו של רבי אלעזר - דאמר עדי מסירת הגט הוא דכרתי כדאמר בפרק בתרא (לקמן גיטין דף פו.) אע""פ שאין עליו עדים אלא שנתנו לה בפני עדים כו' ורבי שמעון נמי בהכי מכשר שימסרנו לה בפני עדים ישראל:"
157,Gittin,26,2,בפרק שלישי,"שיהא פקדונו ביד אחר - דהכי קי""ל לקמן בפרק שלישי (גיטין דף כט.) וכיון דאין רצונו אשתכח דחוב הוא לו ואין חבין לו לאדם אלא בפניו ואמאי אינו חוזר האי לאו זכי הוא:"
159,Gittin,37,1,בפרק שני,מרא דארעא דישראל - בקי מכל חביריו ובמס' נדה מפרש אמאי קרי ליה מרא דארעא דישראל בפרק שני (דף כ:):
160,Gittin,47,2,בפרק בתרא,חוץ מן הראשון - שלא נכתב לשם גירושין כלל אבל הנך בתראי פסלי דריח הגט פוסל בכהונה דתניא בפרק בתרא (לקמן גיטין דף פב:) האומר לאשתו הרי את מגורשת ממני ואי את מותרת לכל אדם פסלה מן הכהונה שנאמר ואשה גרושה מאישה אפילו לא נתגרשה אלא מאישה ולאחרים לא הותרה פסולה לכהונה:
163,Gittin,122,1,בפרק קמא,פלגאה - חולק על החכמים שהיה מצערו למר עוקבא שהיה אב בית דין כדאמרי' בפרק קמא (לעיל גיטין דף ז.):
164,Gittin,123,0,בפרק קמא,ואוקימנא בהולכה - בפרק קמא מדקתני צריכה לומר בפני נכתב והוינן בה מכי מטא גיטא לידה איגרשה לה ומתרצינן דאמר לה הוי שליח להולכה עד דמטית התם:
165,Gittin,172,2,בפרק שני,"ותיפוק ליה - דהוו כולהו בר מבתרא נכתבו היום ונחתמו לאחר זמן שהרי לא חתמו העדים עד שנכתב האחרון נחתם בלילה לאו דוקא אלא משום לישנא דמתני' נקט ליה דתנן בפרק שני (לעיל גיטין יז.) נכתב ביום ונחתם בלילה פסול וכ""ש למחר או ליומא אוחרא:"
166,Bekhorot,5,0,בפרק שני,קנין גמור - ליטול מעות מן העובד כוכבים דעובד כוכבים לא קני אלא בכסף כדאמרי' לקמן בפרק שני (בכורות דף יג.):
167,Bekhorot,6,1,בפרק שני,אלמה תנן כו' - בפרק שני (לקמן בכורות דף יג.):
171,Bekhorot,69,0,בפרק שני,"אלא - הכי פריך ספק בכור לר""מ אי בעלים חשודים עליה נמצאו ישראל חשודים על ספק בכור וכ""ש כהנים דהא אי הוה נמי בבהמות עדר כהן ספק בכור הנולד בעדרו בעי אמתוני עד שיומם דכהנים לא נפטרו מבכור בהמה טהורה בפרק שני (לעיל בכורות יג.) וא""כ מי מעיד עליו:"
172,Bekhorot,69,1,בפרק שני,"שחליפיו ביד כהן - כגון האי ספק בכור שהכהן נטל (את אחיו) פטור ישראל מן המתנות דזרוע ולחיים וקיבה דעשו שאינו זוכה כזוכה כדאמרן בפרק שני (שם יח.) ור""מ מחייב ומדמחייב ליה רבי מאיר במתנות מכלל דבר אכילה הוא:"
174,Bekhorot,98,1,בפרק ראשון,"קולבון לפרוטרוט - הכרע הוא האי פונדיון דמטי קולבון מעה קטנה לכל אחד לפרוטרוט משמע לכל אחד בפני עצמו כדאמרינן בפרק ראשון (לעיל בכורות דף ה.) ולא מנאו הכתוב אלא בפרוטרוט. קתני מיהת סלע של קודש ארבעים ושמונה פונדיונין והיינו ארבעה דינר צורים דהכי אמרינן בקדושין (דף יב.) שש מעה כסף דינר מעה שני פונדיונין נמצא דינר י""ב פונדיונין וסלע ארבעים ושמונה אלמא סלע דאורייתא ארבעה דינרין וקשיא לרבא:"
177,Berakhot,20,0,בפרק שני,עוסקין במלאכתן וקורין – לקמן מוקמינן לה בפרק שני (ד' טז.):
178,Berakhot,21,0,בפרק שני,לגמרא אין צריך לברך – אפילו קודם אהבה רבה קאמר והכי מוכח מילתא בפרק שני:
179,Berakhot,25,1,בפרק ראשון,בפרק ראשון – כל פרשת שמע:
180,Berakhot,30,0,בפרק ראשון,בשבתך בביתך פרט לעוסק במצוה – כבר פירשתיה בפרק ראשון (דף יא.):
182,Berakhot,61,0,בפרק קמא,והקריבו הכהנים – אמרו בפרק קמא דחגיגה (ד' יא.) והקריבו זה קבלת הדם:
183,Berakhot,90,1,בפרק שני,דאמר מר – לעיל בפרק שני (ברכות דף טז.):
184,Berakhot,124,0,בפרק בתרא,"והלא עקיבא בן יוסף עשה כן – דתנן ביבמות א""ר עקיבא כשירדתי לנהרדעא לעבר שנים בפרק בתרא האשה שהלך בעלה וצרתה (דף קכב.):"
185,Arakhin,3,0,בפרק קמא,ולרבינא דאמר כו' - בפרק קמא דחגיגה (דף ד.) ומייתי לה מסיפא דמתניתין דהתם קתני ועבדים שאינן משוחררין:
192,Arakhin,23,0,בפרק בתרא,"ומשני הנך תלת שנין דאגלינהו סנחריב עד דאתא ירמיה ואהדרינהו כו' - כלומר הנך שלש שנים שצר סנחריב עליהן כדכתיב (במלכים ב י״ז:ה׳) ויעל מלך אשור (על כל) [בכל] הארץ ויעל שומרון ויצר עליה שלש שנים ולא היה להם פנאי לחרוש ולזרוע ולא מנו שמיטין ויובלות לא קא חשיב להו. והאי דנקט עד דאתא ירמיהו אהדרינהו לאו דווקא דהא יותר מתשעים שנה היה מחזקיהו שהגלה אותן סנחריב עד שהחזירן ירמיהו בימי יאשיהו אלא ה""ק תלת שני דאגלינהו סנחריב והיו באותו גלות עד שהחזירן ירמיהו לא חשיב להו להנך שלש שנים כך שמעתי. והרבה תשובות בדבר חדא דכי מדלית תלת שני משכחת חורבן בשנת ארבעים ותשע והיא שביעית ואנן בעינן מוצאי שביעית ועוד י""ד שנה אחרי אשר הוכתה העיר דליהוי יובל לא משכחת לה והא ליכא למימר לר' יהודה לית ליה הך דרשא דהא קרא כתיב ולקמן לא משכחינן ז' שחילקו אלא מהך דרשא די""ד אחרי אשר הוכתה העיר הוה יובל ועוד קשיא לי היכי לא מדלינן אלא הנך תלת שני והאמרי' בפ' בתרא (לקמן ערכין לב:) משגלו שבט ראובן וגד בטלו היובלות עד שהחזירן ירמיהו ואע""ג דמתרצינן התם מנו יובלות לקדש שמיטין הני מילי לרבנן אבל לר' יהודה מוקמינן התם דלא מנו יובלות כלל ועוד היאך יתכן ליטול שלש שנים לבדם אם כשעלה סנחריב עליהם כבר מנו י' שנים או י""ב ליובל ועלה עליהם שלש שנים היאך יתכן להפסיק אותן שלש שנים ולחזור למניינם הראשון ולמנות י""ג י""ד לקדש יובל שנת החמשים ושלש בעל כרחך אז התחילו למנות א' ב' ג' ד'. ומתוך הוויות אלו נראה בעיני דהאי תלת דכתב בספרים שיבוש הוא ופירוש משובש היה ונכתב בספרים. והכי גרסינן הנך שני דאגלינהו סנחריב עד דאתא ירמיהו אהדרינהו לא חשיב ודוקא נקט דכל אותן השנים שהיו בגלות לא חשיב רבי יהודה במנין שמיטין ויובלות וכדאמרי' בפרק בתרא אלא באותה שנה שחזרו בימי יאשיהו התחילו למנות ליובל וצא וחשוב מאותה שנה עד שנת הת""י החורבן ותמצא חשבונך סדור כמין חומר דבשנת שלשים ושש ליובל חרב הבית והיא מוצאי שביעית ומשכחת ארבע עשרה שנה אחר אשר הוכתה העיר הוה שנת היובל שהרי חזרו בשנת י""ח ליאשיהו כדכתיב (במלכים ב כ״ב:י״ג) דבשנת י""ח ליאשיהו נמצא הספר בבית המקדש ועל דברי הספר שלח המלך אל חולדה הנביאה ואמרי' במגילה (דף יד:) היכי שבקיה לירמיהו ושדר לחולדה ואמרינן ירמיה לא הוה התם שהלך להחזיר עשרת השבטים ומנלן דהדור דכתיב מה הציון הלז וגו' ודבר זה שפינה יאשיה את העבודת כוכבים באותה שנה היה וכך מצאתי בסדר עולם בי""ח ליאשיהו היה תחלת היובל ויאשיהו מלך ל""א שנה מי""ח עד ל""א כמה הוו ארבסרי וחד סרי ליהויקים ויהויכין וחד סרי לצדקיהו כדכתיב (במלכים ב כ״ה:כ״ז) הרי שלשים ושש ואז חרב הבית ומיתוקמא שפיר כר' יהודה. כך הבנתי מלבי וישרה בעיני אבל לא שמעתיה ואחרי כן מצאתי ספר ישן מוגה שכתוב בו כן והודעתיו לרבותי וישרה בעיניהם:"
193,Arakhin,37,0,בפרק ראשון,"פרט לבעלי קבין - מי שנחתך רגלו בפרק ראשון סמוך לשוקו וחוקק קב מקבל כתיתין ונותן שוקו לתוכה וקורין אשקנצ""א שפטור מן הראיה דאין לו רגל. אלמא לא מיקרי רגל אלא עד פרק א' שקורין קביל""א:"
195,Chullin,4,1,בפרק בתרא,"והא תנן - בפרק בתרא דמסכת ע""ז דאע""פ שישראל יוצא ונכנס מותר אלמא מסתפי עובד כוכבים דלמא אתי ישראל ולא נגע הכא נמי מסתפי השתא אתי וחזי ליה:"
196,Chullin,23,0,בפרק שני,והא בעינן מוליך ומביא - כדתנן בפרק שני (לקמן חולין ל:):
200,Chullin,85,0,בפרק שני,"ההיא ספק דרוסה וכו' - אם עוף היה בודק הקנה תחלה כדאמרינן בפרק שני (לעיל חולין כח.) ושחט הקנה והכשירו ואח""כ בדק הוושט ואם בהמה היא נמי אית בה תקנתא דבשלמא גבי נקב איכא למימר דילמא במקום נקב שחט אבל גבי דרוסה כיון דמקומו מאדים אפילו שחט בו יש היכר במשהו:"
202,Chullin,99,5,בפרק קמא,מאי - וכיון דלא אפסיק הלכתא עבדינן לחומרא וטרפינן בכל הכרס בנקב במשהו כבני מערבא. ומיהו כל הנך טרפות אנן לא טרחינן למיבדקי בתרייהו דכל כמה דלא מישתכחן אזלינן בתר רובא כדנפקא לן בפרק קמא (לעיל חולין יא.) מהאליה תמימה ומקראי טובא ובסירכי דריאה משום דשכיחן בדקינן בתרייהו:
204,Chullin,122,1,בפרק קמא,ופסול משום תורין - אם בא להביאו משיזקין בתורת תורין כדאמרינן בפרק קמא (לעיל חולין כב.) גדולים כשרים קטנים פסולין וכשר משום יונה בקטנה:
205,Chullin,140,2,בפרק קמא,בוקעת ועולה - ומטמאה כל המאהילים עליה אפילו סמוך לרקיע. אלמא אפילו בליעת קרקע אינה מעכבת וכל שכן בליעת כלי והרי הוא מציל על טהרה שבתוכו ומעכבת מליטמא באהל המת כדאמרינן בפרק קמא (לעיל חולין דף כה.):
210,Chullin,193,0,בפרק בתרא,"ואמור רבנן בששים - בפרק בתרא דמסכת ע""ז (דף סט.) פסקינן הלכתא בכל איסורין שבתורה (בששים) בין בשר בחלב ובין שאר איסורין בששים:"
218,Chullin,254,0,בפרק שני,"רב אשי אמר - דכ""ע אית יד להכשר והאי אבר אית ליה יד דבהמה נעשית יד לאבר א""נ ס""ל אוחז בקטן ואין גדול עולה עמו הרי הוא כמוהו וכשניתז הדם על האבר ולא נתקנח קא מיפלגי ר""מ סבר דם מכשיר והרי הוכשר ור""ש לטעמיה דאמר בפרק שני (לעיל חולין לו.) שחיטה מכשרת ולא דם והאי אבר כיון דלא מהניא ליה שחיטה להתירו באכילה אע""ג דמהניא ליה לטהוריה מידי נבלה לא מכשרה ליה לטומאה דטעמא דשחיטה מכשרת היינו משום דכיון דמשויא ליה אוכלא לענין היתר אכילה משויא ליה נמי אוכלא לענין טומאה והכא ליכא למימר הכי:"
221,Rosh Hashanah,15,1,בפרק שני,"ואי אתה מקדש שום חדש - כר""א בר""ש דאמר לקמן בפרק שני (ראש השנה ד ' כד.) בין שנראה בזמנו בין שלא נראה בזמנו אין מקדשין אותו ויליף טעמא מהכא:"
226,Rosh Hashanah,50,1,בפרק בתרא,"שהוא קרן - אינו קרוי שופר וגבי יוה""כ שופר כתיב (ויקרא כ״ה:ט׳) והעברת שופר תרועה ובפרק בתרא (דף לד.) גמרינן ר""ה מיובל:"
227,Ketubot,5,0,בפרק ד',ולדרוש להו דאונס שרי - דנבעלת באונס אינה נאסרת על בעלה דילפינן לקמן בפרק ד' (כתובות דף נא:) מוהיא לא נתפשה ולא לימסרו נפשייהו למיתה:
228,Ketubot,5,2,בפרק ד',ואיכא נמי כהנות - שנאסרות על בעליהן אף באונס ואינהו מסרן נפשייהו למיתה דאשת כהן שנאנסה אסורה לבעלה ולקמן בפרק ד' (שם) ילפינן לה:
229,Ketubot,18,0,בפרק בתרא,"נותן לה ממעות קפוטקיא - בפרק בתרא תנן נשא אשה בא""י וגירשה בקפוטקיא נותן לה ממעות א""י שהן קלות נשא אשה בקפוטקיא וגירשה בא""י נותן לה ממעות א""י מנין הכתוב בכתובה דאזלינן לקולא רשבג""א נותן לה ממעות קפוטקיא שנשתעבד בהן כשאר מלוה דקסבר כתובה דאורייתא:"
230,Ketubot,30,0,בפרק קמא,בשלמא לר' אלעזר דאמר - בפרק קמא טענתייהו במנה ולא כלום מוכת עץ שלא הכיר בה אינה יכולה לתובעו אלא מנה והוא אומר דרוסת איש את ואין ליך כלום איכא מגו דאי בעיא אמרה מוכת עץ אני תחתיך:
231,Ketubot,32,0,בפרק קמא,"אפילו למ""ד - פלוגתא בפרק קמא דקדושין:"
233,Ketubot,57,1,בפרק שלישי,"שיש בה הויה - שקדושין תופסין לו בה פרט לאחותו ולכל חייבי כריתות דילפינן בקדושין שאין קדושין תופסין בהן בפרק שלישי (דף סז:) ומשמע ליה תהיה לשון הוית קדושין ור""ש בן מנסיא משמע ליה תהיה לשון קיום:"
235,Ketubot,149,0,בפרק קמא,"רבא אמר רישא כאן נמצאו כאן היו - רבא מהדר לאוקמא כולה כרבן גמליאל דאוקמינן הלכתא כוותיה בפרק קמא לעולם חזקה דגופא עדיף ורישא טעמא משום דכיון דבבית אביה נמצאו המומין איתרע חזקתיה דאב דאיכא למימר כאן היו קודם אירוסין ובפ""ק נמי פלוגתייהו בנכנסה לרשות הבעל היא ובה אמר רבן גמליאל דלא הורעה חזקת אביה בכך:"
237,Ketubot,199,2,בפרק בתרא,"ולא פירות - דין פירות והוא פירקונה שתקנו חכמים תחת פירות נכסי מלוג שהוא אוכל אין לה ואם נשבית אינו חייב לפדותה דתנאי כתובה ככתובה וכיון דאין לה כתובה אין לה תנאי כתובה [ואית דאמרי כלומר אף לא פירות אם אכלן אין משלם לה פירות נכסי מלוג שאכל ואע""ג דקיימא לן בפרקין דלעיל (כתובות דף מז:) תקנו פירקונה תחת פירות נכסי מלוג שהוא אוכל כדתנן לא כתב לה אם תשתבאי אפרקינך חייב לפדותה והאי לא קרינן בה ואותבינך לי לאינתו אפי' הכי לא ישלם פירות דתנאי כתובה ככתובה כי היכי דקנסוה רבנן דלא גביא נכסי צאן ברזל שהכניסה לו משלה בתורת כתובה קנסוה נמי דלא תגבה מיניה פירות שאכל בתנאי כתובה של פירי שהוא תנאי בית דין שאינו כתוב בשטר הכתובה ואף דין פירות] וכן מזונות נמי תנאי כתובה נינהו ולקמן בפרק בתרא (כתובות דף קז:) אמרינן כיצד אמרו ממאנת אין לה מזונות אי אתה יכול לומר ביושבת תחתיו שהרי בעלה חייב במזונותיה אלא שאם הלך למדינת הים ולוותה ואכלה ועמדה ומיאנה אינו משלם:"
238,Ketubot,207,0,בפרק שני,והא מר הוא דאמר - בפרק שנים אוחזין (בבא מציעא דף טו:):
239,Zevachim,6,0,בפרק שלישי,שכן פסולה בזר - לאפוקי שחיטה שכשירה בזר כדלקמן בפרק שלישי (זבחים דף לב.) שחיטה וקבלה טעונות צפון בפ' איזהו מקומן (לקמן זבחים דף מט.) יליף להו מקראי:
240,Zevachim,17,1,בפרק שני,דילפינן ממחשבת פיגול - דמהניא ביה הכי דתנן בפרק שני (לקמן זבחים דף כז:) השוחט את הזבח על מנת לזרוק דמו למחר פיגול:
241,Zevachim,18,1,בפרק שני,על מנת לזרוק דמו חוץ למקומו כו' פסול - (בפרק שני) והשתא ליכא למפרך שכן כרת שאין חייבין כרת על אכילתן כדתניא לקמן [בפרק שני] (דף כח.):
242,Zevachim,20,3,בפרק שני,"בא לעובדה בכלי - רשאי לעובדה בשמאל להוליך הכלי שקדשה בתוכו בשמאלו למזבח וליתן בשמאלו מן הכלי על האשים כזריקת דם אשם שהוא מן הכלי למזבח שאינה בנתינת אצבע דלא כתיב אצבע אלא בחטאת וכשרה בשמאל לר""ש בכל הזבחים חוץ מחטאת דאמרינן לקמן בפרק שני (שם:) זרק בשמאל פסול ור""ש מכשיר חוץ מחטאת משום דרבי שמעון תרתי בעי אצבע וכהונה דגמרינן ממצורע דכתיב ביה אצבע וכהונה וימין וטבל הכהן באצבעו הימנית ובזריקת כל הזבחים לא כתיב בו אצבע אלא כהונה חוץ מחטאת:"
243,Zevachim,24,3,בפרק בתרא,אין חייבין עליו - מיתה דבעיא עבודה תמה שאין אחריה עבודה בסדר יומא (דף כד.) ובפרק בתרא דהכא (דף קיב:) נמי תנן אין בהם משום זרות ולא משום טומאה ולא משום מחוסר בגדים כו':
247,Zevachim,55,1,בפרק בתרא,"ה""ג מסתברא נותר אית לך לאוקומי בכרת למיגמר עון עון לחוץ לזמנו דדמי ליה בז""ב אדרבה חוץ למקומו הוה ליה לאוקומי בכרת דמיגמר עון עון לחוץ לזמנו דדמי ליה במקד""ש -  והכי פירושא נותר הוה ליה לאוקומי בכרת דמיגמר עון עון כו' שמלמד כרת על חוץ לזמנו שאין כרת מפורש בו אלא נשיאות עון אמורה בו ולימד מכאן בגזירה שוה דהכא כתיב נשיאות עון ומפרש כרת הלכך אי מוקמת ליה להאי בנותר איכא למילפיה לג""ש שפיר דדמו אהדדי בשני דברים הללו ששניהן נפסלים בזמן זה בזמן ממש וזה במחשבת זמן ושניהם נוהגים בבמה כדתנן בפרק בתרא (לקמן זבחים דף קיג.) דכי פרכת ונילף עון עון מטומאת בשר דכתיב ונשא אהרן את עון הקדשים מה להלן לאו ולא כרת אף כאן לאו ולא כרת אמרינן מנותר הוה ליה למילף דדמי ליה בז""ב אבל אי מוקמת ליה להאי כרת בחוץ למקומו כי גמרת ליה חוץ לזמנו מיניה בג""ש ופרכינן ליה ונילף עון עון מטומאה ליכא לתרוצי מחוץ למקומו הוה ליה למילף דדמי ליה בז""ב דהא אין פסולו בזמן ואינו נוהג בבמת יחיד שאין שם מחיצות:"
250,Zevachim,68,0,בפרק ב',היו בגדיו מטושטשין - לעיל בפרק ב' תניא לה:
251,Zevachim,69,2,בפרק בתרא,והיכי משכחת לה בעולת נקבה - דאילו בשלמים המעלה מבשר בחוץ פטור דלא מתקבל בפנים הוא כדתנן בפרק בתרא (לקמן זבחים דף קיב:) המעלה מבשר חטאת כו':
252,Zevachim,71,0,בפרק שני,"למחר פסול - חישב ליתן למחר את הניתנין למטה למעלן ואוקי בפרק שני משום מחשבת הינוח כרבי יהודה ולא משום מחשבת נתינת מחר דא""כ פיגול מיבעיא ליה אלמא לא הוי פיגול דזריקה דלא כשר באכילה לא אתיא לידי פיגול וקתני חזר וחישב בו אלמא לא מיקבע תו פיגול:"
253,Zevachim,77,1,בפרק קמא,סמיכה לא מעכבת בעלמא - כדאמרינן בפרק קמא וסמך ונרצה וכי סמיכה מכפרת וכו':
254,Zevachim,83,0,בפרק ראשון,"כי הדר מדי בהיכל מיא בעלמא קא מדי - ונמצא שלא זרק דמו דהא מתנה אחת מהן מעכבת דבשלמא מפגל בשחיטה אע""ג דפסליה והדר זרק ליה או במחשבה או בשתיקה כיון דפיגל בעבודה ושוב לא הוציא בו מחשבת פסול אחר אע""פ שזריקת דמו דם פסול הוא כיון דרבי רחמנא פיגול בשחיטה כדאמרן בפרק ראשון (לעיל זבחים יג.) בדברים המביאים לידי אכילה הכתוב מדבר ע""כ בהכי אמר רחמנא לפגול וזריקה זו כמו שהיא מרצה לפיגולו וכן לרבנן דבעו מחשבה בכוליה זריקה ולמאן דמוקי נמי טעם דר""מ משום דעת ראשונה ופיגל בכל העבודה בכה""ג אמר רחמנא לפגול דלא משכחת לפגול בזריקה אלא בהכי אלא למ""ד טעמא משום חצי מתיר אין כאן זריקה כיון דלא גמרה מחשבת פיגול ועשה סופה לדעת כשרה זיל הכא חצי עבודה היא וזיל הכא חצי עבודה היא:"
256,Zevachim,162,0,בפרק שני,"ואין הציץ מרצה על היוצא - דאמרינן בפרק שני (לעיל זבחים כג:) הא אינו נושא אלא עון טמא ואע""ג דפסולין שעלו לא ירדו ארצויי מיהא לא מרצו:"
257,Zevachim,162,0,בפרק ב',הרי הוא אומר - במחשבת חוץ למקומו שלישי דמוקמינן בפרק ב' (לעיל זבחים דף כח:) תניהו לענין חוץ למקומו ולהכי נקיט לה בלשון שלישי דאין מחשבת מקום פוסלת אלא אם כן משולש בדם ובשר ואימורין כגון חוץ לעזרה שבשעת היתר הבמות מצויין שלשתן בו לאפוקי מחשבת הכנסה דלאו מקום בשר ואימורין הוא:
258,Zevachim,175,0,בפרק שני,אהיכא דאיתיה - שהיו חוגרין כנגד אצילי ידיהן דהיינו כנגד הלב כדילפינן בפרק שני (לעיל זבחים דף יט.) מולא יחגרו ביזע:
259,Zevachim,195,1,בפרק שני,אונן אינו מקריב - כדאמר בפרק שני (לעיל זבחים דף טז.):
260,Zevachim,201,1,בפרק אחרון,לא בבמה קאמר - דהותרו לזר וכדברי האומר בפרק אחרון (דף קיג.) יש מנחה בבמה קטנה ומנחה קדשי קדשים היא ואוכלין שיריה זרים שהיו עובדים בבמה קטנה שהזר עובד שם כדאמר בפרק בתרא אבל קדשים קלים לא יאכל בחזה ושוק של כהנים שהרי לא הותרו לזר דלא אשכחן זר חולק במורם משלמי יחיד דאילו במקדש נאכל לכהנים ובבמה קטנה לא היה חזה ושוק כדתניא בפרק בתרא חזה ושוק בבמה גדולה ואין חזה ושוק בבמה קטנה והאי דבעי למינקט כדברי האומר יש מנחה בבמה דאי אין מנחה בבמה אין לך עוד קדשי קדשים נאכלין בבמה דאילו חטאת ואשם בבמה לא קרבי דתנן מגילה (דף ט:) כל שאין נידר ונידב אין קרב בבמה אין לך נדר ונדבה בקדשי קדשים אלא עולה ומנחה:
264,Zevachim,220,0,בפרק בתרא,בקרבו נסכים במדבר קמיפלגי - ותרוייהו אית להו יש שיעור למים וכי מלי טפי לא קדשינהו כלי ותנא קמא דמחייב לא בעי בנסכים קדושת כלי לחייב עליהן בחוץ דקסבר קרבו נסכים באהל מועד שבמדבר כל ארבעים שנה הילכך ביאת הארץ האמורה בפרשת נסכים בשלח לך ללמדנו בא שבשבע של כיבוש הארץ ושבע של חילוק הארץ כשהיו בגלגל והותרו הבמות כדתנן בפרק בתרא (לקמן זבחים דף קיב:) תהא במה קטנה של כל יחיד טעונה נסכים דמשום במת ציבור לא איצטריך למימר ביאת הארץ דהא מן המדבר נתחייבו בכך וכיון דבמות יחיד טעונין נסכים והתם כלי שרת ליכא כדאמר בפרק בתרא (לקמן זבחים דף קיג.) בחוץ נמי מיחייב עלייהו בשעת איסור הבמות בלא קידוש כלי הואיל ובשעת היתר הבמות קריבין בלא קדושת כלי כדאמרן לעיל במעלן על גבי סלע משום דהויא הקרבה בבמת יחיד בשעת היתר הבמות מיחייב עלה בשעת איסור דהא בפנים אם עלה לא ירד כדאמרן לעיל (זבחים דף פד:) מנין ליוצא אם עלה לא ירד שהרי יוצא כשר בבמה ור' אלעזר סבר לא קרבו נסכים במדבר וביאת הארץ האמור בנסכים לאחר ירושה וישיבה לאחר שקבעו משכן בשילה הוא דנתחייבו לפיכך הוצרכה ביאת הארץ לכתוב משום שכל ארבעים שנה שבמדבר לא קרבו במשכן ובא הכתוב לחייבו בשילה ובית עולמים ולא בשנות הכיבוש והחילוק בבמות הקטנות הילכך לא קרבו נסכים בבמה קטנה שהיא שלא בכלי שרת ואי אסקינהו בשאין מוקדשין בחוץ לא מיחייב עלייהו והכי נמי אמרינן לקמן דמאן דבעי קדושת כלי בנסכים סבר לא קרבו נסכים במדבר:
266,Zevachim,223,2,בפרק שני,ולא משום מחוסר בגדים - דאינהו נמי כזר בזמן שאין בגדיהן עליהם אין כהונתם עליהם והוו להו זרים הכי נפקא לן בפרק שני (שם יז:):
267,Megillah,17,3,בפרק בתרא,כל שאינו נידר ונידב כו' - בזבחים יליף לה בפרק בתרא:
273,Beitzah,41,0,בפרק בתרא,ולהוי כגרף של רעי - שמותר לטלטלו ולפנותו לאשפה מחמת מאוס כדאמרינן בפרק בתרא (דף לו:):
276,Beitzah,73,0,בפרק קמא,המת בבית כו' - מפורש בפרק קמא:
279,Shabbat,37,7,בפרק אחרון,פלוגתא דר' יהודה כו' - דלר' יהודה דאית ליה מוקצה בפרק אחרון (דף קנו:) אסור לשוחטן ביום טוב אלא אם כן הזמינן מבעוד יום ולר' שמעון שרו:
285,Shabbat,164,1,בפרק בתרא,ואבן מסמא שלהן גרסי' - גבי נכרי ונכרית בין בתרצתא דרבה בין בדר' אלעזר והכי אמרינן בפרק בתרא דמסכת נדה (דף סט:) נכרי ונכרית מטמאין באבן מסמא:
286,Shabbat,220,0,"בפרק י""ט","ונימא מדלפני טיבול שרי כו' - דאין לך שאסור למקצת השבת ומותר למקצתו דהא שמעינן לרבא בפרק י""ט במסכת ביצה דאמר גבי טבילה הואיל בכי האי גוונא דקתני התם דאין מטבילין כלים בשבת ואדם טובל ואמרינן כלים מ""ט לא אמר רבא מפני שנראה כמתקן כלי אבל אדם נראה כמיקר ואמרי' תינח בשבת דשריא רחיצה ביוה""כ דאסור רחיצה והכל יודעין דטובל הוא ומתקן עצמו מאי איכא למימר הא איכא למיגזר אטו מתקן עור צבי ואמר רבא ליכא מידי דאיסור שבת דבשבת לישתרי וביוה""כ ליתסר והואיל ובשבת לא הוה למיסריה ביוה""כ נמי לא גזור עליה:"
292,Eruvin,3,1,בפרק שני,"רוחב חצר המשכן נ' אמה - והא דכתיב חמשים בחמשים בפרק שני (ד' כג:) מפרש לה ופתחה באמצע רחבה וסתמו בקלעים ט""ו אמה מצד זה של פתח וט""ו אמה מצד זה של פתח נשארו כ' אמה רוחב באמצע כדכתיב חמש עשרה אמה קלעים לכתף וכתף הוא צידו של פתח:"
293,Eruvin,11,0,בפרק בתרא,"ירושלים - רשות הרבים שלה מכוון משער לשער ומפולש ויש בה דריסת ששים ריבוא ורחב שש עשרה אמה ואילמלא שנועלין דלתותיה בכל לילה חייבין עליה בשבת משום רה""ר אבל נעילת דלתות משויא לה כחצר של רבים ומערבין את כולה וכל זמן שלא עירבו הויא כרמלית ולא מיחייבי עלה והכי נמי אמרינן בפרק בתרא (ד' קא.) דירושלים כרמלית היא:"
295,Eruvin,12,1,בפרק שני,"אין צריך כלום - לתקן אותה פתיחה של צד הרחבה אלא ראש המופלש לרה""ר צריך לחי או קורה כתורת מבוי סתום ועל כרחיך בדנפרצה נמי רחבה כנגד פרצת המבוי בכותל שכנגדו לרה""ר אתא לאשמועינן ואמפולשין דלעיל קאי דאי ברחבה סתומה לגמרי פשיטא דהא סתימה מעלייתא היא והא ליכא למימר דמשום בני רחבה איצטריך לאשמועינן דלא אסרי אבני מבוי ואפילו לא עירבו עמהן דהא נמי פשיטא דרחבה לא בעיא לערובי דסתם רחבה אין בה דיורין לצאת ולבא ואין תשמישה תדיר כדאמרינן בפרק שני (ד' כה.) מאן דשרי לטלטולי מן המבוי לתוכה משום דלית בה דיורין והלכתא כוותיה דקיימא לן בכל התורה רב אחא לחומרא ורבינא לקולא והלכתא כרבינא לקולא בר מאומצא ביעי ומזריקי ורחבה לאו דוקא נקט והוא הדין לחצר שיש בה דיורין וערבו אלא עובדא ברחבה היתה כדאמרינן לקמן עובדא הוה בדורא דרעותא כו'. כל כניסה ויציאה דבתים שבהש""ס דרך החצר הוא וחצר לפני הבתים:"
296,Eruvin,18,0,בפרק שני,פסי ביראות שהתרתה בהן - שלש עשרה אמה ושליש דתנן בפרק שני (לקמן עירובין יז:) עושין פסין לביראות שברשות הרבים והן עמוקין עשרה ואסור למלאות מהן ולהניח על שפתן שמוציא מרשות היחיד לרשות הרבים והתירו חכמים לעשות ארבעה דיומדין לארבע פיאות ולשוויה בין הפסין רשות היחיד ומותר למלאות ושרי רבי יהודה להרחיק זה מזה מלא שני רבקות של ארבעה ארבעה בקר ועוביה של פרה אמה ושני שלישי אמה דהוו להו שלש עשרה אמה ושליש לשמונה בקר:
297,Eruvin,28,0,בפרק שני,היה שם - בפסי ביראות תניא בפרק שני:
298,Eruvin,28,0,בפרק שני,כדבעא מיניה - בפרק שני:
299,Eruvin,47,0,בפרק קמא,דמיגו דמהני למתא - לטלטל במבוי כדאמרינן בפרק קמא (דף ז.) סרטיא מכאן ובקעה מכאן עושה צורת הפתח מכאן ולחי או קורה מכאן והכא נמי ליעבדו בראש המבוי הפתוח לרשות הרבים צורת פתח והאי לחי דלצד הרחבה שרי ליה:
302,Eruvin,64,3,בפרק בתרא,מותר ליטלו - בשבת דכל למטה משלשה אפילו באילן לא גזרו עליו דהוי כארעא סמיכתא והכי נמי תנן בפרק בתרא (דף צט:) היו שרשיו גבוהין מן הארץ ג' לא ישב עליהן:
303,Eruvin,65,0,בפרק קמא,"וסבר לה כר' מאיר - דאמר גבי כיפה בפרק קמא (דף יא:) חוקקין להשלים ומיהו רשות היחיד גמורה לא הוי כיון דאין בתחתיתו של אילן רחב ד' אע""ג דבראשו רחב ארבעה דכלכלה משלימה לעשרה לא הוי רשות היחיד אא""כ מתחיל להיות רחבו ארבעה מתוך ג' הסמוכים לקרקע דהכי אמרינן בהזורק (שבת דף קא.) גבי בוצינייתא דמישן והן ספינות ששוליהן חדים ואין בשוליהן רוחב ד' ולמעלה הן הולכות ומרחיבות הרבה ומחיצתן גבוהות י' אין מטלטלין בהן אלא ארבע אמות דלאו רה""י נינהו ואע""ג דגבוהים עשרה ורחבין ארבעה מלמעלה הואיל ובשוליהן לא הוי ארבעה והכא גבי אילן נמי טעמא משום הכי הוא ותדע שזהו הטעם מדקאמר לקמן כמאן דלא כר' יוסי בר ר' יהודה וכו' ובהזורק נמי מותבינן עלה דההיא מהא דר' יוסי:"
304,Eruvin,76,1,בפרק בתרא,"ור' יוסי אוסר - דקסבר לאו משום ספיקא דשמא באו עדים ביום ל' ספק ביום ל""א לחודיה איתקון אלא אף משום שמא באו עדים מן המנחה ולמעלה איתקון דתרוייהו קדישי דאמור רבנן שהיו מצפין ביום ל' של אלול שמא יבאו עדים שנראית הלבנה בו ויקדשו ב""ד את החדש היום ונוהגין אותו היום קדש שמא י""ט הוא ותניא תמיד של ר""ה שחרית קרב כהלכתו תמיד של חול ושיר של חול המתוקן ליום בהשיר שהיו הלוים אומרים במקדש ביום הראשון כו' [תמיד פ""ז מ""ד] בתמיד של בין הערבים אומר שיר אחר הסירותי מסבל שכמו כדאמרינן בפרק בתרא של ר""ה (ד' ל:) ואם באו עדים אחר תמיד של בין הערבים שכבר קרב בשיר של חול תיקנו שיהיו מקדשין החדש מחר ומיום המחרת מונין קביעתו כדי לומר שיר הראוי לי""ט ומ""מ גמר יום שלשים נוהגין קדש כתחלתו שכך תקנו שיהו נוהגין אותו היום קדש ואפילו גמרו של יום ואע""פ שיודעין שידחה ליום המחרת ולמחר קדש והרחוקים מב""ד נוהגין שני ימים טובים לאו משום ספק נראית לבנה ביום ל' והוי שני חול ספק ביום ל""א והוי ראשון חול קא עבדי אלא משום שמא באו עדים אחר תמיד של בין הערבים ונהגו ב""ד שניהן קדש קא עבדי אלמא שניהן קדש:"
308,Eruvin,104,0,בפרק קמא,"ר""מ לא עמדו חביריו על סוף דעתו - כדאמרינן בפרק קמא (דף יג:) שהיה אומר על טמא טהור ומראה פנים:"
309,Eruvin,107,0,בפרק ראשון,להראות לו פנים - ללמדו לתת טעם בדבריו בכל אשר יוכל ולא יאמר כך שמעתי הבן אתה הטעם מעצמך וחבירו בפרק ראשון (דף יג:) שהיה אומר על טמא טהור ומראה לו פנים:
311,Eruvin,155,0,בפרק קמא,"לענין מחיצה - אע""ג דעתיד ליטלו כל כמה דהוי התם מחיצה היא דהא מפסיק מידי דהוה אעביטין ואוכפות וכלי בהמה דתנן בפרק קמא (דף טו:) דמקיפין בהן:"
313,Eruvin,173,0,בפרק קמא,ורבן שמעון לטעמיה - דאמר בפרק קמא פחות מד' לבוד:
318,Bava Metzia,19,0,בפרק ב',תלמוד לומר ונתן מכל מקום - מדלא כתיב ובידה יתנהו דרוש ונתן אוכתב לה ונתן אלמא משום ידה אתרבאי דאי משום שליחות הא כבר כתיבא הכא כדתניא (ושלח) [ושלחה] מלמד שהאשה עושה שליח בקדושין בפרק ב' (דף מא.):
319,Bava Metzia,23,0,בפרק קמא,מקל וחומר - בפרק קמא דקדושין (דף טז.) מה סימנין שאין מוציאין מרשות האב מוציאין מרשות האדון כדילפינן ויצאה חנם אלו ימי בגרות אין כסף אלו ימי נערות מיתת האב שמוציאה מרשות האב שאינו מוריש לבניו מה שזכתה לו תורה בבתו שיהא מעשה ידיה לאחין כדילפינן (כתובות דף מג.) והתנחלתם אותם לבניכם ולא בנותיכם לבניכם אינו דין שמוציאה מרשות האדון: 
321,Bava Metzia,141,0,בפרק שני,"בשלמא סיפא - דקתני אם העמידו אצל ישראל אסור דמשמע שנכרי זה חשוב שלוחו של ישראל חומרא דרבנן הוא למיסר דהא דקי""ל דשלוחו של אדם כמותו. בשולח ישראל ושליח ישראל נאמר דמתרומה גמרינן בפרק שני דקדושין (דף מא:) אתם גם אתם. לרבות שלוחכם מה אתם בני ברית. אף שלוחכם בני ברית:"
324,Bava Metzia,233,1,בפרק בתרא,דדיינא הוא - אב בית דין היה כדאמרינן בהוריות בפרק בתרא (דף יג:): 
326,Keritot,2,3,בפרק בתרא,שהוא בעולה ויורד - ואין שם אשם תלוי אלא בספק קבוע כדאמרינן בפרק בתרא (לקמן כריתות כה.) אין אשם בא אלא על דבר שזדונו כרת ושגגתו חטאת קבועה:
327,Keritot,3,0,בפרק ד',"שלש עשרה ועשרים וד' מפרש התם בפרק ד' אבות נזיקין (ב""ק ד:) ולשלם ממיטב כדמפרש התם: "
328,Keritot,4,0,בפרק ד',ור' ישמעאל היא - בפרק ד' מיתות:
329,Keritot,4,0,בפרק ד',דאמר רבי אבהו - בפרק ד' מיתות (סנהדרין נד:) לא יהיה קדש אזהרה לנשכב ועונש מגזירה שוה דכתיב וגם קדש היה בארץ. ואי קשיא גבי עריות היכן מצינו אזהרה לאשה כמו לזכר דאשכחן בכולהו לאו פריק הכי שאני התם כיון דאיהי נמי מיתהנייא משכיבה קרינא בה הנפשות העושות אבל משכב זכר דלא מתהני בעי אזהרה. ובגברי כתיב דאין זכור לבהמה ולא מיקרי קדישות: 
331,Keritot,12,0,בפרק שני,"אשם לאו דוקא נקט דהא אשכחן אשם אמזיד בפרק שני (לקמן כריתות ח:) ד' מביאין על הזדון: 
"
334,Keritot,33,0,בפרק בתרא,אפשר לברר איסורו - דאשם תלוי אינו בא אלא להגין מן הייסורין עד שיוודע לו ויביא חטאת כדמפרש בפרק בתרא (לקמן כריתות כה.) הילכך שתי חתיכות [ואכל אחת] ונשארה האחת אפשר שיבוא לאחר זמן בקי שיכיר אם זו הנותרת שומן ודאי חלב אכל ויביא חטאת אבל חתיכה אחת ואכלה אי אפשר לבררה: 
335,Keritot,34,0,בפרק בתרא,מתנדב אדם כו' - טעמיה דר' אליעזר בגמרא מפרש בפרק בתרא (לקמן כריתות כה.):
336,Keritot,34,0,בפרק בתרא,אמר רב אשי - האי דבעינן מקצת איסורא לרבי אליעזר אליבא דבבא בן בוטא קאמר דאמר בפרק בתרא (שם) שהיה מביא אשם תלוי בכל יום חוץ ממוצאי יום הכיפורים אמר המעון הזה אילו מניחים אותי הייתי מביא אלא אומרים לי (כו') המתן עד שתיכנס לבית הספק כלומר המתן עד למחר שיש מקצת ספק שמא חטאת היום אבל מוצאי יום הכיפורים אין לחוש בכך דהא כיפר עליו יום הכיפורים על ספקו כדאמרינן בפרק בתרא (שם) חייבי אשמות תלויין שעבר עליהן יום הכיפורים פטורין ואליבא דהאי בעינן מקצת ספק כגון חתיכה אחת אפילו לר' אליעזר אבל רבנן דפליגי אדר' אליעזר בפרק בתרא (שם) דאמרי אין מביאין אשם תלוי אלא על דבר שזדונו כרת ואי מייתי הוי מכניס חולין לעזרה הכא נמי פטרי דדוקא בעינן כדקרינן מצוות:
338,Keritot,41,0,בפרק קמא,התרו בו משום שרץ לוקה - כדאמרינן בפרק קמא (לעיל כריתות דף ד:) וזה לכם הטמא לימד על דם השרץ ובשרו שמצטרפין לכזית לאכילה אלמא דם שרצים כבשרן:
339,Keritot,43,0,בפרק ד',אשם שפחה חרופה יליף מאיל איל - אשם נזיר דכתיב בספרים שבוש הוא דהא באשם נזיר (במדבר ו) כבש בן שנתו כתיב ואמרינן בפרק ד' מחוסרי כפרה (לעיל כריתות י:) מדאיל בן שתי שנים בשני סלעים כבש בן שנתו בסלע:
