Masechet,Daf,Comment,References,Text
Bava Kamma,30,3,בפרק שני,ושור המזיק כו' מחלוקת רבי טרפון ורבנן - בפרק שני והאדם:
Bava Kamma,115,1,בפרק בתרא,גוזרי גזירות - קונסי קנסות אדמון וחנן בן אבשלום בפרק בתרא דכתובות:
Bava Kamma,136,2,בפרק שני,"וראיה - בפרק שני דסנהדרין:
"
Bava Kamma,151,0,בפרק קמא,יש נותר שמטמא כו' - לרבי שמעון איסורי הנאה אין מטמאין טומאת אוכלין דדריש מכל האוכל אשר יאכל אוכל שאתה יכול להאכילו לאחרים או לנכרי או לישראל קרוי אוכל בפרק קמא דבכורות (ד' ט:) ואם היתה לה שעת היתר הנאה משנשחטה ירדה עליו דין קבלת טומאה ואפילו נאסר לאחר כן מקבלת טומאה:
Bava Kamma,154,1,בפרק קמא,דר' יהושע - בפרק קמא דבכורות (דף ז.):
Bava Kamma,155,0,בפרק בתרא,"גנב פטר עצמו - דאתשלומין דבעלים מחייב והרי הוציאו ידי נדרו ואפסידא דהקדש מיפטר דמבית האיש כתיב ולא הקדש ואליבא דר' שמעון נקט לה דאמר קדשים שחייב באחריותן חייב פלוגתייהו דרבנן ור""א וטעמייהו בפרק בתרא דמנחות:"
Bava Kamma,167,0,בפרק קמא,מידי דהוה אהודאות והלואות - דאמר בפרק קמא דסנהדרין (ד' ג.) דלא בעינן מומחין שלא תנעול דלת בפני לווין הודאות הבא לידון בעדי הודאה שאמרו בפנינו הודה לו והלואות שבא לידון בעדי הלואה שאומרים בפנינו הלוה לו:
Bava Kamma,173,0,בפרק שני,"אפי' למ""ד יכול הרב כו' - פלוגתא במסכת גיטין בפרק שני:"
Bava Kamma,186,0,בפרק ראשון,אין שמין - בפרק ראשון (דף יא.) גבי בעלים מטפלין בנבילה אמר שמואל דלנזקין הוא דשמין את הנבילה לניזק ומוסיף עליה מזיק עד שמשלים לו נזקו אבל גנב וגזלן שנטלו בהמה ומתה או כחשה אין שמין את הנבילה אלא שלהם תהא והם ישלמו בהמה מעליא אלמא שינוי קני:
Bava Kamma,236,0,בפרק שני,"חמיר מגופו - דקיימא לן בפרק שני דע""ז (דף כו:) דמותר לאבד גופו בידים דקתני המינין והמסורות מורידין אותן לבור ולא מעלין:"
Sanhedrin,61,0,בפרק קמא,דיני קנסות - אלהים כתיב בהן (שמות כב) ובעינן סמוכין ובבבל אין סמיכה כדאמרינן בפרק קמא (דף יד.):
Sanhedrin,62,0,בפרק קמא,דיני ממונות בשלשה - הא ילפינן בפרק קמא (דף ב:):
Sanhedrin,62,1,בפרק קמא,"ודיני נפשות מטין ע""פ אחד לזכות - שנים עשר מזכים ואחד עשר מחייבים זכאי אבל לחובה אין מטין אחר הרוב אלא אם כן רבו המחייבין על המזכין שנים כדאמרינן בפרק קמא (דף ב.) לא תהיה אחרי רבים לרעות ובדיני ממונות ליכא לאוקמה כדאמר לקמן (סנהדרין דף לו:) לא תטה משפט אביונך אבל אתה מטה משפט שור הנסקל וכל שכן שאר דיני ממונות:"
Sanhedrin,104,0,בפרק בתרא,הבא על האם - בשוגג חייב עליה שתי חטאות דבכולהו עריות כתיב בהו כרת וכתיב בהו חלוק חטאות ואפילו בגוף אחד כדאמרינן בפרק בתרא דמסכת מכות (דף יד.) לחייבו על אחותו שתים שהיא אחותו מאביו ואחותו מאמו והכא נמי כתיב בהו חלוק לרבנן כדמפרש בגמרא:
Sanhedrin,104,0,בפרק שלישי,חייבי כריתות - שאסורין עליו באיסור כרת דקיימא לן בקדושין בפרק שלישי (דף סז.) דלא תפסי בהו קדושין:
Sanhedrin,104,0,בפרק קמא,איסור מצוה כו' - יבמה שנפלה לפני יבם והיא אסורה עליו משום מצוה או משום קדושה חולצת ואינה יוצאה בלא כלום אף על גב דגבי חייבי כריתות קיימא לן בפרק קמא דיבמות (דף ג:) מגזרה שוה דעליה דיוצאה הימנו בלא כלום בלא חליצה התם הוא דאסורה ליה איסור חמור דלא תפסי ביה קדושי אבל איסור מצוה או קדושה דבנות קדושין נינהו מרבינן התם (דף כ.) מיבמתו יבמתו יש לך אחרת שעולה השערה לחלוץ ואינה עולה ליבום ואיזו זו חייבי לאוין:
Sanhedrin,108,0,בפרק ששי,"לישראל נמי תתסר מידי דהוה ארביעה - דאסרינן לה ומקטלא וכי איצטריך למיסר נעבד לגבוה כגון נעבד על פי עד אחד או ע""פ הבעלים דגברא לא מקטיל ואיהי נמי לא מקטלא דהא רובע ונרבע אסר להו קרא לגבוה וקשיא לן למה לי קרא ממשקה ישראל כתיב מן המותר לישראל ואוקים בנרבע על פי אחד או על פי הבעלים דגברא לא מקטיל ואיהי נמי לא מקטלא בפרק ששי דתמורה (שם):"
Sanhedrin,109,4,בפרק בתרא,בא עליה אחד מן הפסולין - כגון עובד כוכבים או חלל או נתין וממזר פסלה מן התרומה דהא ביאתה ביאה וביבמות (דף סח.) ובקדושין בפרק בתרא (דף סט:) ילפי לה מהאי קרא ובת כהן כי תהיה לאיש זר וגו' כיון שנבעלה לפסול לה פסלה עולמית מהתם יליף לה שפיר ולוויה וישראלית מרבו מרבויא דבת ובת:
Sanhedrin,133,2,בפרק בתרא,שקל ספסירא וגיידיה לגמליה - נטל חרב וחתך גמל לאברים גיידיה כמו ראוהו מגוייד דבפרק בתרא דיבמות (דף קכ:):
Sanhedrin,174,1,בפרק קמא,י' כהנים - כדמפרש בפרק קמא י' כהנים כתובין בפרשה אם נפדית בפחות מעשרה בני אדם עדיין הקדש היא ומועלין בה ולרבנן אין מועלין בה:
Sanhedrin,182,2,בפרק קמא,"חדא לטובה - של ישראל שסילק שכינתו מאומות העולם ובא על ישראל וקרי ליה נקמות משום דתגמול טוב הוא שזכו לשכינה על שאמרו נעשה ונשמע ונקמה היינו תגמול ואחת לפורענות לעובדי כוכבים שנפרע מהן ליום הדין כדאמרינן בפרק קמא דמסכת ע""ז (דף ד.) נוקם ה' ובעל חמה לעכו""ם שהוא בעצמו ובכבודו נפרע מהן והיינו הופעה:"
Sanhedrin,219,0,בפרק בתרא,קטני בני רשעי ישראל - רשעי ישראל עצמן פשיטא דאין להם חלק לעולם הבא כדאמרינן בפרק בתרא דכתובות (דף קיא:) רפאים בל יקומו מי שמרפה עצמו מדברי תורה אבל בנים שלהם קטנים ולא חטאו פליגי בהו:
Sanhedrin,219,0,בפרק בתרא,משעה שנזרע - משעה שנקלט הזרע במעי אשה אפילו הפילה אמו ונמחה יש לו חלק לעתיד דכתיב זרע יעבדנו והכי אמר בכתובות בפרק בתרא (דף קיא.) נבלתי יקומון לרבות נפלים:
Bava Batra,2,3,בפרק שני,"אומר לו - לבעל הכרם גדור אתה שלא יאסרו גפניך את תבואת השדה משום כלאים לפי שסמך בעל השדה את זרעיו סמוך לגדר כדתנן בפרק שני (דף כו.) היה גדר בינתים זה סומך לגדר מכאן את אילנותיו וזה סומך לגדר את זרעיו מכאן וכשאין שם גדר תנן בפ' שני לא יטע אדם אילן סמוך לשדה חבירו אא""כ הרחיק ממנו ד' אמות כדי עבודת הכרם דבהכי הוי כלאים:"
Avodah Zarah,28,2,בפרק בתרא,"מחמר לא שייך למימר אלא בבהמה הטעונה משאוי ופעמים שנותן עליה משא לנסותה אם הולכת יפה וה""ל מחמר בשבת ואיכא למ""ד בפרק בתרא במסכת שבת (דף קנד.) דחייב חטאת והתם פלוגתא:"
Avodah Zarah,48,0,בפרק בתרא,"דמחית - מניח חזה על השוק גבי חזה ושוק של שלמים בשעת תנופה וההיא סעודתא אע""פ דזבח הוה כדכתיב (שמואל א ט׳:י״ג) כי הוא יברך (את) הזבח לא הוה חזה ושוק דידהו לכהן דבמה קטנה הוה וקיימא לן בפרק בתרא דזבחים (דף קיט:) חזה ושוק בבמה גדולה ואין חזה ושוק בבמה קטנה:"
Avodah Zarah,53,0,בפרק קמא,יעקב איש כפר סכניא - כדאמרן בפרק קמא (דף יז.):
Avodah Zarah,88,1,בפרק בתרא,"ומה שעליהן - כגון אם ציפום זהב וכסף אסור שנאמר לא תחמוד כסף וזהב עליהם ולקחת לך ואע""ג דאינהו לאו עבודת כוכבים מקרו ולא מתסרי גזירת הכתוב היא (שהרים וגבעות שהן קרקע עולם אין בהן כח לאסרן אבל עבודת כוכבים מיהא הוי) דתלוש שעליהם כתלוש של שאר עבודת כוכבים שנאמר לא תחמוד עליהם על כל שהן נעבדין משמע ועל כרחנו אנו צריכין לפרש דלאו עבודת כוכבים מיקרו דאמרינן בהשוחט (חולין דף מ.) הא דאמר להר והא דאמר לגדא דהר שהשוחט לשם הר לא מיקרי זבחי מתים והא דתניא לקמן ועובדיהם בסייף משום האי טעמא הוא דאע""ג דלאו עבודת כוכבים נינהו לענין איתסורי עובדיהם מיהא לשם עבודת כוכבים עבדי להו ולעבודת כוכבים מיכווני חייב דהוא דומיא דמחובר (בפרק בתרא (דף נד)):"
Makkot,15,0,בפרק קמא,חיותיה הוא - ואף זו מצוה על האב ללמדו דילפינן לה מקרא בפרק קמא דקדושין (דף ל:) דכתיב ראה חיים עם אשה אשר אהבת הקיש אומנות שהוא חיותו לאשה כשם שאביו חייב להשיאו אשה כדכתיב וקחו לבניכם נשים כך חייב ללמדו אומנות:
Makkot,24,1,בפרק בתרא,האוכל ביום הכפורים - ויליף אזהרתיה בפרק בתרא דיומא (דף פא.):
Yevamot,58,1,בפרק ראשון,וזהו שאמרו - בפרק ראשון נתגרשו העריות צרותיהן מותרות:
Yevamot,61,1,בפרק שני,מייבם לאיזו שירצה - כדקתני טעמא בפרק שני בברייתא אם מאמרו של שני מאמר אשת שני הוא בועל ואם אינו מאמר אשת ראשון הוא בועל:
Yevamot,79,0,בפרק קמא,דר' יוחנן - בפרק קמא (לעיל יבמות י:):
Yevamot,141,3,בפרק בתרא,מעוי - צועק כמו עוי עוי ולא אשגחו ביה בפרק בתרא דיומא (דף עז.):
Yevamot,162,0,בפרק בתרא,והא רבה הוא דאמר - בפרק בתרא (דף קיט.):
Yevamot,213,0,בפרק קמא,כל שיכולה למאן - בפרק קמא (לעיל יבמות ב:) בתו קטנה הנשואה לאחיו ולא קיבל אביה קידושין כגון שהשיאה אביה תחלה לאחר ונתגרשה והיא יתומה בחיי האב ויכולה למאן ולא מיאנה בו ומת צרתה חולצת שאינה צרת הבת להפטר משום צרת ערוה הואיל והבת יכולה למאן אינן נישואין גמורין ולא מתייבמת הואיל ולא מיאנה הבת הויא לה הך צרת ערוה במקצת:
Yevamot,222,0,בפרק בתרא,האומרת טמאה אני לך - אשת כהן שאמרה לבעלה נאנסתי דאיתסרא עליה וכתובתה לא מיפסדה ובאשת כהן מוקמינן לה בפרק בתרא דנדרים:
Kiddushin,2,0,בפרק שני,"ומאי שנא התם - בפרק שני (לקמן קידושין דף מא ע""א) דתנא ""האיש מקדש בו ובשלוחו"", ניתני הכא: האשה מתקדשת."
Kiddushin,64,2,בפרק קמא,"רב נחמן משדר גוזאי - סריסים שהיו תמיד לפניו לפי שהיה שר חתן הנשיא ואב ב""ד היו רגילין לעמוד לפניו משרתים להכות ולכוף מאן דלא ציית דינא וכשהיו זקנים עוברים לפניו היה שולח הנך סריסים להחזיק בידם אבל הוא עצמו לא שלא לזלזל בתורתו דאמר אי לאו תורה כמה נחמן איכא בשוקא הלכך אין חשיבותי בשביל עצמי אלא בשביל תורה ואית דמפרשי אביי יהיב ידא לסבי מכבד עצמו בזקנים ופושט להם ידו שישען הוא עליהם רבא משדר שלוחיה שיצאו לקראתו לכבודו וכן רב נחמן וליתא דכל היכא דגרסי' יהיב ידא להשען אחרים עליו קאמר ולא להשען הוא על אחרים כדאמר בפרק קמא דיומא (דף ט:) ריש לקיש הוה סחי בירדנא אתא רבה בר בר חנה יהיב ליה ידא שישען ר' שמעון בן לקיש עליו ויצא לשפת הנהר:"
Kiddushin,68,0,בפרק בתרא,הניחא כו' - פלוגתא היא במסכת שבת (דף סא.) ובפרק בתרא דעירובין (דף צה:):
Kiddushin,126,1,בפרק בתרא,"להשיאה לחלל - לנולד מאלמנה לכ""ג דאמר לקמן בפרק בתרא (קידושין דף עד:) עמוני ומואבי כותי נתין חלל וממזר מצרי ואדומי שבאו על כהנת לוייה וישראלית פסלוה:"
Kiddushin,132,0,בפרק בתרא,גמ' גר שנשא ממזרת דיש קידושין ואין עבירה - דגר מותר בממזרת לר' יוסי דאמר קהל גרים לא מקרי קהל לקמן בפרק בתרא (קידושין דף עג.):
Kiddushin,136,2,בפרק קמא,מאי ניהו - מאי הוה אמר ליה איסורא לא היה מינסיב עצה למיעבד ומשני דמינסיב לו עצה ואמר ליה זיל גנוב ותיזדבן לעבד עברי ותהא שפחה מותרת לך דמכרוהו בית דין רבו מוסר לו שפחה כנענית ולא מוכר עצמו ולהכי נקט זיל גנוב והוא הדין נמי מצי לאקשויי מי שרי לאנסובי עצה למיגנב אלא מקשיא אחרת סלקיה דאי הוה מקשי ליה הא הוה מצי ליה לשנויי אלא דאמר ליה מכור עצמך לעבד עברי וכרבי אליעזר דאמר בפרק קמא (לעיל קידושין דף יד:) זה וזה רבו מוסר לו שפחה כנענית:
Niddah,22,0,בפרק שני,וזהו עדן של צנועות - כלומר מדת חסידות שנו כאן ולאו חיובא הוא דאמרינן בפרק שני (שם.) הצנועות מתקנות להן שלישי לתקן את הבית. זהו עדן אלפני תשמיש קאי:
Niddah,80,0,בפרק בתרא,הכי נמי מסתברא - דכל הני פסולין דהכא בבהמות קדשים קאמר. ורובע ונרבע כגון שהקדישן ולבסוף נרבעו. ומוקצה ונעבד נמי בקדשים קלים ואליבא דרבי יוסי הגלילי דאמר ממון בעלים הן ויכול לאוסרן והכי נמי מוקמינן בפרק בתרא דזבחים (דף קיד.). ואתנן ומחיר כשנתן לה עובר בהמת קדשים קלים באתנן וקסבר בהוייתן הם קדושים ולא קודם לכן לפיכך איסור אתנן ומחיר חל עליהם וקדושה דממילא נמי חיילא עלייהו והרי הם קדושים. וכלאים וטרפה ויוצא דופן נמי בולדות קדשים:
Niddah,119,0,בפרק קמא,עוברה - דמיה מסולקין וכן מניקה וזקנה. בתולה האי בתולה בתולת דמים שלא ראתה מימיה ואפילו היא נשואה קרי לה בתולה להכי כדאמרינן בפרק קמא (לעיל נדה דף ח:):
Pesachim,4,0,בפרק קמא,המפלת אור לשמנים ואחד - בכריתות בפרק קמא דקיימא לן זאת תורת היולדת מלמד שמביאה קרבן אחד על ולדות הרבה יכול שתביא על הלידה שלפני מלאות ועל הלידה שלאחר מלאות קרבן אחד ולא יותר תלמוד לומר זאת שאם ילדה לאחר מלאות כגון שטבלה לסוף שבועיים של נקבה ונתעברה והפילה אם תוך מלאות הפילה נפטרת בקרבן אחד ואם לאחר מלאות הפילה כבר נתחייב' בקרבן הראשון קודם לידה שניה ולבסוף מלאות של לידה שניה תביא שתי קרבנות ואם הפילה ליל של כניסת שמונים ואחד שכבר עברה מלאות שלה אבל עדיין אינה ראויה להבאת קרבן שאין קרבן נשחט בלילה:
Pesachim,25,1,בפרק שני,ואינו קדוש - ואינו ניתר באכילה ואף על פי שהכבשים עצמן מותרין דקיימא לן כל הזבחים שנזבחו שלא לשמן כשירין אלא שלא עלו לבעלים לשם חובה ותניא בפרק שני דביצה (ד' כ:) כבשי עצרת ששחטן שלא לשמן הדם יזרק והבשר יאכל אינהו הוא דמתאכלי כשלמים בעלמא אבל לחם כיון דכבשים אין שמן עליהן דהא לא עלו לשם חובה אלא לשם שלמי נדבה עליהן מי יתירנו:
Pesachim,38,0,בפרק שני,אלא דאיתכשר בחיבת הקודש - חיבת הקודש מכשרתה לבוא לידי טומאה דקיימא לן בפרק שני דשחיטת חולין חיבת הקודש משווה לה אוכל לקבולי טומאה:
Pesachim,42,0,בפרק שני,חולין שנשחטו בעזרה - דאסירי בהנאה לאו דאורייתא בפרק שני דקדושין (דף נח.) איפליגו בה:
Pesachim,53,2,בפרק קמא,שאם לא מצא עצים ישב ויבטל - בתמיה ואף על גב דאמרי' בפרק קמא (דף יב:) לרבי יהודה אבל בשעת ביעורו השבתתו בכל דבר גבי פלוגתייהו מיהא קולא היא במי שהוא רוצה לצאת בשיירא או בתוך שלשים דאמרינן זקוק לבער וכשאין עצים לשורפו יהא יושב ובטל ולא יבערנו:
Pesachim,54,1,בפרק בתרא,חטאת העוף הבא על הספק - כגון הפילה ספק ולד ספק אינו ולד אינה אוכלת בקדשים שמא ולד הוא עד שתביא כפרתה העולה באה על תנאי אם ילדתי הרי היא לחובתי ואם לאו הרי היא נדבה וחטאת העוף מביאתו על הספק ואין כאן משום חולין בעזרה דמקראי נפיק במסכת נזיר בפרק מי שאמר (נזיר דף כט.) ואסורה באכילה שמא חולין היא ומליקתה שויה נבילה ופליגי בה רבי יהודה ורבנן בפרק בתרא דתמורה חטאת העוף הבא על הספק תשרף רבי יהודה אומר יטילנה לאמה:
Pesachim,55,0,בפרק קמא,ואי בעית אימא סמוכין לא דריש - רבי יהודה אלא במשנה תורה לחוד והכי שמעינן ליה בפרק קמא דיבמות (ד' ד.) הלכך לית ליה דרבי יוסי הגלילי:
Pesachim,55,2,בפרק בתרא,כתיב בהאי - ערל ובן נכר וכתיב טמא ושהיה בדרך רחוקה דליכול מצות ואף על גב דמצי יליף מיניה הלכך איצטריך היקישא לקובעו חובה ומקראי אחריני טובא כגון שבעת ימים מצות תאכלו וכגון מצות יאכל את שבעת הימים לא נפקא ליה קביעות חובה דהנהו לאו חובה נינהו אלא מצות יאכל ולא חמץ ואם רצה ליזון שלא מחמץ ושלא ממצה הרשות בידו ותדע דהא בכולהו כתיב את שבעת הימים וחובת מצה אינו אלא לילה הראשון כדילפינן בפרק בתרא אבל מההוא קרא נפקא לן חובת לילה הראשון מדכתיב להיקישא גבי פסח וכדכתיב תאכל עליו מצות כי פסח לילה הראשון אף היקישא שלא בזמן פסח ללילה ראשונה ואהני היקישא לקובעו חובה בזמן הזה ואהני עליו למימרא דקביעת חובה דהיקישא לאו לכל שבעה אלא ללילה הראשון:
Pesachim,64,2,בפרק חמישי,"וחכ""א באזהרה - רבנן נמי אית להו גזירה שוה דרבי דהא עיקר מילתא דמעילה בהא גזירה שוה גמרי בפרק חמישי דמעילה (דף יח:) בברייתא גבי פגם ונהנה ובדבר שפגם נהנה ובתלוש מן הקרקע ובשליח שעשה שליחותו כל הני מתרומה גמרי בה ואזהרה נמי מתרומה גמרי מה אכילת תרומה הזהיר דכתיב לא יאכל קודש אף הנאת הקדש דמעילה הזהיר ומיהו מיתה לא גמרינן מינה כדמפרשי רבנן טעמייהו בסנהדרין דמיעט רחמנא בתרומה ומתו בו והאי בו מיעוטא בו ולא במעילה וכן עיקר:"
Pesachim,67,1,בפרק קמא,"אי אמרת בשלמא - פסול חשש טומאה הוא משום הכי מודה רבי יהושע שאם זרק הורצה דאפילו נטמא ודאי ואע""ג דטומאה פסול הגוף הוי מרצה ציץ ולכתחלה לא יזרוק דקא סבר ריצוי ציץ בדיעבד הוא ויוצא אע""ג דלא מהני ליה ציץ הורצה בדיעבד דאע""ג דרבי יהושע בעי תרתי דם ובשר מיהו הואיל והבשר בעין ופסול יוצא פסול מחמת דבר אחר הוא חשבינן ליה פסול חסרון מחיצות בפרק קמא דמנחות בסופו איכא למימר בדיעבד הורצה:"
Pesachim,67,3,בפרק קמא,"ה""ג אלא אי אמרת פסול הגוף הוי אמאי הורצה - ולא גרסינן פסול הגוף מי קא מרצי ציץ דהא פסול יוצא נמי לא מרצי ציץ כדאמרינן בפרק קמא (דף טז:) הא אינו נושא אלא עון טומאה:"
Pesachim,73,0,בפרק שני,לדברי רבי מאיר - דאמר בפרק שני דקדושין (דף נד:) מעשר ממון גבוה הוא פטורה מן החלה כדמפרש דעריסותיכם כתיב ולא של גבוה:
Pesachim,75,0,בפרק בתרא,"זאת אומרת - מדלא נפקא ליה מבכל מושבותיכם קסבר חלות תודה ורקיקי נזיר נאכלות בנוב וגבעון ודלא כר""ש דאמר בפ""ק דמגילה (דף ט:) דלא קרב בנוב וגבעון דהיינו במה גדולה אלא פסחים וחובות הקבוע להן זמן אבל חובות שאין להן זמן קבוע לא ודלא כמ""ד בפרק בתרא דזבחים (דף קיז.) כאן וכאן במה גדולה דנוב וגבעון ובמה קטנה שהיה עושה בראש גגו לא קרבו ליחיד אלא עולה ושלמים ועל אותן שקרבו בנוב וגבעון הוצרך להביא ראיה מושמרתם את המצות וממצות תאכלו וגו' דלא נפקי מבכל מושבותיכם דאית להו היתר בכל מושבות שהיו יכולין להוליכן בכל מקום שירצו בתוך זמן אכילתן דתנן בפרק בתרא דזבחים (דף קיב:) באו לנוב וגבעון הותרו הבמות קדשי קדשים נאכלין לפנים מן הקלעים קדשים קלים ומעשר שני בכל ערי ישראל עד שלא הוקם המשכן היו במות מותרות ועבודה בבכורות משהוקם המשכן עבודה בכהנים ונאסרו הבמות עברו את הירדן והוקבעו בגלגל ז' שכבשו וז' שחילקו היו הבמות מותרות באו לשילה לאחר שחילקו והוקבע משכן שם נאסרו הבמות וכולהו מפרש מקראי בפרק בתרא דזבחים חרבה שילה בימי עלי כשנשבה הארון בארץ פלשתים באו להן לנוב ולא היה שם משכן אלא בית של אבנים היה והוקבע שם מזבח הנחשת אבל ארון לא היה שם שכשהחזירוהו פלשתים עמד בקרית יערים עשרים שנה עד שמלך דוד והביאו לציון ובציון עמד עד שבנה שלמה בית המקדש כדכתיב (מלכים א ח׳:ו׳) ויביאו הכהנים את ארון ברית ה' וגו' ומזבח הנחושת היה בנוב כל ימי שאול ושמואל כדכתיב (שמואל א כ״א:ה׳) ויאמר אין לחם חול אל תחת ידי כי אם לחם קודש [וגו'] המוסרים מלפני ה' חרבה נוב על דבר זה שהרגם שאול מפני שנתנו לחם לדוד ובאו להם לגבעון וניתן שם מזבח הנחשת עד שבנה שלמה הבית כדכתיב בדברי הימים (א' כא):"
Pesachim,77,0,בפרק בתרא,כעין דאורייתא תקון - ואין לו היתר במושבות ומרור איתקש למצה מה מצה בעינן נאכלת בכל מושבות אף מרור נמי בעינן יש לו היתר. לישנא אחרינא מצה בזמן הזה דאורייתא ומרור מדרבנן בפרק בתרא (דף קטו.) וזה שמעתי וקשיא לי בזמן הזה מי מסקי מעשר שני לירושלים ואי למאן דאמר קדושה ראשונה קידשה לשעתה וקידשה לעתיד לבוא בהדיא איבעי ליה לפרושי בזמן הזה:
Pesachim,89,2,בפרק קמא,ונשרפת עם הטמאה בפסח - אם תרומה טהורה היא דכיון דלא חזיא לאדם מותר לטמאה בידים ואפילו לר' יוסי דאמר בפרק קמא (דף יד.) זו לעצמה וזו לעצמה:
Pesachim,98,1,בפרק בתרא,שלא לעשות - כדי שלא יהא טרוד במלאכה וישכח ביעור חמצו ושחיטת הפסח ותקון מצה לצורך הלילה דמצוה לטרוח מבעוד יום כדי להסב מהר כדאמר בפרק בתרא (דף קט:) חוטפין מצה בלילי פסחים בשביל תינוקות שלא ישנו:
Pesachim,121,0,בפרק שני,וכי תימא מאי חומרא דזריקה - משחיטה דמוקמית קולא דמקצת ערלה לא פסלה אשחיטה אבל זריקה אפי' מקצתה פסלה היינו חומרא דילה דלא מקיים פיגול אלא בזריקה אם חישב באחת מארבע עבודות על מנת לאכול הימנו כזית חוץ לזמנו פיגול הוא וחייבין עליו כרת אפילו אכל ממנו תוך זמנו כדכתיב (ויקרא ו) והנפש האוכלת ממנו עונה תשא ובלבד שיעשו כל עבודות שלאחריה שלא בפסול אחר אלא או בשתיקה או בכשרות על מנת תוך זמנו או על מנת פיגול כמותה אבל חישב באחת מעבודות שלאחריה פסול אחר כגון חוץ למקומו שוב אין בו כרת כדאמרי' בזבחים (דף כח:) ובמנחות בפרק שני (דף טז.) הרצאה כתיבה בפיגול נאמר לא ירצה בפיגול ונאמר בכשר מיום השמיני והלאה ירצה כהרצאת כשר כך הרצאת פיגול מה הרצאת כשר עד שיקרבו כל מתיריו בכשרות אף הרצאת פיגול עד שיקרבו כל מתיריו או בפיגול או בכשרות אלמא לא מיקבע וודאי של פיגול אלא בזריקה שהיא סוף העבודה דכל שעתא קאי בספק שמא יחשב פסול אחר בעבודה הבאה ויפקיע שם פיגול ממנו:
Pesachim,127,0,בפרק בתרא,מאן תנא פסח בזריקה - למרחוק ולא בשפיכה בנחת מקריב הכלי לכותל המזבח דאיכא למאן דאמר בפרק בתרא (דף קכא.) פסח בשפיכה ורבי ישמעאל היא דמפיק ליה מודם זבחיך ישפך במסכת זבחים בפרק בית שמאי אין לך קרבן שצריך מתנה באצבע אלא חטאת בלבד אבל כל שאר קרבנות מתן דם על ידי זריקת כל הכלי:
Pesachim,128,0,בפרק שני,שמא לא נתקבל בכלי - אותו שאתה רוצה להכשיר שמא לא נתקבל בכלי ותו לא מהניא ליה זריקה דתנן נשפך מצואר בהמה על הרצפה ואספו פסול בזבחים בפרק שני (דף טו.):
Pesachim,135,1,בפרק בתרא,הא - דעירובין ביד ומתניתין בכלי דהוי מלאכה גמורה ובעירובין בפרק בתרא איתא נמי כולה הך סוגיא ומקשינן התם והא גבי שבות תני לה דקתני אלו שמשום שבות לא אידחו כו' אלמא לאו בכלי קאי:
Pesachim,138,0,בפרק בתרא,הלילה הזה כולו צלי - מתני' היא בפרק בתרא כולו צלי ואפי' החגיגה:
Pesachim,140,0,בפרק בתרא,ר' אליעזר בן עזריה - בפרק בתרא (דף קכ:) דאמר מדאורייתא אכילת פסח עד חצות ותו לא:
Pesachim,144,0,בפרק שני,השוחט חטאת - גר' ובשחיטת חולין בפרק שני מפרש אמאי נקט חטאת:
Pesachim,151,1,בפרק קמא,תשלומין כל שבעה - כדנפקא לן בפרק קמא דמסכת חגיגה (דף ט.) מוחגותם אותו חג לה' שבעת ימים:
Pesachim,152,0,בפרק בתרא,קרא עלי מועד - תמוז דשילוח מרגלים מלויי מליוה וכלו ארבעים דידהו בט' באב בפרק בתרא דתענית והוקבעה להם בו בכיה לדורות ויום עיבור החדש קרי מועד:
Pesachim,178,1,בפרק קמא,"ורבי היא - דאית ליה פסח ממון בעלים הוא דאמר לקמן אף מכדי מקח שאם ימעטו לו מעות לבעל הפסח ליקח חלוק וטלית ממנה אחרים עמו על פסחו ונוטל מהן מעות ועושה צרכיו אלמא שלו הוא ויכול לאוסרו אי לאו דאוקמא רבי אושעיא במסכת תמורה לההיא כדפרישית אנא הייתי מוקי לה ההיא דאתנן בקדשים קלים שנתן לה שלמים באתננה ויש בידו לאוסרן ורבי יוסי הגלילי היא דאמר בפרק קמא דב""ק (דף יב:) קדשים קלים ממון בעלים הם והאי מתניתא דלעיל דקתני מעות חולין הוה מוקמינא כרבי והוה אמינא דהא דשרי רבי לעשות צרכיו במעות לאו משום דפסח אית ביה שיור בקדושתו ליתפס קדושת המעות בחולין שבו אלא משום דזה שמפריש המעות שייר בקדושתו לתתם מתת חולין לבעל הפסח והא ליכא לאוקמי כר' יוסי דהא קתני בשלמים לא עשה כלום וההיא דאתנן כר' ובפסח לא הייתי מוקי לה דלא הוה סלקא דעתאי דפסח לרבי ממון בעלים הוא שיהא בידו לאוסרו:"
Pesachim,180,1,בפרק בתרא,"שהיא בלא תעשה - אבל כרת דשחוטי חוץ ליכא ובשחיטת קדשים בפרק בתרא (זבחים דף קיד:) מוקי לה בקודם חצות דמחוסר זמן הוא להתקבל בפנים דכתיב אשר ישחט מחוץ למחנה ואל פתח אהל מועד לא הביאו הראוי לפתח אהל מועד חייב עליו ושאינו ראוי לאהל מועד אינו חייב עליו ויליף מהכא דמחוסר זמן בחוץ אע""פ שאינו בכרת בלא תעשה מיהא הוי הואיל וראוי לבא לאחר זמן:"
Pesachim,185,0,בפרק בתרא,"בשעת אכילה - כל שעת אכילה שרחוק מחצות היום כל כך שאינו יכול ליכנס כל הלילה אכילת הפסח כל הלילה ורבנן עבוד הרחקה ואמור עד חצות לר""ע ולר""א דאורייתא עד חצות בפרק בתרא (דף קכ:) ובברכות בפ""ק (דף ט.):"
Pesachim,189,1,בפרק בתרא,נוטלין את לולביהן - אגררא נסבא דברייתא היא הכי בפרק בתרא (שם):
Pesachim,189,0,בפרק בתרא,הנאכל לששה - שאוכלין עליו מצות ששה ימים ולישנא דקרא נקט וקרא לדרשה אתא ללמד על ימות הפסח שהן רשות באכילת מצה חוץ מלילה הראשון בפרק בתרא (דף קכ.):
Pesachim,194,0,בפרק שני,"גמ' שמע מינה בעלי חיים נדחין - בהמה שנדחית בחיים דחויה דיחוי גמור שאף לכשנראית למה שהיתה ראויה אינה קריבה אלא רועה דהא דתנן תרעה ולא קרבה שלמים היא גופה שזו היא ראייתה כמתחלה שכל מותר פסח קרב שלמים ודלא כר""ש דאמר בעלי חיים אין נדחין בפרק שני שעירי (יומא דף סג:) דגמרינן מבעל מום שנדחה ולכשעבר מומו נראה ומרישא נמי שמעינן לה אלא משום דמהא שמעינן תלת נקט לה הכא:"
Menachot,40,0,בפרק שני,"עצים אין מקבלין טומאה - ואע""ג דעצי מערכה מקבלין טומאה כדאמרינן בפרק שני דפסחים (דף לה.) והבשר לרבות עצים ולבונה ההיא מדרבנן הוא משום חיבת הקדש וקרא אסמכתא בעלמא דהא עצים בעלמא לא מקבלי טומאה:"
Menachot,48,0,בפרק ראשון,"ואימא עון שמאל - דלכתחילה בעינן ימין כדאמרינן בפרק ראשון (לעיל מנחות דף י.) כ""מ שנאמר אצבע כו':"
Menachot,70,0,בפרק קמא,"תפילין - שהניחן קודם עמוד השחר מברך עליהן משעת הנחתן משעת זמן הנחתן דאמר בפרק קמא דברכות (דף ט:) בק""ש אחרים אומרים משיראה חבירו מרחוק ד' אמות ואמרינן התם לתפילין כאחרים כלומר להנחת תפילין כאחרים:"
Menachot,96,0,בפרק קמא,ורבא לטעמיה - דאמר בפרק קמא:
Menachot,190,0,בפרק בתרא,מסוכן הוא - שאחזו בולמוס ותנן מי שאחזו בולמוס מאכילין אותו עד שיאורו עיניו אפילו ביום הכפורים ביומא בפרק בתרא (דף פג.):
Menachot,198,0,בפרק שלישי,"והורידו כ""ג כו' - מפרש בסדר יומא בפרק שלישי (דף כט.) היכא קאי:"
Menachot,200,1,בפרק בתרא,חוץ ממנחת חוטא - שאפילו טהורה נפדית שהרי אמרה תורה בקרבן עולה ויורד (ויקרא ה) מחטאתו על חטאתו בכבשה או שעירה ובתורים כתיב (שם) מחטאתו ובמנחה כתיב על חטאתו ודרשינן (בפרק בתרא) דלהכי כתיב מחטאתו בכבשה דמשמע מקצת חטאתו שאם היה עשיר כשטימא מקדש והפריש מעות לכבשה או שעירה והעני יביא ממקצת דמי תורים או מנחה והשאר חולין ולהכי כתיב (שם) גבי עשירית האיפה על חטאתו דמשמע יוסיף שאם היה עני והפריש עשירית האיפה והעשיר יפדנה ויוסיף עליה מעות ויביא כבשה או שעירה:
Menachot,206,1,בפרק בתרא,ואמרינן - לקמן בפרק בתרא (מנחות דף קז:):
Menachot,206,5,בפרק בתרא,ואחד למותר אשם מצורע - דלא דמו להנך שבא להתירו במחנה ואינך מפרש בפרק בתרא (לקמן מנחות קז:) וכל הנך מותרות אזלי לנדבת צבור כשהמזבח בטל לוקחין באותם מעות עולות הבשר לשם ועורות לכהנים דזהו מדרשו של יהוידע במסכת תמורה (דף כג:):
Menachot,214,0,בפרק שני,מותר לחמי תודה ירקב - דלאו חטאת איקרו ונדבת יחיד לא קרבי דבפני עצמו אי אפשר להקריבו שלא מצינו לחם קרב בפני עצמו ועם תודה אחרת אי אפשר להקריבו שהרי אין תודה קריבה בלא לחמה והכי מפרש בשקלים בפרק שני:
Sukkah,12,0,בפרק קמא,"אמר רבא ואינה נתרת אלא בצורת הפתח - בעירובין (דף יא:) אמר היכי דמי צורת הפתח קנה מכאן וקנה מכאן וקנה על גביהן והכא קאמר רבא דטפח ששנינו בברייתא שמתיר בדופן שלישית אינו מתיר אלא אם כן עשאו לאותו טפח צורת הפתח על פני כל הדופן כולו <img src=""data:image/png;base64,iVBORw0KGgoAAAANSUhEUgAAAGkAAABvCAYAAADv2+4nAAAAAXNSR0IArs4c6QAAAARnQU1BAACxjwv8YQUAAAAJcEhZcwAADsMAAA7DAcdvqGQAAAH1SURBVHhe7dHBCcQwAMTA9N907m9irI9PNmhgG1g9b45XpAsU6QKfkZ7naX/cSpEO2EqRDthKkQ7YCooUV5EuUKQLFOkCRdpk/JBspkibjB+SzRRpk/FDspkibTJ+SDZTJBH9uUgi+nORRPTnIonoz0US0Z+LJKI/F0lEfy6SiP5cJBH9uUgi+nORRPTnIonoz0US0Z+LJKI/F0lEfy6SiP5cJBH9uUgi+nORRPTnIonoz0US0Z+LJKI/F0lEfy6SiP5cJBH9uUgi+nORRPTnIonoz0US0Z+LJKI/F0lEfy6SiP5cJBH9uUgi+nORRPTnIonoz0US0Z+LJKI/F0lEfy6SiP5cJBH9uUgi+nORRPTnIonoz0US0Z+LJKI/F0lEfy6SiP5cJBH9uUgi+nORRPTnIonoz0US0Z+LJKI/F0lEfy6SiP5cJBH9uUgi+nORRPTnIonoz0US0Z+LJKI/F0lEfy6SiP5cJBH9uUgi+nORRPTnIonoz0US0Z+LJKI/F0lEfy6SiP5cJBH9uUgi+nORRPTnIonoz0US0Z+LJKI/F0lEfy6SiP5cJBH9uUgi+nORRPTnIonoz0US0Z+LJKI/F0lEfy6SiP5cJBH9uUibjB+SzRRpk/FDspkibTJ+SDZTgU2+Iqw2U6QLFOkCRTre+/4AHHYaEstQglQAAAAASUVORK5CYII=""> כיצד קנה של חצי טפח אצל היוצא וקנה של חצי טפח במקצוע שכנגדו וקנה על גביהם מזה לזה הוה ליה כאילו כל הדופן סתום דפתח שיש לו צורת פתח סתימה מעלייתא היא בפרק קמא דעירובין (דף ב:) וזהו טפח שאמרו חכמים:"
Sukkah,13,0,בפרק שני,"פסי ביראות - בפרק שני דעירובין (דף יז:) תנן דהתירו חכמים משום עולי רגלים לעשות לביראות שברשות הרבים פסין ארבעה כמו דיומדין <img src=""data:image/png;base64,iVBORw0KGgoAAAANSUhEUgAAAGsAAABsCAYAAABtuky0AAAAAXNSR0IArs4c6QAAAARnQU1BAACxjwv8YQUAAAAJcEhZcwAADsMAAA7DAcdvqGQAAAWBSURBVHhe7Z0hTORgEEYxJASFRJKAQCJx4BaJRCKRSByBQJBIJISQIJFIgkIikYBCIpG9e71+5Gdvu9vrdduZ3XnJhG639HbndabTLnAzWeCGkOWIkOWIqZX19vaWnZ6edh43NzfFKxrNUFkbGxvZzMxM53F4eFi8ouY4OTnJ5ufnO49er1dZ2FBZgxLXRUyyLIIKq0LIMhAhawQha0wRsv7wz7KC/2N1dTVkeSFkOSJkOSJkOSJkOSJkOSJkOSJkOcKErPS5/uX+mATS99G/3B8ppmWlDPt+b9R9vyGrA+q+X3OyyqiyjRfqvt+Q1QF132/I6oC67zdkdUDd92tCVlCNkOWIkOWIkOWIkOWIkOWIkOWIkOWIkOWIkOWIkOWIkOWIkOWIkOWIkOWIkPWb5+fn/Pe4dnZ2ss3Nze/Y3t7O1z88PBRbdsvUyvr8/MxFLC0t/XiNc3NzuajFxcUf63m8t7eXfXx8FHton7HJSo9QhRUuLi6+ZZAApL28vBTP/uT19TU7Pz/P1tbWvmWy/dfXV7FFe4xNlkWopq2tre9Kub29LZ758xztDpHIQBCP00risaTxFZFtcn19nf+KbBrv7+/Fs8NxJYvEcmSSaNqZKuPu7i4/N7G+LOgKl5eX+faASNYvLCxkT09PxVrbuJFF1UgUlQMMFUiQEIQhhOpRUHm7u7u5FLZhH6wHvrKetsi+rONGlipHopRo1u3v748cGqhCWqO+R/uhqpDFkNLl4FEFF7JILAmmQgBRJLhOC6OVanqkFYL2zwFhGfOyqAgGCYJljn6WEVV3OFBLRbhaoirXcjs0L4sWl1aBkqok1wXRCNdBgCTr1WVeVlpVTSdUE6EOBF0SWD13mZYlOVQXcCupyclNLZZzGDBJ8u+lI74lTMtieiN59/f3eWIR1fRdFLVZDgAqimWrrdC0LKY/kocohLGslsVyGinp47JtBOc+ntN+uavB8GER07KoIrUojddlg0Uqo0zMoPWqJu6IAOctBg+LmJbFEc6RDmqJZeerurKA9Wp9qmaLmJZFVekcdXBwkCex7NoqTfAwKYNgPRUFIasmaRvUmN10G+R8yHrdHaHCGGQsYlpWmjhuyJLU9CORlLqy+AyM9bRZSA8Qa5iWxUmfRJJQDQKqgH5SEf3L/ZFydnaWr0svD9QSrWFaFp9TkUgSCuvr6/mkRlKbggEGQenlgarMGkNllf2vAm2hI11Dhsb3ppKpg0F3SFTJTd0hGcTx8fFfwafHVRgqq+wvNLcJ5y0SqMFClVD3jrvgQNCdd1oswbIuFcbF8vJyNjs7+yMQVgXzspCSJlF3HGiJ/9MOuc/IftRidduJahsnEy0LlEjdYNUFMoMAn039CwjWtZQuhGl7bVQVTLwshDBOk1B9MiyBtDIGgyoghfOfRCEu3XfZNVyTTLws0NFPYvXzgVQa0yHJRwKP+ysNIVybqe0RGlDYlmpinX4mY9xMhSwg6QhDkKqJwUBT3KigmiSar4hnfZuj+tTIAtqgqglJyAKqhMqiPVJlCraharQdlYYcpBNld0TGxVTJAiZEfQSPOASNujaikpDEJ8N8H+2vix/unDpZglaocw5BW6OauEOPGILHDCHaBlltnZ8GMbWyBFVFdaXi0kAW7bCNaW8UUy/LEyHLESHLESHLESHLESHLESHLESHLESHLESHLESHLESHLESHLESHLESHLESHLESHLESHLESHLESHLESHLESHLESHLESHLEa3L6iqa/BXZo6Ojv5LWVYSsEYSsMUfIGkLIaicakcWv/Pd6vYGJ6yImUdbKykr+JyyqMFQWDPoL/11F1f9ZoApXV1f5Ed11PD4+Fq9oNCNlBXYIWY4IWY4IWY4IWY4IWW7Isl/EdvoQbt+b/gAAAABJRU5ErkJggg==""> ורואין כאלו יש מחיצה מזה לזה ונמצא הבור מוקף מחיצות וממלאין מתוכה לתוך המחיצה ואם סיכך על גבן כשרה בשבת דסוכות דמיגו דהוי דופן לשבת הוי דופן לסוכה ואע""ג דבעינן שתים כהלכתן:"
Sukkah,41,0,בפרק קמא,והא ר' שמעון דאמר נמי סוכה קבע - דבעי ארבע' דפנות ואמרי' בפרק קמא (דף ז:) ר' יהודה ור' שמעון ורבן גמליאל ור' אליעזר ואחרים כולהו סבירא להו סוכה דירת קבע בעינן וקאמר במתניתין לפי דרכינו למדנו שהישן תחת המטה לא יצא ידי חובתו:
Sukkah,55,2,בפרק בתרא,הואיל ומעטיה קרא - מלאו וכרת דכתיב בעינוי (ויקרא כג) בעצם היום הזה על עצמו של יום ענוש כרת ואינו ענוש כרת על תוספת עינוי ומאזהרה נמי אימעוט בפרק בתרא דיומא (דף פא.) נשים נמי למעטי דלא ליחייבו ביה אפילו למצות עשה בעלמא:
Sukkah,73,0,בפרק קמא,אסור להריח בו - דגמרינן מסוכה דילפינן בפרק קמא (דף ט.) דחל שם שמים על עצי סוכה ליאסר בהנאה כל שבעה הואיל והוקצו למצוה:
Sukkah,86,0,בפרק ראשון,"כהנים בעלי מומין - אף הם דוחקים ונכנסין להקיף ברגליהם וערבה בידם וא""א להקיף שלא יכנסו בין האולם למזבח וכל השנה אסורים ליכנס שם כדאמרינן במסכת כלים בפרק ראשון:"
Sukkah,86,0,בפרק בתרא,"והא""ר יוחנן דלכון אמרי דלהון היא - רב כהנא היה מתלמידי רב והיה חריף מאד וברח לא""י לפני ר' יוחנן מחמת מרדין [שהרג לאדם אחד] כדאמרינן בפרק בתרא דב""ק (ד' קיז.) והוצרך לו ר' יוחנן לכמה ספיקות והיה אומר ר' יוחנן לבני א""י סבור הייתי שתורה שלכם שלא גליתם מארצכם ולא היה לכם טירוף הדעת אבל ראיתי שהיא של בני בבל שאע""פ שגלו עמדה להם חכמת החרש והמסגר שגלו עם יכניה כדכתיב (מלכים ב כ״ד:ט״ז) הכל גבורים עושי מלחמה ותניא בסדר עולם וכי מה גבורה עושין בני אדם הנתונין בשלשלאות של ברזל אלא שגבורים היו במלחמתה של תורה אלמא ס""ל לר' יוחנן דלא נשתכחה תורה בגלות בבל:"
Yoma,2,0,בפרק בתרא,"מתני' שבעת ימים קודם יוה""כ מפרישין כ""ג - שכל עבודת יוה""כ אינה כשירה אלא בו כדיליף בהוריות בפרק בתרא (דף יב:) דכתיב גבי יום הכפורים וכפר הכהן אשר ימשח אותו ובגמרא (דף ו.) מפרש למה מפרישין:"
Yoma,27,0,בפרק שלישי,"כאן בהטבת שתי נרות וכו' - לקמן בפרק שלישי (יומא דף לג.) אמרינן שמפסיק בהטבת הנרות משהטיב חמש פוסק וממתין עד שנעשה עבודה אחרת בנתים וחוזר ומטיב שתים ופליגא אבא שאול ורבנן איכא למאן דאמר בקטורת מפסיק להו ואיכא למ""ד בשחיטת התמיד וזריקת דמו מפסיק להו ולקמן (שם:) מפרש טעמא דהפסקה ותנא דידן סבירא ליה בקטרת מפסיק להו הלכך הא דקתני קטרת ברישא בהטבת שתי נרות קאמר והא דתנן הטבה ברישא בהטבת חמש ראשונות קאמר:"
Yoma,28,0,בפרק שני,"ואביי אמר לך - האי דפ""ק דקתני כל שבעת הימים הוא זורק כו' לאו ביום הכפורים קאי ולא קפיד אסידרא אלא אורויי בעלמא מיירי ומלמדנו שצריך כהן גדול להיות עסוק בעבודה כל שבעה כדי שיהא רגיל ומזומן בה ביום הכפורים וסדרא דיומא הדר תני לה לכך שנה בפרק שני הטבת חמש ובפ""ג שנה הטבת שתים:"
Yoma,28,0,בפרק חמישי,"הזה ממנו כו' - לקמן בפרק חמישי [יומא דף נג:] כשהוא מזה מדם הפר כנגד עובי של כפורת וקא ס""ד אחת מאמצע עוביה למעלה ושבע מאמצעיתה ולמטה:"
Yoma,37,0,בפרק ראשון,בפרק ראשון - צריך בו כוונה שנאמר בו (דברים ו׳:ו׳) והיו הדברים האלה על לבבך:
Yoma,59,1,בפרק שני,"אחד כ""ג כו' עבודתו פסולה - בפרק שני דזבחים (דף יט:) ילפינן דכשלא רחוץ ידים ורגלים מחלל עבודה:"
Yoma,109,1,בפרק בתרא,וששה לנדבה - לקיץ המזבח לתת לתוכן מעות שלוקחין מכל הרועות של מותר אשמות וחטאת ששנינו בהן ירעה וימכר ויפלו דמיו לנדבה ובפרק בתרא דמנחות (דף קז:) ששה שופרות כנגד ששה בתי אבות שבכל משמר ומשמר וכל אחד ואחד מכיר את של יומו ואם היה מזבח בטל ביומו שאין איש מביא קרבנות לוקחין בני בית אב מעות שופר שלהן ולוקחין מהן עולות והוא קיץ המזבח שמע מינה מיהת דר' יהודה אית ליה כתיבה דקתני והיה כתוב עליהן:
Yoma,141,1,בפרק שני,מאן אמר' - מאין למדו דבר זה ששנינו בפרק שני דזבחים (דף טו:) שהכהן ערל עבודתו פסולה:
Yoma,144,0,בפרק קמא,ומקריב אונן - דכתיב ומן המקדש לא יצא (ויקרא כ״א:י״ב) כדפרישית בפרק קמא (דף יג:):
Yoma,144,4,בפרק בתרא,ופטור על טומאת מקדש - בהוריות נפקא לן מקרא בפרק בתרא וכולה הך מתניתא מפרש לה התם:
Yoma,148,1,בפרק קמא,דאמר מר - במסכת סוטה בפרק קמא (דף א:):
Sotah,42,0,בפרק קמא,המבעט ברבותיו - וקרי ליה קטן שלא כלו לו חדשיו על ידי שימיו מתקצרין כדאמרינן בפרק קמא דחגיגה (דף ה.):
Sotah,58,1,בפרק בתרא,"ונותנת פחות מכביצה באמצע כדי לתרום מן המוקף - מוקף לשון מחובר ומקורב כמו אין מקיפין שתי חביות במסכת ביצה (דף לב:) ומקרא נפקא לן והרמותם ממנו מן המוקף לו בספרי הילכך צריכה להקיף החלה אצל העיסה קודם שתקרא לה שם והכי מקיפה לה נותנת בעריבה לצד אחד ונותנת מן העיסה הטהורה פחות מכביצה בין החלה הטהורה ובין העיסה הטמאה והאמצעית נוגעת בשתיהן ומצרפתן וקורא שם על החלה ומסלקת עם קריאת השם ופחות מכביצה אינו מטמא את החלה ואע""פ שהוא עצמו מקבל טומאה כדתניא בתורת כהנים מכל האוכל אשר יאכל מלמד שהוא מיטמא בכל שהוא יכול יטמא לאחרים בכל שהוא ת""ל אשר יאכל ודרשינן ליה בפרק בתרא דיומא (דף פ.) אוכל הנאכל בבת אחת ושיערו חכמים אין בית הבליעה מחזיק יותר מביצת תרנגולת:
"
Sotah,61,0,בפרק קמא,וטומאה בעלמא - עד א' שהעיד על אשה שלא קינא לה בעלה ואמר נטמאת מניין דלא מהימן ולא אמרינן אטומאת אשה הימניה רחמנא לא שנא לאחר קינוי ולא שנא בלא קינוי תלמוד לומר כו' וכי הימניה רחמנא בטומאה שאחר קינוי ויש עידי סתירה שנים ועד מעיד שנטמאת שרגלים לדבר ובפרק קמא (לעיל סוטה דף ג.) פרכינן והא כי כתיב קינוי בתר הכי כתיב ומשנינן ועבר כתיב שכבר עבר:
Sotah,88,0,בפרק קמא,"מצאן זקן ממרא - לב""ד הגדול שאינו נעשה ממרא אלא בב""ד של שבעים ואחד כדיליף בפרק קמא דסנהדרין:"
Sotah,88,0,בפרק קמא,"זכה ביה - ותו לא הוי שכחה דבעינן שכוח מעיקרו כדאמר בב""מ בפרק קמא (דף יא.):"
Sotah,92,0,בפרק בתרא,מתני' תצא ותרעה בעדר - כשאר חולין והאי תנא לית ליה הא דאמרינן בכמה דוכתי עגלה ערופה נאסרה מחיים וירידתה לנחל איתן אוסרתה ובמסכת כריתות מוקמינן לה למילתא בפלוגתא דתנאי בפרק בתרא (דף כה.):
Shevuot,2,0,בפרק שלישי,מתני' שבועות שתים שהן ארבע - בשבועת ביטוי שפתים הכתוב בויקרא אצל קרבן עולה ויורד קאמר כדמפרש בפרק שלישי (דף כ.):
Shevuot,4,2,בפרק שני,ואי רבי עקיבא האמר כו' - במתניתין בפרק שני ומתניתין קתני שהן ארבע:
Shevuot,15,1,בפרק בתרא,מיתה ממרקת - דהכי אמרינן בפרק בתרא דיומא (פו.) שמיתה ממרקת כל העונות שעשה תשובה עליהן ואין התשובה גומרת כפרתן ולא יום הכפורים גומר כפרתן כגון עבירות חמורות:
Shevuot,21,4,בפרק בתרא,"ע""ג מערכתה - בהכשר בהר המשחה ובמקום הבדוק לה מקבר התהום כדאמר בפרק בתרא דזבחים (דף קיג.):"
Shevuot,21,1,בפרק בתרא,"דר""ש - במסכת תמורה בפרק בתרא (דף לב:):"
Shevuot,26,0,בפרק ראשון, ידיעות. שהן ארבע - כבר פירשתי' בפרק ראשון במשנה (דף ב.):
Shevuot,29,1,בפרק קמא,"אין בנין בית המקדש דוחה את יום טוב - כדאמרינן ביבמות בפרק קמא (דף ו.) יכול יהא בנין בית המקדש דוחה שבת ת""ל את שבתותי תשמורו ומקדשי תיראו אני ה' כולכם חייבין בכבודי אתם והמקדש חייבין בכבודי שהזהרתי על השבת וימים טובים נמי שבתות איקרו:"
Shevuot,30,0,בפרק בתרא,"למה מנו כו' - עיירות מנו חכמים בפרק בתרא דערכין שהיו מוקפות חומה מימות יהושע בן נון לענין מצות בתי ערי חומה והיה להם למנות עוד הרבה שלא מנאום:
"
Shevuot,79,0,בפרק בתרא,אדמון היא - דבעי הודאה ממין הטענה ומיהו היכא דטענו שנים והודה לו באחד מהם חייב והא דאדמון במתני' היא מיהו הכא במסכת שבועות לא מפרשין בגמרא במאי פליגי אבל בפרק בתרא דכתובות (דף קח:) מפרשינן דבהכי פליגי:
Shevuot,82,14,בפרק קמא,חייב - לישבע אף על הקרקעות על ידי גלגול שבועה דילפינן לה בפרק קמא דקדושין (דף כז:) מקראי:
Temurah,12,2,בפרק שני,וקפריך אימור דשמעת ליה לחנן דלית ליה דחויין - דלא יביא שנים אחרים ויגריל וישחוט האחד לשם והאחר לעזאזל והראשון שכבר נשחט ידחה וישפך דמו לאיבוד דלית ליה הגרלה מי שמעת ליה דלמא לעולם יביא שנים מן השוק ויגריל ואותו שיפול עליו הגורל לעזאזל יעמד עם דם שבכוס וישלחנו והדם שבכוס מזה ממנו כמשפטו ואותו שנפל עליו הגורל לשם ירעה עד שיסתאב. הא מני דמצריך קרא לרבות שעיר דלא ליהוי בעל מום רבי שמעון הוא דלית ליה הגרלה והכי הוי מסקנא ותו לא פריך מידי. והגירסא אימור דשמעת ליה לרבי שמעון כו' שבשתא היא דהא במסכת יומא (דף סג:) תנינן לה לכולה סוגיא ולא פרכינן התם מידי בפרק שני שעירי: 
Temurah,12,0,בפרק קמא,"בני נח נצטוו מלהקריב מחוסרי אברים כדאמרי' בפרק קמא דע""ז (דף ה:) אבל על מום אחר לא נצטוו במזבח דידהו. ואי לא כתיב לא תקריבו מאת בן נכר את כל אלה דמשמע בעל מום לא יקבלו מן העובד כוכבים להקריב הוה אמינא ליקרב אלא שלא יהו מחוסרי אברים קמ""ל:"
Temurah,12,0,בפרק שני,שמא לא שנינו - שיהא חייב משום הקדשה אלא בתמורה לפי שהתמורה חלה על בעל מום קבוע וקדוש קדושה גמורה שאינה יוצאה לחולין ליגזז וליעבד אפילו על ידי פדיון אלא הויא כשאר קדשים שקדם הקדשן את מומן והך משנה לקמן בפרק שני (תמורה דף טז:) כדכתיב טוב ברע או רע בטוב ואם המר ימיר וגו' והואיל וקדושה גמורה היא לוקה עליה אם המיר והביא בעלת מום שיקדיש ותפסה בתמורת בהמת קודש תמימה אבל הקדיש בעל מום מעיקרא לא אמינא דלילקי דדיקלא בעלמא הוא אלא אם כן הקריבו:
Temurah,14,1,בפרק שני,"אלא לאו בזמן המקדש - ודידן הוה יהבינן לכהן לאקרוביה ואילו דידהו זכי להו אע""ג דכהן נמי חייבת בהמתו בבכורה כדאמרינן בבכורות בפרק שני במשנה (דף יג.) לא נפטרו אלא מפדיון הבן ופטר חמור הני ירעו משום דבשאר בכורות כהן אינו מפסיד כלום שמקריב הוא עצמו את אימורי בכור ואוכלו אבל הני דאיכא חד דזר אי הוי יהביה בכורם לאקרוביה תו לא אכלי מיניה דבכור תם בזמן המקדש אינו נאכל לזרים כדאמרינן באיזהו מקומן (זבחים דף נו:) הבכור נאכל לכהנים הלכך ירעה ולכשיסתאב יאכלנו במומו דכל חד וחד אמר לכהן אני כהן ובכור אני אוכלנו דכיון דנפל בו מום אין בו אלא איסור גזל והכא איסור גזל נמי ליכא דשמא זה כהן וזכה בו והמוציא מחבירו עליו הראייה:"
Temurah,14,1,בפרק קמא,"לא אמר בן עזאי אלא בבכור - שהפקיד [כהן בכורו] אצל אחר וכפר ונשבע (והודה) אבל שלמים לא היה ממונו הואיל וחיילא עלייהו קדושה שטעונין סמיכה ונסכים ותנופת חזה ושוק ומעשר נמי לא הואיל ואינו יכול למוכרו והכי מפרש בפרק קמא דנזיקין (ב""ק דף יב:):"
Temurah,20,1,בפרק שני,בהווייתן - לישנא דקרא נקט דאיתרבו ולדות מיניה דכתיב (דברים י״ב:כ״ו) רק קדשיך אשר יהיו לך וגו' ואמר מר אשר יהיו לך אלו הוולדות בפרק שני דבכורות (דף יד:):
Temurah,22,1,בפרק שני,מי קרינא ביה כי ירחק ממך המקום וזבחת - דמהתם נפקא לן דאסור לשחוט חולין בעזרה דדרשינן בריחוק מקום אתה זובח ואי אתה זובח בקירוב מקום בעזרה בפרק שני דקדושין (דף נז:) והכא מי קרינא ביה הכי הא אינו יכול לשחוט בהמה זו אלא בעזרה שהרי שלמים היא:
Temurah,22,0,בפרק קמא,"אחר אחרון אני בא - שהוא גורם את החימוץ ואם נפל האיסור בסוף אסורה ומתני' אע""ג דלא נפל מעיסה ראשונה לתוך האחרונה אלא כדי חימוץ ונמצא שרוב החימוץ חולין היה אפילו הכי קאסר ליה רבי אליעזר דסבירא ליה זה וזה גורם אסור. ואחר אחרון דקאמר רבי אליעזר לאו דוקא דאי נמי נפל האיסור תחילה ואח""כ ההיתר אם לא קדם וסילק את האיסור אלא הניח וחימצוה בין שניהם אסורה דזה וזה גורם אסור אית ליה לרבי אליעזר בפרק קמא דבכורות (דף ז.) וכן בכל דוכתא והכי שני לה אביי בפסחים בפרק כל שעה (פסחים דף כז.) לא שנו אלא שקדם וסילק את האיסור אבל לא קדם וסילק אסור ואף על גב דפרכינן לה התם בהא מילתא סוף סוף מסקנא דשמעתא היא דסבירא ליה לרבי אליעזר דזה וזה גורם אסור:"
Temurah,24,0,בפרק שני,לרבות שוגג כמזיד - ולקמן בפרק שני (תמורה דף יז.) מפרש לה כסבור להמיר שחור והמיר לבן זו דגבי קדשים לא קדיש דהוי הקדש טעות וגבי תמורה קדיש:
Temurah,24,0,בפרק בתרא,"אמר רבי שמעון כו' - דסבירא ליה דקדשי בד""ה איקרי קרבן הלכך לא נפקא לן דלא עבדי תמורה אלא מהכא והלא מעשר בהמה בכלל כל הקדשים היה דעבדי תמורה כדכתיב (ויקרא כ״ז:י׳) ואם המר ימיר וגו' למה יצא דכתיב בדידיה דעביד תמורה אם המר ימיר וגו' מה מעשר קרבן יחיד הוא דעושה תמורה אף כל קרבן יחיד עושה תמורה יצאו קרבנות צבור דמעשר ליתא בשותפות כדאמרינן בפרק בתרא דבכורות (דף נו:) יהיה לך ולא של שותפות:
"
Temurah,31,0,בפרק קמא,מתני' ומקדישין אברין ועוברין אבל לא ממירין - רבי יהודה הוא דדריש בהמה בבהמה בפרק קמא (לעיל תמורה דף י:):
Temurah,45,7,בפרק בתרא,וששה שופרות היו לנדבת צבור הבאה מן המותרות - דחטאות ואשמות וכל הנך דאמרינן יפלו דמיו לנדבה. ובפרק בתרא דמנחות (דף קז:) מפרש הני ששה כנגד מי:
Temurah,65,0,בפרק שני,"ואמר רב - עלה בפרק שני דבכורות הא דתנן יפדו זו דברי ר""ש דאמר קדשי ב""ה אם מתו יפדו והאי בעל מום מעיקרו כקדשי בדק הבית חשיב ליה אבל חכמים כו':"
Gittin,6,0,בפרק בתרא,הילכתא כרבי אלעזר בגיטין - בהא מילתא דבלא עדים חתומים כשר והכי מוקמינן בפרק בתרא (לקמן גיטין דף פו:):
Gittin,12,2,בפרק בתרא,ועל האירוס - מפרש בפרק בתרא דסוטה (ד' מט:) טבלא דחד פומא והוא זוג המקשקש:
Gittin,17,1,בפרק שני,פסולא דרבנן - מוליך ומביא רבנן הוא דאצרכוהו למימר בפני נכתב עד כותי פסול מדרבנן בשאר שטרות דאחזקינהו סתמייהו לפסולא ערכאות לקמיה פריך והא ערכאות פסולא דאורייתא שאין עדותן כשר לפי שאינן בתורת גיטין וקידושין ורחמנא אמר וכתב ונתן מי שישנו בכלל נתינה ישנו בכלל כתיבה והכי מפרש בפרק שני (לקמן גיטין ד' כג:):
Gittin,19,0,בפרק בתרא,"ירד רבי שמעון לשטתו של רבי אלעזר - דאמר עדי מסירת הגט הוא דכרתי כדאמר בפרק בתרא (לקמן גיטין דף פו.) אע""פ שאין עליו עדים אלא שנתנו לה בפני עדים כו' ורבי שמעון נמי בהכי מכשר שימסרנו לה בפני עדים ישראל:"
Gittin,26,2,בפרק שלישי,"שיהא פקדונו ביד אחר - דהכי קי""ל לקמן בפרק שלישי (גיטין דף כט.) וכיון דאין רצונו אשתכח דחוב הוא לו ואין חבין לו לאדם אלא בפניו ואמאי אינו חוזר האי לאו זכי הוא:"
Gittin,37,1,בפרק שני,מרא דארעא דישראל - בקי מכל חביריו ובמס' נדה מפרש אמאי קרי ליה מרא דארעא דישראל בפרק שני (דף כ:):
Gittin,47,2,בפרק בתרא,חוץ מן הראשון - שלא נכתב לשם גירושין כלל אבל הנך בתראי פסלי דריח הגט פוסל בכהונה דתניא בפרק בתרא (לקמן גיטין דף פב:) האומר לאשתו הרי את מגורשת ממני ואי את מותרת לכל אדם פסלה מן הכהונה שנאמר ואשה גרושה מאישה אפילו לא נתגרשה אלא מאישה ולאחרים לא הותרה פסולה לכהונה:
Gittin,65,6,בפרק שני,כר' יהושע בן קרחה - דפליג עלה בפרק שני דכתובות (דף כו:) ובסנהדרין (דף ל:) ואמר אפי' בזה אחר זה:
Gittin,122,1,בפרק קמא,פלגאה - חולק על החכמים שהיה מצערו למר עוקבא שהיה אב בית דין כדאמרי' בפרק קמא (לעיל גיטין דף ז.):
Gittin,123,0,בפרק קמא,ואוקימנא בהולכה - בפרק קמא מדקתני צריכה לומר בפני נכתב והוינן בה מכי מטא גיטא לידה איגרשה לה ומתרצינן דאמר לה הוי שליח להולכה עד דמטית התם:
Gittin,172,2,בפרק שני,"ותיפוק ליה - דהוו כולהו בר מבתרא נכתבו היום ונחתמו לאחר זמן שהרי לא חתמו העדים עד שנכתב האחרון נחתם בלילה לאו דוקא אלא משום לישנא דמתני' נקט ליה דתנן בפרק שני (לעיל גיטין יז.) נכתב ביום ונחתם בלילה פסול וכ""ש למחר או ליומא אוחרא:"
Berakhot,2,8,בפרק שני,כדי להרחיק אדם מן העבירה – ואסרום באכילה קודם זמנן כדי שלא יבא לאוכלן לאחר עמוד השחר ויתחייב כרת וכן בקריאת שמע לזרז את האדם שלא יאמר יש לי עוד שהות ובתוך כך יעלה עמוד השחר ועבר לו הזמן. והקטר חלבים דקתני הכא לא אמרו בו חכמים עד חצות כלל ולא נקט להו הכא אלא להודיע שכל דבר הנוהג בלילה כשר כל הלילה. והכי נמי תנן בפרק שני דמגילה (דף כ:) כל הלילה כשר לקצירת העומר ולהקטר חלבים ואברים:
Berakhot,20,0,בפרק שני,עוסקין במלאכתן וקורין – לקמן מוקמינן לה בפרק שני (ד' טז.):
Berakhot,21,0,בפרק שני,לגמרא אין צריך לברך – אפילו קודם אהבה רבה קאמר והכי מוכח מילתא בפרק שני:
Berakhot,25,1,בפרק ראשון,בפרק ראשון – כל פרשת שמע:
Berakhot,30,0,בפרק ראשון,בשבתך בביתך פרט לעוסק במצוה – כבר פירשתיה בפרק ראשון (דף יא.):
Berakhot,61,0,בפרק קמא,והקריבו הכהנים – אמרו בפרק קמא דחגיגה (ד' יא.) והקריבו זה קבלת הדם:
Berakhot,90,1,בפרק שני,דאמר מר – לעיל בפרק שני (ברכות דף טז.):
Berakhot,124,0,בפרק בתרא,"והלא עקיבא בן יוסף עשה כן – דתנן ביבמות א""ר עקיבא כשירדתי לנהרדעא לעבר שנים בפרק בתרא האשה שהלך בעלה וצרתה (דף קכב.):"
Arakhin,3,0,בפרק קמא,ולרבינא דאמר כו' - בפרק קמא דחגיגה (דף ד.) ומייתי לה מסיפא דמתניתין דהתם קתני ועבדים שאינן משוחררין:
Arakhin,3,0,בפרק בתרא,שהגיע לחינוך - פלוגתא היא בפרק בתרא דיומא (דף פב.) חד אמר כבר (שית) [שמונה] כבר (שבע) [תשע] וחד אמר כבר תשע כבר עשר שמחנכין אותו לשעות:
Arakhin,4,0,בפרק קמא,והאמר מר - בפרק קמא דשבועות (דף ו.):
Arakhin,4,0,בפרק קמא,תרי הכל שוחטין איכא בפרק קמא דחולין (דף ב. ודף טו:): 
Arakhin,4,0,בפרק בתרא,הכל מעלין - בפרק בתרא דכתובות (דף קי:):
Arakhin,10,3,בפרק בתרא,"אמה כליא עורב - להכי נקט אמה דאמרי' בפרק בתרא דמנחות (דף קז.) הרי עלי ברזל לא יפחות מאמה על אמה לכליא עורב שהיו מביאין טבלאות של ברזל אמה על אמה ובהן מסמרות גבוהין אמה קבועין ומחפין בהן ראש הגג של היכל לגרש את העורבים שלא ישכנו שם. כליא לשון שמגרש את העורבין כמו כייל דידבי כייל פרוחי דאמר במסכת נדה (דף יז. ע""ש) שהיה מגרש זבובין ממטתו בשעת תשמיש משום צניעות דאסור לשמש מטתו בפני כל חי. ל""א כליא עורב מונע העורבים כמו (תהילים מ׳:י״ב) לא תכלא רחמיך:"
Arakhin,10,0,בפרק קמא,"בבל תאחר - והכי משמע נדר הוא הצדקה דקאי עליה בבל תאחר כנדר דקאמר בפרק קמא דר""ה (דף ו.) בפיך זו צדקה:"
Arakhin,23,0,בפרק בתרא,"ומשני הנך תלת שנין דאגלינהו סנחריב עד דאתא ירמיה ואהדרינהו כו' - כלומר הנך שלש שנים שצר סנחריב עליהן כדכתיב (במלכים ב י״ז:ה׳) ויעל מלך אשור (על כל) [בכל] הארץ ויעל שומרון ויצר עליה שלש שנים ולא היה להם פנאי לחרוש ולזרוע ולא מנו שמיטין ויובלות לא קא חשיב להו. והאי דנקט עד דאתא ירמיהו אהדרינהו לאו דווקא דהא יותר מתשעים שנה היה מחזקיהו שהגלה אותן סנחריב עד שהחזירן ירמיהו בימי יאשיהו אלא ה""ק תלת שני דאגלינהו סנחריב והיו באותו גלות עד שהחזירן ירמיהו לא חשיב להו להנך שלש שנים כך שמעתי. והרבה תשובות בדבר חדא דכי מדלית תלת שני משכחת חורבן בשנת ארבעים ותשע והיא שביעית ואנן בעינן מוצאי שביעית ועוד י""ד שנה אחרי אשר הוכתה העיר דליהוי יובל לא משכחת לה והא ליכא למימר לר' יהודה לית ליה הך דרשא דהא קרא כתיב ולקמן לא משכחינן ז' שחילקו אלא מהך דרשא די""ד אחרי אשר הוכתה העיר הוה יובל ועוד קשיא לי היכי לא מדלינן אלא הנך תלת שני והאמרי' בפ' בתרא (לקמן ערכין לב:) משגלו שבט ראובן וגד בטלו היובלות עד שהחזירן ירמיהו ואע""ג דמתרצינן התם מנו יובלות לקדש שמיטין הני מילי לרבנן אבל לר' יהודה מוקמינן התם דלא מנו יובלות כלל ועוד היאך יתכן ליטול שלש שנים לבדם אם כשעלה סנחריב עליהם כבר מנו י' שנים או י""ב ליובל ועלה עליהם שלש שנים היאך יתכן להפסיק אותן שלש שנים ולחזור למניינם הראשון ולמנות י""ג י""ד לקדש יובל שנת החמשים ושלש בעל כרחך אז התחילו למנות א' ב' ג' ד'. ומתוך הוויות אלו נראה בעיני דהאי תלת דכתב בספרים שיבוש הוא ופירוש משובש היה ונכתב בספרים. והכי גרסינן הנך שני דאגלינהו סנחריב עד דאתא ירמיהו אהדרינהו לא חשיב ודוקא נקט דכל אותן השנים שהיו בגלות לא חשיב רבי יהודה במנין שמיטין ויובלות וכדאמרי' בפרק בתרא אלא באותה שנה שחזרו בימי יאשיהו התחילו למנות ליובל וצא וחשוב מאותה שנה עד שנת הת""י החורבן ותמצא חשבונך סדור כמין חומר דבשנת שלשים ושש ליובל חרב הבית והיא מוצאי שביעית ומשכחת ארבע עשרה שנה אחר אשר הוכתה העיר הוה שנת היובל שהרי חזרו בשנת י""ח ליאשיהו כדכתיב (במלכים ב כ״ב:י״ג) דבשנת י""ח ליאשיהו נמצא הספר בבית המקדש ועל דברי הספר שלח המלך אל חולדה הנביאה ואמרי' במגילה (דף יד:) היכי שבקיה לירמיהו ושדר לחולדה ואמרינן ירמיה לא הוה התם שהלך להחזיר עשרת השבטים ומנלן דהדור דכתיב מה הציון הלז וגו' ודבר זה שפינה יאשיה את העבודת כוכבים באותה שנה היה וכך מצאתי בסדר עולם בי""ח ליאשיהו היה תחלת היובל ויאשיהו מלך ל""א שנה מי""ח עד ל""א כמה הוו ארבסרי וחד סרי ליהויקים ויהויכין וחד סרי לצדקיהו כדכתיב (במלכים ב כ״ה:כ״ז) הרי שלשים ושש ואז חרב הבית ומיתוקמא שפיר כר' יהודה. כך הבנתי מלבי וישרה בעיני אבל לא שמעתיה ואחרי כן מצאתי ספר ישן מוגה שכתוב בו כן והודעתיו לרבותי וישרה בעיניהם:"
Arakhin,37,0,בפרק ראשון,"פרט לבעלי קבין - מי שנחתך רגלו בפרק ראשון סמוך לשוקו וחוקק קב מקבל כתיתין ונותן שוקו לתוכה וקורין אשקנצ""א שפטור מן הראיה דאין לו רגל. אלמא לא מיקרי רגל אלא עד פרק א' שקורין קביל""א:"
Arakhin,55,1,בפרק קמא,"דרבי ישמעאל בפרק קמא דר""ה (דף ח:):"
Chullin,4,1,בפרק בתרא,"והא תנן - בפרק בתרא דמסכת ע""ז דאע""פ שישראל יוצא ונכנס מותר אלמא מסתפי עובד כוכבים דלמא אתי ישראל ולא נגע הכא נמי מסתפי השתא אתי וחזי ליה:"
Chullin,23,0,בפרק שני,והא בעינן מוליך ומביא - כדתנן בפרק שני (לקמן חולין ל:):
Chullin,44,0,בפרק בתרא,"וא""ר יוחנן - מנא לן דמביא עליו נסכי איל של שני עשרונים ושלישית ההין יין דכתיב בפרשת נסכים בשלח לך אנשים או לאיל האחד וגו' או לרבות את הפלגס בנסכים הללו ומדאיצטריך קרא לרבויי ש""מ קסבר רבי יוחנן דת""ק דאמר אין עולה לו מזבחו משום דבריה הוא ולענין נסכים רחמנא רבייה דאי ספיקא הוא לא מרבייה קרא דכיון דשמא איל הוא פשיטא דבעי אתויי נסכי איל ואתנויי דאי איל הוא ליהוי דידיה ואי כבש הוא יהא היתר נדבה שהרי מתנדבין נסכים בלא קרבן כדאמרינן במנחות בפרק בתרא (דף קז.) ואע""ג דתני אין מתנדבין לוג אחד ולא ב' וה' אלא שלשה כדי שיהו קרויין נסכי כבש או ארבעה שיהו קרויין נסכי איל או ששה הראוין לפר הכא כי האי גוונא בהדי אחריני קרבי:"
Chullin,49,2,בפרק בתרא,"ופטורין ממעשר בהמה - כל הנולדים להם כל ימי שותפותם שהשותפות פוטר ממעשר בהמה בבכורות בפרק בתרא (דף נו:) יהיה לך ולא של שותפות והתם מוקי ליה להאי קרא במעשר ואע""ג דבבכורות כתיב:"
Chullin,50,1,בפרק קמא,"והכא נמי - דתמד עד שלא החמיץ ואע""פ שעתיד להחמיץ והשתא פירא הוא הואיל וחזותיה מיא פסיל מקוה ואינו נקח ורב נחמן כרבנן דאף ע""ג דחזותיה מיא לא פסיל דתרתי בעינן לפסול מקוה [שיעורא וחזותא] ולענין מעשר נקח דאפירא קפיד רחמנא והא פירא הוא והכא לא בעי תרתי. ולבי מהסס [משום דרישא משמע דאזיל בתר חזותא וסיפא משמע דלא אזיל בתר חזותא] ונראה בעיני דרבא חסר קורטוב תני ברישא ומשום דליכא שיעורא קאמר תנא קמא לא פסלוהו אבל שלשה לוגין שלמים אפילו מראיהן כמראה יין פסלי דרבנן לא קפדי אחזותא כלל והשתא מיתוקמא שפיר דרב נחמן [דאזיל בתר בסוף אף ע""ג דהשתא חזותא מיא דאמר כת""ק דלא אזיל בתר חזותא ורבא דאמר כר""י] (דאמר כרבנן) והכי אמרינן בפרק קמא דמכות אליבא דרבא דחסר קורטוב תנינן ברישא ות""ק לא זו אף זו קאמר ור' יוחנן בן נורי ארישא נמי פליג ואתא למימר דאפילו שלשה לוגין שלמים ומראיהן כמראה יין לא פסלי ובסיפא אף ע""ג דליכא שלשה לוגין שלמים מים הואיל דאיכא מראה מים פסלי:"
Chullin,85,0,בפרק שני,"ההיא ספק דרוסה וכו' - אם עוף היה בודק הקנה תחלה כדאמרינן בפרק שני (לעיל חולין כח.) ושחט הקנה והכשירו ואח""כ בדק הוושט ואם בהמה היא נמי אית בה תקנתא דבשלמא גבי נקב איכא למימר דילמא במקום נקב שחט אבל גבי דרוסה כיון דמקומו מאדים אפילו שחט בו יש היכר במשהו:"
Chullin,86,0,בפרק קמא,בת קול - בפרק קמא דעירובין (דף יג:) יצתה בת קול ואמרה הלכה כבית הלל:
Chullin,99,5,בפרק קמא,מאי - וכיון דלא אפסיק הלכתא עבדינן לחומרא וטרפינן בכל הכרס בנקב במשהו כבני מערבא. ומיהו כל הנך טרפות אנן לא טרחינן למיבדקי בתרייהו דכל כמה דלא מישתכחן אזלינן בתר רובא כדנפקא לן בפרק קמא (לעיל חולין יא.) מהאליה תמימה ומקראי טובא ובסירכי דריאה משום דשכיחן בדקינן בתרייהו:
Chullin,109,2,בפרק שני,חוץ לזמנו פיגול וחייבין עליו כרת - האוכל ממנו אפילו כהלכתו ומקרא נפקא לן בפרק שני דזבחים (דף כח.) ועור שתחת הזנב רך הוא ונפסל קרבן במחשבת אכילתו כבשר ובעולה שכולה כליל לא פסלה מחשבת אכילה אלא מחשבת הקטרה:
Chullin,122,1,בפרק קמא,ופסול משום תורין - אם בא להביאו משיזקין בתורת תורין כדאמרינן בפרק קמא (לעיל חולין כב.) גדולים כשרים קטנים פסולין וכשר משום יונה בקטנה:
Chullin,140,2,בפרק קמא,בוקעת ועולה - ומטמאה כל המאהילים עליה אפילו סמוך לרקיע. אלמא אפילו בליעת קרקע אינה מעכבת וכל שכן בליעת כלי והרי הוא מציל על טהרה שבתוכו ומעכבת מליטמא באהל המת כדאמרינן בפרק קמא (לעיל חולין דף כה.):
Chullin,160,0,בפרק בתרא,"שני בלא תעשה - דשחוטי חוץ ואע""פ שאינו בכרת דלאו מתקבל בפנים הוא מ""מ בלא תעשה הוא הואיל ורצוי לאחר זמן. ולאו דידיה מפרש בפרק בתרא דזבחים (דף קיד.) מלא תעשון ככל אשר אנחנו עושים וגו':"
Chullin,161,0,בפרק קמא,"פרה מטמאה טומאת אוכלין - דאע""ג דאמר רבי שמעון בפרק קמא דבכורות (דף ט:) דאיסורי הנאה כגון שור הנסקל ופטר חמור אין מטמאין טומאת אוכלין ונפקא ליה מכל האוכל אשר יאכל אוכל שאתה יכול להאכילו לאחרים קרוי אוכל מודה הוא דפרה אדומה מקבלת טומאת אוכלין לטמא אחרים:"
Chullin,162,0,בפרק בתרא,"והא""ר ינאי - בקדושין ובכריתות בפרק בתרא (דף כה.):"
Chullin,188,0,בפרק בתרא,"ספקו אסור - דנפקא לן מקראי בפרק בתרא דיומא (דף פד:) ובפ""ק דכתובות (דף טו.) כל קבוע כמחצה על מחצה דמי וזה מן הקבוע לקח אבל נמצא דנייד הלך אחר הרוב דהשתא לאו קבוע הוא:"
Chullin,193,0,בפרק בתרא,"ואמור רבנן בששים - בפרק בתרא דמסכת ע""ז (דף סט.) פסקינן הלכתא בכל איסורין שבתורה (בששים) בין בשר בחלב ובין שאר איסורין בששים:"
Chullin,194,1,בפרק בתרא,"לא תזלזל בשיעורי דרבנן - כלומר אפילו במידי דלא מיתסר מדאורייתא לא תזלזל בשיעוריה ועוד הא מדאורייתא אסור דחצי שיעור אסור מן התורה וחצי שיעור מנין ת""ל כל חלב בפרק בתרא דיומא (דף עד.):"
Chullin,205,1,בפרק בתרא,מהו - מי מצטרפי לחיוביה ככל שאר איסורים דקיימא לן דמצטרפי שיעורייהו לחצאין בתוך כדי אכילת פרס כדאמרינן בפרק בתרא דיומא (דף פ:) או דילמא כיון דחידוש הוא דהא גידין ועצמות דעלמא לא מיחייב עלייהו והכא מיחייב ואימא אין לך בו אלא חדושו וכי אכיל ליה בבת אחת מיחייב דסתם אכילה בבת אחת משמע אבל לחצאין לא:
Chullin,210,0,בפרק בתרא,"הוציאו אשה מבעלה והרגו את הנפש - בפרק בתרא דיומא בעובדא דכידור איכא למ""ד קטלה ואיכא למ""ד לא קטלה אלא אפקה:"
Chullin,226,0,בפרק בתרא,חלב אחותו גדולה מנין - אני שמעתי דהיינו פרה שהיא מין בהמה כמותה אבל מין גדול הוא ומהאי קרא גופיה דריש ותנא אחרינא הוא ולישניה הוא דשני ועוד דלא נפק ליה פרה ורחל מיתורא דחד קרא אלא פרה לחודה דחלוקה מן הגדי בשני חילוקין חדא דנאסרה עמו בהרבעה וחדא דאין נכנסת עמו לדיר להתעשר אבל רחל שנכנסת עמו לדיר להתעשר דהא מעשר בקר וצאן כתיב (ויקרא כז) וכל צאן במשמע לא נפקא ליה מיניה שתאסר עמו בבישול הלכך יליף ברישא פרה והדר אתיא ליה רחל בהצד השוה כדלקמן. בקר אינו נכנס עם הצאן להתעשר בפרק בתרא דבכורות (דף נג.):
Chullin,234,0,בפרק ראשון,"תנור מטמא אוכלין באוירו - שהתנור תחלה הוי ואוכלין שניים כדתניא בפסחים בפרק ראשון (דף כ:) דת""ר תוכו אע""פ שלא נגע מה תוכו האמור לטמא כו' אלמא תנור מטמא לאוכלין אע""פ שאינן נוגעין בו תאמר בנבלה ובזרעים טמאין שאינן מטמאין אחרים אא""כ נגעו בהן כל הנך דקאמר תיתי מיניה בבנין אב קאמר טימא כאן וטימא כאן מה מצינו כאן שהיד מוציאה טומאה לאחרים אף כאן יד מוציאה טומאה לאחרים:"
Chullin,242,0,בפרק קמא,"ר""ל מתקיפי דארעא דישראל הוה כדאמרינן בפרק קמא דיומא (דף ט:) מאן דמשתעי ריש לקיש בהדיה יהבי ליה עיסקא בלא סהדי והכא א""ל תיב לקבלי ורבי זירא דמבבל סלק להכא כדאמרינן בהשוכר את הפועלים (ב""מ דף פה.) רבי זירא אותיב ארבעין תעניתי דנשתכח מיניה תלמודא דבבלאי ומחסידי דבבל הוה כדאמרינן בהשוכר את הפועלים (שם) רבי זירא (אותיב) כל תלתין יומין בדיק נפשיה ושגר תנורא וסליק בגוה חזי מאי אכספיה לההוא מדרבנן:"
Chullin,252,0,בפרק בתרא,ופרכינן האי על הארץ מיבעי ליה להוציא ספק טומאה צפה - שרץ מת צף על המים ספק נגע ספק לא נגע אף ברשות היחיד ספקו טהור ומהאי קרא נפקא לן בפרק בתרא דנזיר (דף סד.) כתיב השרץ כל מקום ששורץ ואפילו על המים וכתיב על הארץ הא כיצד כאן בטומאת ודאי כאן בטומאת ספק:
Chullin,254,0,בפרק שני,"רב אשי אמר - דכ""ע אית יד להכשר והאי אבר אית ליה יד דבהמה נעשית יד לאבר א""נ ס""ל אוחז בקטן ואין גדול עולה עמו הרי הוא כמוהו וכשניתז הדם על האבר ולא נתקנח קא מיפלגי ר""מ סבר דם מכשיר והרי הוכשר ור""ש לטעמיה דאמר בפרק שני (לעיל חולין לו.) שחיטה מכשרת ולא דם והאי אבר כיון דלא מהניא ליה שחיטה להתירו באכילה אע""ג דמהניא ליה לטהוריה מידי נבלה לא מכשרה ליה לטומאה דטעמא דשחיטה מכשרת היינו משום דכיון דמשויא ליה אוכלא לענין היתר אכילה משויא ליה נמי אוכלא לענין טומאה והכא ליכא למימר הכי:"
Chullin,258,0,בפרק שני,"והשוחטן בחוץ פטור - ואילו בקדם הקדשן את מומן תנן מתניתין לקמן דחייב אם שחט בחוץ קודם פדיונן ואע""ג דאינן ראוים לפתח אהל מועד דהא בעלי מומין נינהו ותנן (זבחים דף קיב.) הראוי לפתח אהל מועד חייבין עליו בחוץ ושאינו ראוי בפנים אין חייבין עליו בחוץ הא מוקמינן לה בבכורות (דף טז.) בדוקין שבעין ואליבא דר""ע דאמר אם עלו לא ירדו הילכך הואיל ובפנים לא ירדו חייבין עליהן בחוץ. וכולה הך מתני' מיתניא בבכורות בפרק שני (דף יד.) והתם תני לה משום בכורות והכא תני לה משום מתנות:"
Chullin,271,0,בפרק בתרא,בפני - בכור וגז נוהגים אף שלא בפני הבית אבל מעשר לא כדמפרש בגמ' דבכורות בפרק בתרא (דף נג.) גזרה משום לקוח ומשום יתום. בכור וגז ממתנות כהונה הן ולא מעשר דנאכל הוא לבעלים כשלמים:
Rosh Hashanah,15,1,בפרק שני,"ואי אתה מקדש שום חדש - כר""א בר""ש דאמר לקמן בפרק שני (ראש השנה ד ' כד.) בין שנראה בזמנו בין שלא נראה בזמנו אין מקדשין אותו ויליף טעמא מהכא:"
Rosh Hashanah,24,0,בפרק בתרא,"ארץ צבי - מה צבי קל ברגליו מכל החיות אף א""י קלה לבשל פירותיה מכל הארצות הכי מפרש לה במס' כתובות בפרק בתרא (דף קיב.):"
Rosh Hashanah,36,0,בפרק קמא,"ורבי מאיר בתר חורבן הוה - כמה דורות דהא בימי רבן יוחנן בן זכאי חרב הבית ור' אליעזר תלמידו היה ור' עקיבא תלמידו של ר' אליעזר כדאמרינן בשלהי ארבע מיתות (סנהדרין דף סח.) ור' מאיר תלמידו של ר""ע כדאמרי' בפרק קמא דעירובין (דף יג.) כל מקום שאתה מוצא משום ר' ישמעאל אמר תלמיד אחד לפני ר' עקיבא אינו אלא ר' מאיר:"
Rosh Hashanah,38,1,בפרק קמא,כשם שמעברין את השנה לצורך - מפני האביב והתקופה ופירות האילן כדאיתא בפרק קמא דסנהדרין (דף יא:):
Rosh Hashanah,50,1,בפרק שני,ומקצתן נעשין דיינים - אבל המעידים לא ישבו וידונו עמהם דהראוי להעיד אית ליה לרבי טרפון נעשה דיין אבל עד עצמו לית ליה דנעשה דיין וגבי עדות החדש גופה נמי לא אכשרנא במתני' להיות העדים נעשים דיינים דאם כן למה לי יושיבו מחבריהם יעידו בפני יחיד ואחר כך ישבו הם עמו ויקדשו והכי אמרינן ליה בפרק שני דכתובות (דף כא:):
Rosh Hashanah,50,1,בפרק בתרא,"שהוא קרן - אינו קרוי שופר וגבי יוה""כ שופר כתיב (ויקרא כ״ה:ט׳) והעברת שופר תרועה ובפרק בתרא (דף לד.) גמרינן ר""ה מיובל:"
Ketubot,18,0,בפרק בתרא,"נותן לה ממעות קפוטקיא - בפרק בתרא תנן נשא אשה בא""י וגירשה בקפוטקיא נותן לה ממעות א""י שהן קלות נשא אשה בקפוטקיא וגירשה בא""י נותן לה ממעות א""י מנין הכתוב בכתובה דאזלינן לקולא רשבג""א נותן לה ממעות קפוטקיא שנשתעבד בהן כשאר מלוה דקסבר כתובה דאורייתא:"
Ketubot,30,0,בפרק קמא,בשלמא לר' אלעזר דאמר - בפרק קמא טענתייהו במנה ולא כלום מוכת עץ שלא הכיר בה אינה יכולה לתובעו אלא מנה והוא אומר דרוסת איש את ואין ליך כלום איכא מגו דאי בעיא אמרה מוכת עץ אני תחתיך:
Ketubot,32,0,בפרק קמא,"אפילו למ""ד - פלוגתא בפרק קמא דקדושין:"
Ketubot,39,0,בפרק בתרא,עילה מצאו - עלילה בעלמא מצאו חכמים והחזיקו בה לתלות עליה ולטהר את ארץ ישראל במסכת נזיר בפרק בתרא אלמא מספיקא לא מחזקינן טומאה בקרקעה של ארץ ישראל:
Ketubot,57,1,בפרק שלישי,"שיש בה הויה - שקדושין תופסין לו בה פרט לאחותו ולכל חייבי כריתות דילפינן בקדושין שאין קדושין תופסין בהן בפרק שלישי (דף סז:) ומשמע ליה תהיה לשון הוית קדושין ור""ש בן מנסיא משמע ליה תהיה לשון קיום:"
Ketubot,149,0,בפרק קמא,"רבא אמר רישא כאן נמצאו כאן היו - רבא מהדר לאוקמא כולה כרבן גמליאל דאוקמינן הלכתא כוותיה בפרק קמא לעולם חזקה דגופא עדיף ורישא טעמא משום דכיון דבבית אביה נמצאו המומין איתרע חזקתיה דאב דאיכא למימר כאן היו קודם אירוסין ובפ""ק נמי פלוגתייהו בנכנסה לרשות הבעל היא ובה אמר רבן גמליאל דלא הורעה חזקת אביה בכך:"
Ketubot,170,3,בפרק בתרא,"ומאן דלא דאין כו' - פלוגתייהו בבבא קמא בפרק בתרא (דף קטז:) ורבי מאיר אית ליה דינא דגרמי כדתניא (שם דף ק:) נתייאש הימנה ולא גדרה הרי זה קידש וחייב באחריותו גבי כלאים וקיי""ל כוותיה:"
Ketubot,199,2,בפרק בתרא,"ולא פירות - דין פירות והוא פירקונה שתקנו חכמים תחת פירות נכסי מלוג שהוא אוכל אין לה ואם נשבית אינו חייב לפדותה דתנאי כתובה ככתובה וכיון דאין לה כתובה אין לה תנאי כתובה [ואית דאמרי כלומר אף לא פירות אם אכלן אין משלם לה פירות נכסי מלוג שאכל ואע""ג דקיימא לן בפרקין דלעיל (כתובות דף מז:) תקנו פירקונה תחת פירות נכסי מלוג שהוא אוכל כדתנן לא כתב לה אם תשתבאי אפרקינך חייב לפדותה והאי לא קרינן בה ואותבינך לי לאינתו אפי' הכי לא ישלם פירות דתנאי כתובה ככתובה כי היכי דקנסוה רבנן דלא גביא נכסי צאן ברזל שהכניסה לו משלה בתורת כתובה קנסוה נמי דלא תגבה מיניה פירות שאכל בתנאי כתובה של פירי שהוא תנאי בית דין שאינו כתוב בשטר הכתובה ואף דין פירות] וכן מזונות נמי תנאי כתובה נינהו ולקמן בפרק בתרא (כתובות דף קז:) אמרינן כיצד אמרו ממאנת אין לה מזונות אי אתה יכול לומר ביושבת תחתיו שהרי בעלה חייב במזונותיה אלא שאם הלך למדינת הים ולוותה ואכלה ועמדה ומיאנה אינו משלם:"
Ketubot,207,0,בפרק שני,והא מר הוא דאמר - בפרק שנים אוחזין (בבא מציעא דף טו:):
Zevachim,6,0,בפרק שלישי,שכן פסולה בזר - לאפוקי שחיטה שכשירה בזר כדלקמן בפרק שלישי (זבחים דף לב.) שחיטה וקבלה טעונות צפון בפ' איזהו מקומן (לקמן זבחים דף מט.) יליף להו מקראי:
Zevachim,17,1,בפרק שני,דילפינן ממחשבת פיגול - דמהניא ביה הכי דתנן בפרק שני (לקמן זבחים דף כז:) השוחט את הזבח על מנת לזרוק דמו למחר פיגול:
Zevachim,18,1,בפרק שני,על מנת לזרוק דמו חוץ למקומו כו' פסול - (בפרק שני) והשתא ליכא למפרך שכן כרת שאין חייבין כרת על אכילתן כדתניא לקמן [בפרק שני] (דף כח.):
Zevachim,20,3,בפרק שני,"בא לעובדה בכלי - רשאי לעובדה בשמאל להוליך הכלי שקדשה בתוכו בשמאלו למזבח וליתן בשמאלו מן הכלי על האשים כזריקת דם אשם שהוא מן הכלי למזבח שאינה בנתינת אצבע דלא כתיב אצבע אלא בחטאת וכשרה בשמאל לר""ש בכל הזבחים חוץ מחטאת דאמרינן לקמן בפרק שני (שם:) זרק בשמאל פסול ור""ש מכשיר חוץ מחטאת משום דרבי שמעון תרתי בעי אצבע וכהונה דגמרינן ממצורע דכתיב ביה אצבע וכהונה וימין וטבל הכהן באצבעו הימנית ובזריקת כל הזבחים לא כתיב בו אצבע אלא כהונה חוץ מחטאת:"
Zevachim,24,3,בפרק בתרא,אין חייבין עליו - מיתה דבעיא עבודה תמה שאין אחריה עבודה בסדר יומא (דף כד.) ובפרק בתרא דהכא (דף קיב:) נמי תנן אין בהם משום זרות ולא משום טומאה ולא משום מחוסר בגדים כו':
Zevachim,25,0,בפרק שני,"אלא כיון דלא סגי דלא יהיב - קומץ לכלי לקדשו בתוכו כדאמרינן לעיל (זבחים דף יא.) שלא בכלי שרת פסולה ואמרינן טעמא במסכת סוטה בפרק שני (דף יד:) מידי דהוה אדם לאו אע""ג דקדישתיה סכין בצואר בהמה הדר בעי לקבוליה וקדושיה בכלי זימנא אחריתי קומץ נמי אע""ג דקדשה מנחה כולה בכלי בעי לקדושי קומץ זימנא אחריתי הלכך עבודה חשובה היא ומפגלה הכי נמי בטבילת אצבע כיון דלא סגי כו' היינו הולכה שמוליך הדם באצבעו לקרבן למזבח:"
Zevachim,36,1,בפרק בתרא,"אליבא דמ""ד - בפרק בתרא דעירובין (דף צו.) ובהקומץ רבה (מנחות לו:):"
Zevachim,38,0,בפרק קמא,ולינה דרבנן - לינה זו שתועיל בקידוש שאין המים בפנינו מדרבנן הוא דגזור בה שלא תזלזל בלינה ומודה רבי שכשהעלו לכיור מן הבור מקרות הגבר שהוא זמן תרומת הדשן כדאמרינן בפרק קמא דיומא (דף כ.) דמשום האי פורתא לא פסלה לינה בקידוש דלא מסקי אינשי אדעתייהו דדמי כמה שקידש ביום:
Zevachim,55,1,בפרק בתרא,"ה""ג מסתברא נותר אית לך לאוקומי בכרת למיגמר עון עון לחוץ לזמנו דדמי ליה בז""ב אדרבה חוץ למקומו הוה ליה לאוקומי בכרת דמיגמר עון עון לחוץ לזמנו דדמי ליה במקד""ש -  והכי פירושא נותר הוה ליה לאוקומי בכרת דמיגמר עון עון כו' שמלמד כרת על חוץ לזמנו שאין כרת מפורש בו אלא נשיאות עון אמורה בו ולימד מכאן בגזירה שוה דהכא כתיב נשיאות עון ומפרש כרת הלכך אי מוקמת ליה להאי בנותר איכא למילפיה לג""ש שפיר דדמו אהדדי בשני דברים הללו ששניהן נפסלים בזמן זה בזמן ממש וזה במחשבת זמן ושניהם נוהגים בבמה כדתנן בפרק בתרא (לקמן זבחים דף קיג.) דכי פרכת ונילף עון עון מטומאת בשר דכתיב ונשא אהרן את עון הקדשים מה להלן לאו ולא כרת אף כאן לאו ולא כרת אמרינן מנותר הוה ליה למילף דדמי ליה בז""ב אבל אי מוקמת ליה להאי כרת בחוץ למקומו כי גמרת ליה חוץ לזמנו מיניה בג""ש ופרכינן ליה ונילף עון עון מטומאה ליכא לתרוצי מחוץ למקומו הוה ליה למילף דדמי ליה בז""ב דהא אין פסולו בזמן ואינו נוהג בבמת יחיד שאין שם מחיצות:"
Zevachim,58,0,בפרק קמא,הרי קמיצה - דפליגי רבי יהודה ורבנן בה בפרק קמא דמנחות (דף יב.) כי מחשב לאכול כזית למחר כזית בחוץ כו':
Zevachim,66,0,בפרק קמא,ההוא למצוה - בהמה מצוה להקריב וחיה רשות ומיהו טמאה ודאי לא דכתיב ממשקה ישראל מן המותר לישראל בפרק קמא דמנחות (דף ו.) גבי טריפה:
Zevachim,69,2,בפרק בתרא,והיכי משכחת לה בעולת נקבה - דאילו בשלמים המעלה מבשר בחוץ פטור דלא מתקבל בפנים הוא כדתנן בפרק בתרא (לקמן זבחים דף קיב:) המעלה מבשר חטאת כו':
Zevachim,71,0,בפרק שני,"למחר פסול - חישב ליתן למחר את הניתנין למטה למעלן ואוקי בפרק שני משום מחשבת הינוח כרבי יהודה ולא משום מחשבת נתינת מחר דא""כ פיגול מיבעיא ליה אלמא לא הוי פיגול דזריקה דלא כשר באכילה לא אתיא לידי פיגול וקתני חזר וחישב בו אלמא לא מיקבע תו פיגול:"
Zevachim,77,1,בפרק קמא,סמיכה לא מעכבת בעלמא - כדאמרינן בפרק קמא וסמך ונרצה וכי סמיכה מכפרת וכו':
Zevachim,83,0,בפרק ראשון,"כי הדר מדי בהיכל מיא בעלמא קא מדי - ונמצא שלא זרק דמו דהא מתנה אחת מהן מעכבת דבשלמא מפגל בשחיטה אע""ג דפסליה והדר זרק ליה או במחשבה או בשתיקה כיון דפיגל בעבודה ושוב לא הוציא בו מחשבת פסול אחר אע""פ שזריקת דמו דם פסול הוא כיון דרבי רחמנא פיגול בשחיטה כדאמרן בפרק ראשון (לעיל זבחים יג.) בדברים המביאים לידי אכילה הכתוב מדבר ע""כ בהכי אמר רחמנא לפגול וזריקה זו כמו שהיא מרצה לפיגולו וכן לרבנן דבעו מחשבה בכוליה זריקה ולמאן דמוקי נמי טעם דר""מ משום דעת ראשונה ופיגל בכל העבודה בכה""ג אמר רחמנא לפגול דלא משכחת לפגול בזריקה אלא בהכי אלא למ""ד טעמא משום חצי מתיר אין כאן זריקה כיון דלא גמרה מחשבת פיגול ועשה סופה לדעת כשרה זיל הכא חצי עבודה היא וזיל הכא חצי עבודה היא:"
Zevachim,104,7,בפרק קמא,עד חצות - סייג עשו חכמים לתורה להרחיק אדם מעבירת כרת כדתנן בברכות בפרק קמא (דף ב.) כל הנאכלין ליום אחד מצותן כו':
Zevachim,162,0,בפרק שני,"ואין הציץ מרצה על היוצא - דאמרינן בפרק שני (לעיל זבחים כג:) הא אינו נושא אלא עון טמא ואע""ג דפסולין שעלו לא ירדו ארצויי מיהא לא מרצו:"
Zevachim,175,0,בפרק שני,אהיכא דאיתיה - שהיו חוגרין כנגד אצילי ידיהן דהיינו כנגד הלב כדילפינן בפרק שני (לעיל זבחים דף יט.) מולא יחגרו ביזע:
Zevachim,195,1,בפרק שני,אונן אינו מקריב - כדאמר בפרק שני (לעיל זבחים דף טז.):
Zevachim,201,1,בפרק בתרא,לא בבמה קאמר - דהותרו לזר וכדברי האומר בפרק אחרון (דף קיג.) יש מנחה בבמה קטנה ומנחה קדשי קדשים היא ואוכלין שיריה זרים שהיו עובדים בבמה קטנה שהזר עובד שם כדאמר בפרק בתרא אבל קדשים קלים לא יאכל בחזה ושוק של כהנים שהרי לא הותרו לזר דלא אשכחן זר חולק במורם משלמי יחיד דאילו במקדש נאכל לכהנים ובבמה קטנה לא היה חזה ושוק כדתניא בפרק בתרא חזה ושוק בבמה גדולה ואין חזה ושוק בבמה קטנה והאי דבעי למינקט כדברי האומר יש מנחה בבמה דאי אין מנחה בבמה אין לך עוד קדשי קדשים נאכלין בבמה דאילו חטאת ואשם בבמה לא קרבי דתנן מגילה (דף ט:) כל שאין נידר ונידב אין קרב בבמה אין לך נדר ונדבה בקדשי קדשים אלא עולה ומנחה:
Zevachim,211,0,בפרק קמא,"אי קשיא - בהאי דאייתינא אזהרה לשחוטי חוץ בהאי ק""ו הא קשיא לי הא דתנן בפרק קמא דכריתות (דף ב) דקחשיב ל""ו כריתות להתחייב עליהם חטאת וקתני והפסח והמילה כרת שלהם על מצות עשה היא באה ואין חייבין חטאת על שגגתה דחטאת אינה באה אלא על לאו וכרת כדכתיב אשר לא תעשינה (ויקרא ד):"
Zevachim,212,0,בפרק בתרא,"לגזירה שוה - מפורשת ביש נוחלין (ב""ב דף קכ:) ובנדרים בפרק בתרא (דף עח.):"
Zevachim,217,0,בפרק קמא,"וכולן שחסרו כל שהוא - קודם הקטרה ע""י איבוד או שריפה נפסלו בחסרונן כדאמר במנחות (דף ט:) מן המנחה פרט לשחסרה היא ושחסר קומצה והאי וכולן לאו אלבונה קאי דהא מיפליג פליגי בה במנחות בפרק קמא (דף יא:) בלבונה שחסרה דלר""ש כשירה אפילו עמדה על קורט אחד ולר' יהודה בשני קרטין ואי אלבונה נמי קאי מיירי שחסרה משיעור הכשרה למר כדאית ליה ולמר כדאית ליה:"
Zevachim,220,0,בפרק בתרא,בקרבו נסכים במדבר קמיפלגי - ותרוייהו אית להו יש שיעור למים וכי מלי טפי לא קדשינהו כלי ותנא קמא דמחייב לא בעי בנסכים קדושת כלי לחייב עליהן בחוץ דקסבר קרבו נסכים באהל מועד שבמדבר כל ארבעים שנה הילכך ביאת הארץ האמורה בפרשת נסכים בשלח לך ללמדנו בא שבשבע של כיבוש הארץ ושבע של חילוק הארץ כשהיו בגלגל והותרו הבמות כדתנן בפרק בתרא (לקמן זבחים דף קיב:) תהא במה קטנה של כל יחיד טעונה נסכים דמשום במת ציבור לא איצטריך למימר ביאת הארץ דהא מן המדבר נתחייבו בכך וכיון דבמות יחיד טעונין נסכים והתם כלי שרת ליכא כדאמר בפרק בתרא (לקמן זבחים דף קיג.) בחוץ נמי מיחייב עלייהו בשעת איסור הבמות בלא קידוש כלי הואיל ובשעת היתר הבמות קריבין בלא קדושת כלי כדאמרן לעיל במעלן על גבי סלע משום דהויא הקרבה בבמת יחיד בשעת היתר הבמות מיחייב עלה בשעת איסור דהא בפנים אם עלה לא ירד כדאמרן לעיל (זבחים דף פד:) מנין ליוצא אם עלה לא ירד שהרי יוצא כשר בבמה ור' אלעזר סבר לא קרבו נסכים במדבר וביאת הארץ האמור בנסכים לאחר ירושה וישיבה לאחר שקבעו משכן בשילה הוא דנתחייבו לפיכך הוצרכה ביאת הארץ לכתוב משום שכל ארבעים שנה שבמדבר לא קרבו במשכן ובא הכתוב לחייבו בשילה ובית עולמים ולא בשנות הכיבוש והחילוק בבמות הקטנות הילכך לא קרבו נסכים בבמה קטנה שהיא שלא בכלי שרת ואי אסקינהו בשאין מוקדשין בחוץ לא מיחייב עלייהו והכי נמי אמרינן לקמן דמאן דבעי קדושת כלי בנסכים סבר לא קרבו נסכים במדבר:
Zevachim,221,0,בפרק קמא,"כשם שדמה פוטר בשרה - מן המעילה דזריקת דם מוציאה בשר קדשי קדשים מן המעילה דיהא בה שעת היתר לכהנים כך היא פוטרת את בשר חברתה ואע""פ שפסולה ואשחט שתיהם בפנים קאי ואשמעינן דהיכא דמונח בכוסות וקדם וזרק את דם האחת פוטרת את חברתה מן המעילה משום חטאת שכיפרו בעליה דקיימא לן חטאות המתות לא נהנין ולא מועלין אבל משום שחוטי חוץ לא איצטריכא ליה דכמאן דקטלינהו דמי ולית בהו מעילה כדאמרינן בשמעתא קמייתא קדשים שמתו יצאו מידי מעילה ואגב גררא נסבה הכא איידי דנקטא משום שחיטת חוץ ובפרק קמא דמעילה (דף ו:) נמי קתני לה לכולה:"
Zevachim,223,2,בפרק שני,ולא משום מחוסר בגדים - דאינהו נמי כזר בזמן שאין בגדיהן עליהם אין כהונתם עליהם והוו להו זרים הכי נפקא לן בפרק שני (שם יז:):
Megillah,17,3,בפרק בתרא,כל שאינו נידר ונידב כו' - בזבחים יליף לה בפרק בתרא:
Megillah,17,1,בפרק בתרא,"ר' שמעון היא - דאמר בפרק בתרא דזבחים אף צבור לא הקריבו בבמה גדולה שום חובה אלא פסחים וחובות הקבוע להן זמן אבל חובות שאין קבוע להן זמן כגון פר העלם דבר ושעירי ע""ז הכא והכא לא קרב אבל כדרבנן דהתם לא מתוקמא מתניתין דהא אמרי כל שהצבור מקריבין באהל מועד שבמדבר מקריבין באהל מועד שבגלגל דהיא במה גדולה ואפילו פר העלם דבר ומתניתין קתני פסח וכיוצא בהן:"
Megillah,17,0,בפרק בתרא,מתני' בכל הרואה - בכל מקום שיוכל לראות משם את שילה ובפרק בתרא דזבחים יליף טעמא:
Megillah,37,0,בפרק בתרא,"בד""א בקטן שלא הגיע לחינוך - לחינוך מצות כגון בן תשע ובן עשר כדאמרינן ביומא בפרק בתרא (דף פב.):"
Megillah,59,1,בפרק בתרא,במעשה בראשית - במסכת תענית בפרק בתרא (דף כו.) שנויה סדר קריאתן ביום הראשון בראשית ויהי רקיע בשני יהי רקיע ויקוו המים בג' יקוו המים ויהי מאורות ברביעי יהי מאורות וישרצו המים בחמישי ישרצו המים ותוצא הארץ בששי תוצא הארץ ויכולו השמים והתם (דף כז:) מפרש טעמא מאי קורין במעשה בראשית במעמדות שבשביל הקרבנות מתקיימים שמים וארץ:
Beitzah,15,1,בפרק קמא,ודאי נמי נגזור משום כתישה - ומשני כיון דרוב פעמים אין צריך לכתוש לא גזור רבנן משום כתישה דאי נמי אתו לידי כך לאו איסורא דאורייתא איכא דאתי עשה דוכסהו בעפר ודחי לא תעשה מלאכה דקיימא לן בפרק קמא דיבמות (דף ד.) עשה דוחה את לא תעשה:
Beitzah,41,0,בפרק בתרא,ולהוי כגרף של רעי - שמותר לטלטלו ולפנותו לאשפה מחמת מאוס כדאמרינן בפרק בתרא (דף לו:):
Beitzah,43,3,בפרק ראשון,וחכמים אוסרין - בשלשתן בכבוד משום אשוויי גומות ובמוגמר משום דלאו צורך כל נפש הוא ומהאי טעמא אסרינן ליה בכתובות בפרק ראשון (דף ז.) אשר יאכל לכל נפש דבר השוה לכל נפש וזה אינו אלא למפונקים או למי שריחו רע ובגדי מקולס מפני שדומה לקדשים ויאמרו מותר להקדיש ולאכול קדשים בחוץ:
Beitzah,51,0,בפרק שלישי,היה אוכל בענבים והותיר - רבותא נקט דלא תימא כיון דאוכל והולך לא ליבעי הזמנה וכן מפרש בפרק שלישי דשבת בכירה שהסיקוה (דף מה.):
Beitzah,73,0,בפרק קמא,המת בבית כו' - מפורש בפרק קמא:
Shabbat,9,2,בפרק בתרא,"גוללו אצלו - ובפרק בתרא דעירובין מוקים לה באיסקופת כרמלית כגון גבוה ג' ורחבו ד' ורשות הרבים עוברת לפניו דאי נפל כוליה מידיה ומהדרי ליה מרה""ר לאיסקופה לאו חיוב חטאת איכא הלכך השתא דראשו אחד בידו ואין כאן עקירה אפילו משום שבות נמי לא גזור:"
Shabbat,49,2,בפרק בתרא,חובה - כבוד שבת הוא שאין סעודה חשובה אלא במקום אור כעין יממא בפרק בתרא דיומא (דף עה:):
Shabbat,120,0,בפרק בתרא,לא תימא כו' - בפרק בתרא דעירובין (ד' צה:) מייתינן פלוגתייהו בגמרא:
Shabbat,146,1,בפרק בתרא,וכי מותר לאפות פחות מכשיעור - נהי דחיוב חטאת ליכא איסורא מיהא איכא דקיימא לן חצי שיעור אסור מן התורה בפרק בתרא דיומא (דף עד.) והיכי קתני בורר לכתחלה:
Shabbat,164,1,בפרק בתרא,ואבן מסמא שלהן גרסי' - גבי נכרי ונכרית בין בתרצתא דרבה בין בדר' אלעזר והכי אמרינן בפרק בתרא דמסכת נדה (דף סט:) נכרי ונכרית מטמאין באבן מסמא:
Shabbat,227,5,בפרק בתרא,"אלא לאו לקניבת ירק - בעלמא בתלוש דמידי דלאו מלאכה קאי עליה בעשה דשבתון שבות וכיון דמדאורייתא אסור בכל שבתות השנה הכא לא שרינן ליה משום עגמת נפש למידחי איסור דאורייתא ובשאר יוה""כ שרי לעגמת נפש ואע""ג דכתיב ביה נמי שבתון שבות לאו ממלאכה הוא אלא מכל דבר המעכב מלהתענות מדסמכינן לועניתם הכי דרשינן לה בפרק בתרא דיומא (דף עד.) לרחיצה וסיכה ודומין להם:"
Shabbat,249,2,בפרק בתרא,למטה מג' - סמוך לקרקע וכגון לשאוב מן המעין שאינו עמוק ומותר להשתמש באילן למטה מג' כדאמרי' בפרק בתרא דעירובין (דף צט:) היו שרשיו גבוהין מן הארץ ג' לא ישב עליהם:
Shabbat,262,0,בפרק בתרא,"ביום ואפילו בשבת - מדלא כתיב בשמיני ימול ולר' אליעזר דאפקיה למכשירין מילה עצמה הלכה היא ופיקוח נפש לא אתיא ליה בק""ו ממילה אלא מקראי נפקא ליה כדאמרינן בפרק בתרא דיומא:"
Eruvin,3,1,בפרק שני,"רוחב חצר המשכן נ' אמה - והא דכתיב חמשים בחמשים בפרק שני (ד' כג:) מפרש לה ופתחה באמצע רחבה וסתמו בקלעים ט""ו אמה מצד זה של פתח וט""ו אמה מצד זה של פתח נשארו כ' אמה רוחב באמצע כדכתיב חמש עשרה אמה קלעים לכתף וכתף הוא צידו של פתח:"
Eruvin,11,0,בפרק בתרא,"ירושלים - רשות הרבים שלה מכוון משער לשער ומפולש ויש בה דריסת ששים ריבוא ורחב שש עשרה אמה ואילמלא שנועלין דלתותיה בכל לילה חייבין עליה בשבת משום רה""ר אבל נעילת דלתות משויא לה כחצר של רבים ומערבין את כולה וכל זמן שלא עירבו הויא כרמלית ולא מיחייבי עלה והכי נמי אמרינן בפרק בתרא (ד' קא.) דירושלים כרמלית היא:"
Eruvin,12,2,בפרק שלישי,כמלא מקדח - וכדי שינטל מן החי וימות מפרש להו בבכורות בפרק שלישי:
Eruvin,12,1,בפרק שני,"אין צריך כלום - לתקן אותה פתיחה של צד הרחבה אלא ראש המופלש לרה""ר צריך לחי או קורה כתורת מבוי סתום ועל כרחיך בדנפרצה נמי רחבה כנגד פרצת המבוי בכותל שכנגדו לרה""ר אתא לאשמועינן ואמפולשין דלעיל קאי דאי ברחבה סתומה לגמרי פשיטא דהא סתימה מעלייתא היא והא ליכא למימר דמשום בני רחבה איצטריך לאשמועינן דלא אסרי אבני מבוי ואפילו לא עירבו עמהן דהא נמי פשיטא דרחבה לא בעיא לערובי דסתם רחבה אין בה דיורין לצאת ולבא ואין תשמישה תדיר כדאמרינן בפרק שני (ד' כה.) מאן דשרי לטלטולי מן המבוי לתוכה משום דלית בה דיורין והלכתא כוותיה דקיימא לן בכל התורה רב אחא לחומרא ורבינא לקולא והלכתא כרבינא לקולא בר מאומצא ביעי ומזריקי ורחבה לאו דוקא נקט והוא הדין לחצר שיש בה דיורין וערבו אלא עובדא ברחבה היתה כדאמרינן לקמן עובדא הוה בדורא דרעותא כו'. כל כניסה ויציאה דבתים שבהש""ס דרך החצר הוא וחצר לפני הבתים:"
Eruvin,18,0,בפרק שני,פסי ביראות שהתרתה בהן - שלש עשרה אמה ושליש דתנן בפרק שני (לקמן עירובין יז:) עושין פסין לביראות שברשות הרבים והן עמוקין עשרה ואסור למלאות מהן ולהניח על שפתן שמוציא מרשות היחיד לרשות הרבים והתירו חכמים לעשות ארבעה דיומדין לארבע פיאות ולשוויה בין הפסין רשות היחיד ומותר למלאות ושרי רבי יהודה להרחיק זה מזה מלא שני רבקות של ארבעה ארבעה בקר ועוביה של פרה אמה ושני שלישי אמה דהוו להו שלש עשרה אמה ושליש לשמונה בקר:
Eruvin,28,0,בפרק שני,היה שם - בפסי ביראות תניא בפרק שני:
Eruvin,28,0,בפרק שני,כדבעא מיניה - בפרק שני:
Eruvin,47,0,בפרק קמא,דמיגו דמהני למתא - לטלטל במבוי כדאמרינן בפרק קמא (דף ז.) סרטיא מכאן ובקעה מכאן עושה צורת הפתח מכאן ולחי או קורה מכאן והכא נמי ליעבדו בראש המבוי הפתוח לרשות הרבים צורת פתח והאי לחי דלצד הרחבה שרי ליה:
Eruvin,52,0,בפרק קמא,ונשים פטורות - בפרק קמא דקידושין (דף לד.) יליף טעמא:
Eruvin,59,1,בפרק בתרא,מוקף - סמוך כמו מקיפין בבועי (חולין מו:). שסומכים זו לזו ורואין אם דומות זו לזו וכמו מקפת וקורא לה שם דמסכת נדה בפרק בתרא (דף עא:):
Eruvin,64,3,בפרק בתרא,מותר ליטלו - בשבת דכל למטה משלשה אפילו באילן לא גזרו עליו דהוי כארעא סמיכתא והכי נמי תנן בפרק בתרא (דף צט:) היו שרשיו גבוהין מן הארץ ג' לא ישב עליהן:
Eruvin,65,0,בפרק קמא,"וסבר לה כר' מאיר - דאמר גבי כיפה בפרק קמא (דף יא:) חוקקין להשלים ומיהו רשות היחיד גמורה לא הוי כיון דאין בתחתיתו של אילן רחב ד' אע""ג דבראשו רחב ארבעה דכלכלה משלימה לעשרה לא הוי רשות היחיד אא""כ מתחיל להיות רחבו ארבעה מתוך ג' הסמוכים לקרקע דהכי אמרינן בהזורק (שבת דף קא.) גבי בוצינייתא דמישן והן ספינות ששוליהן חדים ואין בשוליהן רוחב ד' ולמעלה הן הולכות ומרחיבות הרבה ומחיצתן גבוהות י' אין מטלטלין בהן אלא ארבע אמות דלאו רה""י נינהו ואע""ג דגבוהים עשרה ורחבין ארבעה מלמעלה הואיל ובשוליהן לא הוי ארבעה והכא גבי אילן נמי טעמא משום הכי הוא ותדע שזהו הטעם מדקאמר לקמן כמאן דלא כר' יוסי בר ר' יהודה וכו' ובהזורק נמי מותבינן עלה דההיא מהא דר' יוסי:"
Eruvin,76,1,בפרק בתרא,"ור' יוסי אוסר - דקסבר לאו משום ספיקא דשמא באו עדים ביום ל' ספק ביום ל""א לחודיה איתקון אלא אף משום שמא באו עדים מן המנחה ולמעלה איתקון דתרוייהו קדישי דאמור רבנן שהיו מצפין ביום ל' של אלול שמא יבאו עדים שנראית הלבנה בו ויקדשו ב""ד את החדש היום ונוהגין אותו היום קדש שמא י""ט הוא ותניא תמיד של ר""ה שחרית קרב כהלכתו תמיד של חול ושיר של חול המתוקן ליום בהשיר שהיו הלוים אומרים במקדש ביום הראשון כו' [תמיד פ""ז מ""ד] בתמיד של בין הערבים אומר שיר אחר הסירותי מסבל שכמו כדאמרינן בפרק בתרא של ר""ה (ד' ל:) ואם באו עדים אחר תמיד של בין הערבים שכבר קרב בשיר של חול תיקנו שיהיו מקדשין החדש מחר ומיום המחרת מונין קביעתו כדי לומר שיר הראוי לי""ט ומ""מ גמר יום שלשים נוהגין קדש כתחלתו שכך תקנו שיהו נוהגין אותו היום קדש ואפילו גמרו של יום ואע""פ שיודעין שידחה ליום המחרת ולמחר קדש והרחוקים מב""ד נוהגין שני ימים טובים לאו משום ספק נראית לבנה ביום ל' והוי שני חול ספק ביום ל""א והוי ראשון חול קא עבדי אלא משום שמא באו עדים אחר תמיד של בין הערבים ונהגו ב""ד שניהן קדש קא עבדי אלמא שניהן קדש:"
Eruvin,79,1,בפרק שני,קדושת היום - של ראש חדש עם של שבת כגון את יום המנוח הזה ואת יום ראש חדש הזה ואם מועד הוא את יום השבת הזה ואת יום חג פלוני הזה: (פסק ובמסכת ביצה קבעינן הלכתא דלא כי הני תנאי דמסיימי בשל שבת לחודיה במוספין אלא אף קדושת היום בעי לאדכורי בחתימה מקדש השבת וישראל והזמנים ובראש חדש מקדש השבת וישראל וראשי חדשים אבל במאי דקאמר שחרית וערבית מתפלל כדרכו ואומר מעין המאורע בעבודה הלכתא כוותיה וגבי כולל דשחרית וערבית קבעינן אין הלכה כאותו הזוג דאמרי כל מקום שזקוק לשבע כולל בפרק שני דביצה):
Eruvin,80,0,בפרק בתרא,"מבני סנאב בן בנימין - משפחה היא משבט בנימין שנפל להן גורל לקרבן עצים בי' באב בימי עזרא ויו""ט היה להם לעולם כדתנן בפרק בתרא דתענית:"
Eruvin,98,0,בפרק בתרא,"שאני מעשר בהמה דאיתיה בזה אחר זה בטעות - כגון אם טעה בעשירי וקראו תשיעי ולאחד עשר עשירי קדוש אחד עשר משום קריאת השם וקרב שלמים דתנן כו' ובפרק בתרא דבכורות ילפינן מקראי הלכך כי קראן כאחד לא מעכב י""א על העשירי מלחול עליו שם גמור דהא י""א גופיה זימנין דקדוש בקריאת שם מעשר כגון היכא דקרייה לעשירי שלפניו תשיעי והא דרבה בפרק בתרא דבכורות:"
Eruvin,104,0,בפרק קמא,"ר""מ לא עמדו חביריו על סוף דעתו - כדאמרינן בפרק קמא (דף יג:) שהיה אומר על טמא טהור ומראה פנים:"
Eruvin,107,0,בפרק ראשון,להראות לו פנים - ללמדו לתת טעם בדבריו בכל אשר יוכל ולא יאמר כך שמעתי הבן אתה הטעם מעצמך וחבירו בפרק ראשון (דף יג:) שהיה אומר על טמא טהור ומראה לו פנים:
Eruvin,142,0,בפרק בתרא,הלכתא ומנהג ונהגו בפרק בתרא דתענית (דף כו:) מפורש הלכה דרשינן בפירקא הלכה כרבי מאיר מנהג מדרש לא דרשינן אורויי מורינן ליחיד הבא לימלך נהגו אורויי נמי לא מורינן ואי עבוד לא מחינן בהו:
Eruvin,155,0,בפרק קמא,"לענין מחיצה - אע""ג דעתיד ליטלו כל כמה דהוי התם מחיצה היא דהא מפסיק מידי דהוה אעביטין ואוכפות וכלי בהמה דתנן בפרק קמא (דף טו:) דמקיפין בהן:"
Eruvin,163,1,בפרק בתרא,לפסול את הגוייה - האוכל אוכלין טמאין כחצי פרס נפסלה גוייתו מלאכול בתרומה ומדרבנן הוא דאין אוכל מטמא אדם ורבנן גזרו שהאוכלו יפסל בתרומה עד שיטבול כדאמר בפרק בתרא דיומא (דף פ:) הנח לטומאת גוייה דלאו דאורייתא:
Eruvin,173,0,בפרק קמא,ורבן שמעון לטעמיה - דאמר בפרק קמא פחות מד' לבוד:
Eruvin,193,0,בפרק בתרא,"פוטר במים - פלוגתייהו בפרק בתרא דביצה האשה ששאלה מחבירתה תבלין לקדירה ומים ומלח לעיסתה הרי הן כרגלי שתיהן אין העיסה הולכת אלא למקום ששתיהן מותרות לילך שם ואם עירבה זו לצפון וזו לדרום אין עיסה זזה ממקומה לפי שאין לזו של צפון אפילו אמה אחת בדרום וה""מ כשנתנו עירובן לסוף אלפים ר' יהודה פוטר במים שאין בעלת המים אוסרת על בעלת הקמח כלום:"
Eruvin,205,1,בפרק שני,הוי יתור בגדים - ותניא בשחיטת קדשים בפרק שני (זבחים דף יח.) לבש שני מכנסים שני אבנטים חסר אחת או יותר אחת או שהיתה לו רטיה על בשרו תחת בגדו ועבד עבודה עבודתו פסולה ויליף לה התם מקראי בני אהרן הכהנים בכהונם כלומר בבגדי הדיוט הזקוקין להם כהן הדיוט שלבש בגדי כהן גדול ועבד עבודתו פסולה דהיינו יתור בגדים:
Bava Metzia,5,0,בפרק ראשון,הודאת בעל דין כמאה עדים - ברייתא היא בתוספתא דבבא מציעא בפרק ראשון:
Bava Metzia,23,0,בפרק קמא,מקל וחומר - בפרק קמא דקדושין (דף טז.) מה סימנין שאין מוציאין מרשות האב מוציאין מרשות האדון כדילפינן ויצאה חנם אלו ימי בגרות אין כסף אלו ימי נערות מיתת האב שמוציאה מרשות האב שאינו מוריש לבניו מה שזכתה לו תורה בבתו שיהא מעשה ידיה לאחין כדילפינן (כתובות דף מג.) והתנחלתם אותם לבניכם ולא בנותיכם לבניכם אינו דין שמוציאה מרשות האדון: 
Bava Metzia,106,0,בפרק בתרא,הרי אמרו - במסכת בכורות בפרק בתרא (ד' נא.):
Bava Metzia,141,0,בפרק שני,"בשלמא סיפא - דקתני אם העמידו אצל ישראל אסור דמשמע שנכרי זה חשוב שלוחו של ישראל חומרא דרבנן הוא למיסר דהא דקי""ל דשלוחו של אדם כמותו. בשולח ישראל ושליח ישראל נאמר דמתרומה גמרינן בפרק שני דקדושין (דף מא:) אתם גם אתם. לרבות שלוחכם מה אתם בני ברית. אף שלוחכם בני ברית:"
Bava Metzia,233,1,בפרק קמא,בגויל שומעין לו - אם היה מתחילה מאבני גזית ובא לשנותו כשנפלה ולבנות באבני גויל שומעין לו מפני שהוא מחזיק את הבנין שחומת גויל רחבה משל גזית טפח כדאמר בפרק קמא דבבא בתרא (דף ב.) בגויל זה נותן ג' טפחים וזה נותן שלשה טפחים ובגזית זה נותן טפחיים ומחצה וזה נותן טפחיים ומחצה והתם מפרש גויל אבנים דלא משפיין דמורשי דידהו מטפי בה טפח:
Bava Metzia,233,1,בפרק בתרא,דדיינא הוא - אב בית דין היה כדאמרינן בהוריות בפרק בתרא (דף יג:): 
Chagigah,31,0,בפרק בתרא,"שמע מינה - מדרבי יוחנן דאוקי טעמא משום שבות צדדין אסורין ואע""ג דגבי שבות רכיבה אמרינן. הוא הדין לכל שימוש ואפילו במקום שאינו עשוי להשתמש כגון צידי הבהמה והוא הדין צידי האילן ופליגי אמוראי בהא מילתא במסכת שבת בפרק בתרא (דף קנד:):"
Keritot,2,3,בפרק בתרא,שהוא בעולה ויורד - ואין שם אשם תלוי אלא בספק קבוע כדאמרינן בפרק בתרא (לקמן כריתות כה.) אין אשם בא אלא על דבר שזדונו כרת ושגגתו חטאת קבועה:
Keritot,7,0,בפרק שני,ה' לאוין - הנך דלא אתו לדרשה חד (ויקרא ג׳:י״ז) דחקת עולם וחד בצו את אהרן (שם ז) כל דם לא תאכלו בכל מושבותיכם וחד באחרי מות (שם יז) דם כל בשר לא תאכלו וחד בראה אנכי (דברים י״ב:ט״ז) לא תאכלו על הארץ תשפכנו כמים הרי ה' ודכתיב לעיל מיניה לא תאכל הנפש עם הבשר באבר מן החי משתעי ודכתיב בתריה לא תאכלנו מוקמינן בפרק כל הבשר בשחיטת חולין (דף קטו:) אזהרה לבשר בחלב ועוד כתיב בראה אנכי רק את דמו לא תאכלו ומוקמינן ליה בפרק שני דבכורות (דף טו.) לחלב פסולי המוקדשים ודכתיב באחרי מות כל נפש מכם לא תאכל דם מוקים ליה תורת כהנים להזהיר גדולים על הקטנים:
Keritot,12,0,בפרק שני,"אשם לאו דוקא נקט דהא אשכחן אשם אמזיד בפרק שני (לקמן כריתות ח:) ד' מביאין על הזדון: 
"
Keritot,19,1,בפרק קמא,וטומאת מקדש - בשוגג ובטוי שפתים כולהו כתיבי בהדדי בפרשת ויקרא גבי קרבן עולה ויורד דהא קרא דאו נפש כי תגע בכל דבר טמא וגו' בטומאת מקדש וקדשיו משתעי כדמפרש בפרק קמא דשבועות (דף ז.):
Keritot,33,0,בפרק בתרא,אפשר לברר איסורו - דאשם תלוי אינו בא אלא להגין מן הייסורין עד שיוודע לו ויביא חטאת כדמפרש בפרק בתרא (לקמן כריתות כה.) הילכך שתי חתיכות [ואכל אחת] ונשארה האחת אפשר שיבוא לאחר זמן בקי שיכיר אם זו הנותרת שומן ודאי חלב אכל ויביא חטאת אבל חתיכה אחת ואכלה אי אפשר לבררה: 
Keritot,34,0,בפרק בתרא,מתנדב אדם כו' - טעמיה דר' אליעזר בגמרא מפרש בפרק בתרא (לקמן כריתות כה.):
Keritot,34,0,בפרק בתרא,אמר רב אשי - האי דבעינן מקצת איסורא לרבי אליעזר אליבא דבבא בן בוטא קאמר דאמר בפרק בתרא (שם) שהיה מביא אשם תלוי בכל יום חוץ ממוצאי יום הכיפורים אמר המעון הזה אילו מניחים אותי הייתי מביא אלא אומרים לי (כו') המתן עד שתיכנס לבית הספק כלומר המתן עד למחר שיש מקצת ספק שמא חטאת היום אבל מוצאי יום הכיפורים אין לחוש בכך דהא כיפר עליו יום הכיפורים על ספקו כדאמרינן בפרק בתרא (שם) חייבי אשמות תלויין שעבר עליהן יום הכיפורים פטורין ואליבא דהאי בעינן מקצת ספק כגון חתיכה אחת אפילו לר' אליעזר אבל רבנן דפליגי אדר' אליעזר בפרק בתרא (שם) דאמרי אין מביאין אשם תלוי אלא על דבר שזדונו כרת ואי מייתי הוי מכניס חולין לעזרה הכא נמי פטרי דדוקא בעינן כדקרינן מצוות:
Keritot,36,0,בפרק שני,ר' ישמעאל כו' - בפרק שני דשבועות (דף יד:):
Keritot,41,0,בפרק קמא,התרו בו משום שרץ לוקה - כדאמרינן בפרק קמא (לעיל כריתות דף ד:) וזה לכם הטמא לימד על דם השרץ ובשרו שמצטרפין לכזית לאכילה אלמא דם שרצים כבשרן:
Keritot,47,0,בפרק שני,"הכותב נכסיו - שכיב מרע. בפרק שני דשחיטת חולין (דף לט:) מוקמינן פלוגתא בשזיכה לו שטר מתנה על ידי אחר ושתק ולבסוף צווח רבנן סברי מדאישתיק מינח ניחא ליה וקנאה והשתא הוא דהדר ביה ור""ש סבר הוכיח סופו על תחלתו שלא נתרצה בתחלה:"
Keritot,49,0,בפרק קמא,דלא בא לכפר על עבירות מצוה ידועה - כדאמר בפרק קמא דשבועות (דף ב.) על טומאה שיש בה ידיעה בתחלה כשנטמא ידע ואין בה ידיעה בסוף כשנכנס לא ידע שהוא טמא וכשיצא לא נודע לו שנכנס בטומאה שיביא קרבן שעיר הנעשה בפנים ויום הכפורים תולה עד שיודע שנכנס למקדש טמא ויביא בעולה ויורד אבל נודע לו שחטא ונכנס למקדש בטומאה אינו מכפר הילכך לא מכפר החטאים דבני קרבן משום דזוטרא כפרתיה אבל שעיר המשתלח דנפישא כפרה דיליה דמכפר על עבירה שנודע לו שחטא כדאמרינן בפרק קמא דשבועות (שם:) על כל עבירות שבתורה הזדונות והשגגות הודע ולא הודע כו' אימא דעל חטאים דבני קרבן נמי מכפר:
Keritot,50,0,בפרק שני,ספק מצורע - מפרש במסכת נזיר בפרק שני נזירים (נזיר דף ס.) דמייתי קרבן וכן נזיר שנטמא בספק. ספק מצורע כגון ספק קדם שער לבן לבהרת וטהור ספק בהרת ללבן וטמא:
Keritot,50,1,בפרק שני,לא נייתי - חטאת העוף הבא על הספק דאמרינן במסכת נזיר בפרק שני נזירים דמייתי:
